ID,SEROTYPE,ST,Origin,Country,COMMENT,PEN_MIC,AMC_MIC,CRO_MIC,ERY_MIC,CLI_MIC,LVX_MIC,MFX_MIC,SXT_MIC,PEN_log2,PEN_SIR,PEN_NS,AMC_log2,AMC_SIR,AMC_NS,CRO_log2,CRO_SIR,CRO_NS,ERY_log2,ERY_SIR,ERY_NS,CLI_log2,CLI_SIR,CLI_NS,LVX_log2,LVX_SIR,LVX_NS,MFX_log2,MFX_SIR,MFX_NS,SXT_log2,SXT_SIR,SXT_NS,ST_raw,ST_nonstd
100,6A,15667,Domestic,China,,0.125,0.25,0.25,16.0,16.0,1.0,0.125,2.0,-3.0,I,1,-2.0,S,0,-2.0,S,0,4.0,R,1,4.0,R,1,0.0,S,0,-3.0,S,0,1.0,I,1,15667,False
101,23F,13646,Domestic,China,,0.125,0.25,0.25,16.0,0.25,1.0,0.125,2.0,-3.0,I,1,-2.0,S,0,-2.0,S,0,4.0,R,1,-2.0,S,0,0.0,S,0,-3.0,S,0,1.0,I,1,13646,False
103,19F,5244,Domestic,China,,2.0,1.0,0.25,8.0,0.25,0.5,0.125,1.0,1.0,R,1,0.0,S,0,-2.0,S,0,3.0,R,1,-2.0,S,0,-1.0,S,0,-3.0,S,0,0.0,I,1,5244,False
104,19F,236,Domestic,China,,1.0,0.5,0.25,16.0,16.0,1.0,0.125,0.25,0.0,I,1,-1.0,S,0,-2.0,S,0,4.0,R,1,4.0,R,1,0.0,S,0,-3.0,S,0,-2.0,S,0,236,False
105,19F,236,Domestic,China,,1.0,0.5,0.25,16.0,16.0,1.0,0.125,4.0,0.0,I,1,-1.0,S,0,-2.0,S,0,4.0,R,1,4.0,R,1,0.0,S,0,-3.0,S,0,2.0,R,1,236,False
106,19F,505,Domestic,China,,0.125,0.25,0.25,1.0,8.0,0.5,0.064,0.125,-3.0,I,1,-2.0,S,0,-2.0,S,0,0.0,R,1,3.0,R,1,-1.0,S,0,-4.0,S,0,-3.0,S,0,505,False
107,19A,320,Domestic,China,,4.0,4.0,1.0,16.0,16.0,1.0,0.125,4.0,2.0,R,1,2.0,I,1,0.0,S,0,4.0,R,1,4.0,R,1,0.0,S,0,-3.0,S,0,2.0,R,1,320,False
108,14,876,Domestic,China,,1.0,1.0,0.25,4.0,8.0,8.0,2.0,0.25,0.0,I,1,0.0,S,0,-2.0,S,0,2.0,R,1,3.0,R,1,3.0,R,1,1.0,I,1,-2.0,S,0,876,False
109,28A,6227,Domestic,China,,2.0,1.0,0.5,16.0,16.0,0.5,0.125,4.0,1.0,R,1,0.0,S,0,-1.0,S,0,4.0,R,1,4.0,R,1,-1.0,S,0,-3.0,S,0,2.0,R,1,6227,False
11,15F,9785,Domestic,China,,4.0,4.0,2.0,16.0,16.0,1.0,0.064,8.0,2.0,R,1,2.0,I,1,1.0,I,1,4.0,R,1,4.0,R,1,0.0,S,0,-4.0,S,0,3.0,R,1,9785,False
111,19A,15272,Domestic,China,,0.125,0.25,0.25,16.0,16.0,1.0,0.125,0.064,-3.0,I,1,-2.0,S,0,-2.0,S,0,4.0,R,1,4.0,R,1,0.0,S,0,-3.0,S,0,-4.0,S,0,15272,False
112,23B,13025,Domestic,China,,1.0,4.0,1.0,16.0,16.0,0.5,0.125,4.0,0.0,I,1,2.0,I,1,0.0,S,0,4.0,R,1,4.0,R,1,-1.0,S,0,-3.0,S,0,2.0,R,1,13025,False
113,7F,11967,Domestic,China,,0.25,1.0,0.5,16.0,16.0,2.0,0.25,8.0,-2.0,I,1,0.0,S,0,-1.0,S,0,4.0,R,1,4.0,R,1,1.0,S,0,-2.0,S,0,3.0,R,1,11967,False
116,19F,13646,Domestic,China,,0.125,0.25,0.25,16.0,16.0,1.0,0.25,8.0,-3.0,I,1,-2.0,S,0,-2.0,S,0,4.0,R,1,4.0,R,1,0.0,S,0,-2.0,S,0,3.0,R,1,13646,False
117,19F,271,Domestic,China,,4.0,8.0,4.0,16.0,16.0,1.0,0.25,16.0,2.0,R,1,3.0,R,1,2.0,R,1,4.0,R,1,4.0,R,1,0.0,S,0,-2.0,S,0,4.0,R,1,271,False
118,19F,3500,Domestic,China,,4.0,8.0,8.0,16.0,0.25,1.0,0.25,16.0,2.0,R,1,3.0,R,1,3.0,R,1,4.0,R,1,-2.0,S,0,0.0,S,0,-2.0,S,0,4.0,R,1,3500,False
12,28F,180,Domestic,China,,0.125,0.25,0.25,16.0,0.25,1.0,0.125,0.064,-3.0,I,1,-2.0,S,0,-2.0,S,0,4.0,R,1,-2.0,S,0,0.0,S,0,-3.0,S,0,-4.0,S,0,180,False
120,19F,271,Domestic,China,,4.0,8.0,8.0,16.0,16.0,1.0,0.25,16.0,2.0,R,1,3.0,R,1,3.0,R,1,4.0,R,1,4.0,R,1,0.0,S,0,-2.0,S,0,4.0,R,1,271,False
121,23F,242,Domestic,China,,1.0,1.0,4.0,16.0,16.0,0.5,0.125,4.0,0.0,I,1,0.0,S,0,2.0,R,1,4.0,R,1,4.0,R,1,-1.0,S,0,-3.0,S,0,2.0,R,1,242,False
122,28F,81,Domestic,China,,2.0,1.0,4.0,16.0,16.0,1.0,0.125,4.0,1.0,R,1,0.0,S,0,2.0,R,1,4.0,R,1,4.0,R,1,0.0,S,0,-3.0,S,0,2.0,R,1,81,False
123,10A,4113,Domestic,China,,0.125,0.25,0.5,16.0,16.0,1.0,0.125,4.0,-3.0,I,1,-2.0,S,0,-1.0,S,0,4.0,R,1,4.0,R,1,0.0,S,0,-3.0,S,0,2.0,R,1,4113,False
124,14,143,Domestic,China,,0.125,0.25,0.5,16.0,16.0,0.5,0.064,0.125,-3.0,I,1,-2.0,S,0,-1.0,S,0,4.0,R,1,4.0,R,1,-1.0,S,0,-4.0,S,0,-3.0,S,0,143,False
125,19A,320,Domestic,China,,4.0,8.0,8.0,16.0,16.0,1.0,0.25,8.0,2.0,R,1,3.0,R,1,3.0,R,1,4.0,R,1,4.0,R,1,0.0,S,0,-2.0,S,0,3.0,R,1,320,False
127,19A,902,Domestic,China,,4.0,1.0,1.0,16.0,16.0,0.5,0.125,1.0,2.0,R,1,0.0,S,0,0.0,S,0,4.0,R,1,4.0,R,1,-1.0,S,0,-3.0,S,0,0.0,I,1,902,False
128,19A,320,Domestic,China,,4.0,4.0,1.0,16.0,0.5,1.0,0.125,4.0,2.0,R,1,2.0,I,1,0.0,S,0,4.0,R,1,-1.0,I,1,0.0,S,0,-3.0,S,0,2.0,R,1,320,False
129,19F,271,Domestic,China,,8.0,8.0,4.0,16.0,16.0,1.0,0.125,16.0,3.0,R,1,3.0,R,1,2.0,R,1,4.0,R,1,4.0,R,1,0.0,S,0,-3.0,S,0,4.0,R,1,271,False
131,15B,3397,Domestic,China,,2.0,1.0,1.0,16.0,16.0,0.5,0.064,4.0,1.0,R,1,0.0,S,0,0.0,S,0,4.0,R,1,4.0,R,1,-1.0,S,0,-4.0,S,0,2.0,R,1,3397,False
132,15B,8589,Domestic,China,contamination,0.125,0.25,0.25,16.0,16.0,1.0,0.125,16.0,-3.0,I,1,-2.0,S,0,-2.0,S,0,4.0,R,1,4.0,R,1,0.0,S,0,-3.0,S,0,4.0,R,1,8589,False
134,19A,271,Domestic,China,,2.0,1.0,4.0,16.0,16.0,1.0,0.25,16.0,1.0,R,1,0.0,S,0,2.0,R,1,4.0,R,1,4.0,R,1,0.0,S,0,-2.0,S,0,4.0,R,1,271,False
135,15A,11972,Domestic,China,,2.0,2.0,1.0,16.0,16.0,1.0,0.125,0.125,1.0,R,1,1.0,S,0,0.0,S,0,4.0,R,1,4.0,R,1,0.0,S,0,-3.0,S,0,-3.0,S,0,11972,False
136,19A,6227,Domestic,China,,1.0,1.0,0.25,16.0,16.0,1.0,0.125,8.0,0.0,I,1,0.0,S,0,-2.0,S,0,4.0,R,1,4.0,R,1,0.0,S,0,-3.0,S,0,3.0,R,1,6227,False
137,19F,16240,Domestic,China,,0.5,0.25,0.25,8.0,16.0,1.0,0.125,0.064,-1.0,I,1,-2.0,S,0,-2.0,S,0,3.0,R,1,4.0,R,1,0.0,S,0,-3.0,S,0,-4.0,S,0,16240,False
138,28A,9396,Domestic,China,,2.0,2.0,0.5,16.0,16.0,0.5,0.064,8.0,1.0,R,1,1.0,S,0,-1.0,S,0,4.0,R,1,4.0,R,1,-1.0,S,0,-4.0,S,0,3.0,R,1,9396,False
139,14,2248,Domestic,China,,4.0,2.0,1.0,16.0,16.0,1.0,0.125,8.0,2.0,R,1,1.0,S,0,0.0,S,0,4.0,R,1,4.0,R,1,0.0,S,0,-3.0,S,0,3.0,R,1,2248,False
141,15A,11972,Domestic,China,,2.0,2.0,0.5,16.0,16.0,1.0,0.125,0.25,1.0,R,1,1.0,S,0,-1.0,S,0,4.0,R,1,4.0,R,1,0.0,S,0,-3.0,S,0,-2.0,S,0,11972,False
142,14,4652,Domestic,China,,4.0,4.0,1.0,16.0,16.0,1.0,0.125,16.0,2.0,R,1,2.0,I,1,0.0,S,0,4.0,R,1,4.0,R,1,0.0,S,0,-3.0,S,0,4.0,R,1,4652,False
143,19F,271,Domestic,China,,8.0,8.0,4.0,16.0,16.0,1.0,0.25,16.0,3.0,R,1,3.0,R,1,2.0,R,1,4.0,R,1,4.0,R,1,0.0,S,0,-2.0,S,0,4.0,R,1,271,False
144,2,2296,Domestic,China,contamination,0.125,0.25,0.25,16.0,16.0,1.0,0.125,0.125,-3.0,I,1,-2.0,S,0,-2.0,S,0,4.0,R,1,4.0,R,1,0.0,S,0,-3.0,S,0,-3.0,S,0,2296,False
145,2,2296,Domestic,China,contamination,0.125,0.25,0.25,16.0,16.0,1.0,0.125,0.125,-3.0,I,1,-2.0,S,0,-2.0,S,0,4.0,R,1,4.0,R,1,0.0,S,0,-3.0,S,0,-3.0,S,0,2296,False
146,24F,2754,Domestic,China,,0.125,0.25,0.25,16.0,16.0,1.0,0.125,16.0,-3.0,I,1,-2.0,S,0,-2.0,S,0,4.0,R,1,4.0,R,1,0.0,S,0,-3.0,S,0,4.0,R,1,2754,False
147,14,876,Domestic,China,,2.0,1.0,0.5,16.0,16.0,1.0,0.125,0.25,1.0,R,1,0.0,S,0,-1.0,S,0,4.0,R,1,4.0,R,1,0.0,S,0,-3.0,S,0,-2.0,S,0,876,False
148,23F,90,Domestic,China,,2.0,2.0,1.0,16.0,16.0,1.0,0.125,8.0,1.0,R,1,1.0,S,0,0.0,S,0,4.0,R,1,4.0,R,1,0.0,S,0,-3.0,S,0,3.0,R,1,90,False
149,19F,7962,Domestic,China,,4.0,8.0,1.0,16.0,16.0,1.0,0.125,16.0,2.0,R,1,3.0,R,1,0.0,S,0,4.0,R,1,4.0,R,1,0.0,S,0,-3.0,S,0,4.0,R,1,7962,False
15,23F,876,Domestic,China,,4.0,2.0,1.0,16.0,8.0,1.0,0.125,0.25,2.0,R,1,1.0,S,0,0.0,S,0,4.0,R,1,3.0,R,1,0.0,S,0,-3.0,S,0,-2.0,S,0,876,False
150,14,876,Domestic,China,,4.0,1.0,0.5,16.0,16.0,1.0,0.125,0.25,2.0,R,1,0.0,S,0,-1.0,S,0,4.0,R,1,4.0,R,1,0.0,S,0,-3.0,S,0,-2.0,S,0,876,False
151,14,876,Domestic,China,,2.0,1.0,0.5,16.0,16.0,1.0,0.125,0.25,1.0,R,1,0.0,S,0,-1.0,S,0,4.0,R,1,4.0,R,1,0.0,S,0,-3.0,S,0,-2.0,S,0,876,False
152,19A,271,Domestic,China,,8.0,8.0,4.0,16.0,16.0,1.0,0.25,16.0,3.0,R,1,3.0,R,1,2.0,R,1,4.0,R,1,4.0,R,1,0.0,S,0,-2.0,S,0,4.0,R,1,271,False
153,23F,13646,Domestic,China,,0.125,0.25,0.25,16.0,16.0,1.0,0.125,4.0,-3.0,I,1,-2.0,S,0,-2.0,S,0,4.0,R,1,4.0,R,1,0.0,S,0,-3.0,S,0,2.0,R,1,13646,False
154,23F,16240,Domestic,China,contamination,2.0,2.0,0.5,16.0,16.0,1.0,0.125,8.0,1.0,R,1,1.0,S,0,-1.0,S,0,4.0,R,1,4.0,R,1,0.0,S,0,-3.0,S,0,3.0,R,1,16240,False
155,23F,230,Domestic,China,,2.0,2.0,0.5,16.0,16.0,1.0,0.125,8.0,1.0,R,1,1.0,S,0,-1.0,S,0,4.0,R,1,4.0,R,1,0.0,S,0,-3.0,S,0,3.0,R,1,230,False
158,8,3500,Domestic,China,,0.125,0.25,0.25,16.0,16.0,1.0,0.125,0.125,-3.0,I,1,-2.0,S,0,-2.0,S,0,4.0,R,1,4.0,R,1,0.0,S,0,-3.0,S,0,-3.0,S,0,3500,False
159,19A,320,Domestic,China,,4.0,8.0,1.0,16.0,16.0,1.0,0.125,8.0,2.0,R,1,3.0,R,1,0.0,S,0,4.0,R,1,4.0,R,1,0.0,S,0,-3.0,S,0,3.0,R,1,320,False
16,25F,242,Domestic,China,,4.0,2.0,1.0,16.0,8.0,0.5,0.064,4.0,2.0,R,1,1.0,S,0,0.0,S,0,4.0,R,1,3.0,R,1,-1.0,S,0,-4.0,S,0,2.0,R,1,242,False
160,19A,236,Domestic,China,,0.5,0.5,0.25,16.0,16.0,1.0,0.064,0.25,-1.0,I,1,-1.0,S,0,-2.0,S,0,4.0,R,1,4.0,R,1,0.0,S,0,-4.0,S,0,-2.0,S,0,236,False
162,3,271,Domestic,China,,4.0,8.0,4.0,16.0,16.0,1.0,0.125,16.0,2.0,R,1,3.0,R,1,2.0,R,1,4.0,R,1,4.0,R,1,0.0,S,0,-3.0,S,0,4.0,R,1,271,False
163,20,6935,Domestic,China,contamination,0.125,0.25,0.25,16.0,16.0,1.0,0.125,0.5,-3.0,I,1,-2.0,S,0,-2.0,S,0,4.0,R,1,4.0,R,1,0.0,S,0,-3.0,S,0,-1.0,S,0,6935,False
164,19F,6935,Domestic,China,contamination,0.125,0.25,0.25,16.0,16.0,1.0,0.125,0.5,-3.0,I,1,-2.0,S,0,-2.0,S,0,4.0,R,1,4.0,R,1,0.0,S,0,-3.0,S,0,-1.0,S,0,6935,False
165,14,876,Domestic,China,,2.0,0.5,0.5,16.0,16.0,1.0,0.125,16.0,1.0,R,1,-1.0,S,0,-1.0,S,0,4.0,R,1,4.0,R,1,0.0,S,0,-3.0,S,0,4.0,R,1,876,False
167,23F,81,Domestic,China,,2.0,1.0,1.0,16.0,16.0,1.0,0.125,8.0,1.0,R,1,0.0,S,0,0.0,S,0,4.0,R,1,4.0,R,1,0.0,S,0,-3.0,S,0,3.0,R,1,81,False
168,19F,13646,Domestic,China,,0.125,0.25,0.25,16.0,16.0,1.0,0.125,8.0,-3.0,I,1,-2.0,S,0,-2.0,S,0,4.0,R,1,4.0,R,1,0.0,S,0,-3.0,S,0,3.0,R,1,13646,False
169,6A,8738,Domestic,China,,4.0,2.0,1.0,16.0,16.0,1.0,0.125,8.0,2.0,R,1,1.0,S,0,0.0,S,0,4.0,R,1,4.0,R,1,0.0,S,0,-3.0,S,0,3.0,R,1,8738,False
170,14,876,Domestic,China,,2.0,1.0,0.5,16.0,16.0,1.0,0.125,0.25,1.0,R,1,0.0,S,0,-1.0,S,0,4.0,R,1,4.0,R,1,0.0,S,0,-3.0,S,0,-2.0,S,0,876,False
172,19A,876,Domestic,China,,4.0,4.0,1.0,16.0,16.0,1.0,0.125,16.0,2.0,R,1,2.0,I,1,0.0,S,0,4.0,R,1,4.0,R,1,0.0,S,0,-3.0,S,0,4.0,R,1,876,False
173,10B,2296,Domestic,China,contamination,0.125,0.25,0.25,8.0,16.0,1.0,0.125,0.125,-3.0,I,1,-2.0,S,0,-2.0,S,0,3.0,R,1,4.0,R,1,0.0,S,0,-3.0,S,0,-3.0,S,0,2296,False
174,19F,271,Domestic,China,,8.0,8.0,4.0,16.0,16.0,1.0,0.125,16.0,3.0,R,1,3.0,R,1,2.0,R,1,4.0,R,1,4.0,R,1,0.0,S,0,-3.0,S,0,4.0,R,1,271,False
175,6A,15667,Domestic,China,,0.125,0.25,0.25,16.0,16.0,1.0,0.125,0.5,-3.0,I,1,-2.0,S,0,-2.0,S,0,4.0,R,1,4.0,R,1,0.0,S,0,-3.0,S,0,-1.0,S,0,15667,False
176,23F,13646,Domestic,China,,0.125,0.25,0.25,16.0,16.0,1.0,0.125,4.0,-3.0,I,1,-2.0,S,0,-2.0,S,0,4.0,R,1,4.0,R,1,0.0,S,0,-3.0,S,0,2.0,R,1,13646,False
177,3,8227,Domestic,China,,4.0,2.0,1.0,16.0,16.0,1.0,0.125,4.0,2.0,R,1,1.0,S,0,0.0,S,0,4.0,R,1,4.0,R,1,0.0,S,0,-3.0,S,0,2.0,R,1,8227,False
178,3,236,Domestic,China,,1.0,1.0,0.5,16.0,16.0,1.0,0.125,4.0,0.0,I,1,0.0,S,0,-1.0,S,0,4.0,R,1,4.0,R,1,0.0,S,0,-3.0,S,0,2.0,R,1,236,False
180,19F,7397,Domestic,China,,0.125,0.25,0.25,16.0,16.0,1.0,0.125,2.0,-3.0,I,1,-2.0,S,0,-2.0,S,0,4.0,R,1,4.0,R,1,0.0,S,0,-3.0,S,0,1.0,I,1,7397,False
184,6A,9789,Domestic,China,,2.0,1.0,0.5,16.0,16.0,1.0,0.125,4.0,1.0,R,1,0.0,S,0,-1.0,S,0,4.0,R,1,4.0,R,1,0.0,S,0,-3.0,S,0,2.0,R,1,9789,False
185,14,876,Domestic,China,,2.0,1.0,0.5,16.0,16.0,0.5,0.064,0.25,1.0,R,1,0.0,S,0,-1.0,S,0,4.0,R,1,4.0,R,1,-1.0,S,0,-4.0,S,0,-2.0,S,0,876,False
186,19F,90,Domestic,China,,1.0,2.0,1.0,16.0,16.0,0.5,0.064,8.0,0.0,I,1,1.0,S,0,0.0,S,0,4.0,R,1,4.0,R,1,-1.0,S,0,-4.0,S,0,3.0,R,1,90,False
187,15C,4593,Domestic,China,,0.125,0.25,0.25,16.0,16.0,0.5,0.064,0.25,-3.0,I,1,-2.0,S,0,-2.0,S,0,4.0,R,1,4.0,R,1,-1.0,S,0,-4.0,S,0,-2.0,S,0,4593,False
188,19F,271,Domestic,China,,4.0,8.0,4.0,16.0,16.0,1.0,0.125,16.0,2.0,R,1,3.0,R,1,2.0,R,1,4.0,R,1,4.0,R,1,0.0,S,0,-3.0,S,0,4.0,R,1,271,False
189,16A,8250,Domestic,China,contamination,0.125,0.25,0.25,4.0,0.25,1.0,0.125,0.125,-3.0,I,1,-2.0,S,0,-2.0,S,0,2.0,R,1,-2.0,S,0,0.0,S,0,-3.0,S,0,-3.0,S,0,8250,False
19,19F,271,Domestic,China,,4.0,8.0,2.0,16.0,16.0,1.0,0.125,16.0,2.0,R,1,3.0,R,1,1.0,I,1,4.0,R,1,4.0,R,1,0.0,S,0,-3.0,S,0,4.0,R,1,271,False
192,23B,1437,Domestic,China,,0.5,0.5,1.0,16.0,16.0,1.0,0.125,1.0,-1.0,I,1,-1.0,S,0,0.0,S,0,4.0,R,1,4.0,R,1,0.0,S,0,-3.0,S,0,0.0,I,1,1437,False
193,14,386,Domestic,China,,2.0,1.0,0.5,16.0,16.0,0.5,0.064,0.25,1.0,R,1,0.0,S,0,-1.0,S,0,4.0,R,1,4.0,R,1,-1.0,S,0,-4.0,S,0,-2.0,S,0,386,False
195,19F,271,Domestic,China,,4.0,8.0,8.0,16.0,16.0,1.0,0.125,16.0,2.0,R,1,3.0,R,1,3.0,R,1,4.0,R,1,4.0,R,1,0.0,S,0,-3.0,S,0,4.0,R,1,271,False
196,33F,8250,Domestic,China,,0.125,0.25,0.25,16.0,16.0,1.0,0.25,0.125,-3.0,I,1,-2.0,S,0,-2.0,S,0,4.0,R,1,4.0,R,1,0.0,S,0,-2.0,S,0,-3.0,S,0,8250,False
197,6A,9789,Domestic,China,,0.25,0.25,0.25,16.0,8.0,1.0,0.064,4.0,-2.0,I,1,-2.0,S,0,-2.0,S,0,4.0,R,1,3.0,R,1,0.0,S,0,-4.0,S,0,2.0,R,1,9789,False
198,19F,6993,Domestic,China,,4.0,2.0,8.0,16.0,16.0,0.5,0.125,16.0,2.0,R,1,1.0,S,0,3.0,R,1,4.0,R,1,4.0,R,1,-1.0,S,0,-3.0,S,0,4.0,R,1,6993,False
199,19F,505,Domestic,China,,0.125,0.25,0.25,8.0,16.0,1.0,0.125,0.064,-3.0,I,1,-2.0,S,0,-2.0,S,0,3.0,R,1,4.0,R,1,0.0,S,0,-3.0,S,0,-4.0,S,0,505,False
200,14,876,Domestic,China,,4.0,4.0,1.0,16.0,16.0,0.5,0.125,8.0,2.0,R,1,2.0,I,1,0.0,S,0,4.0,R,1,4.0,R,1,-1.0,S,0,-3.0,S,0,3.0,R,1,876,False
201,14,13646,Domestic,China,,0.125,0.25,0.25,16.0,16.0,1.0,0.125,4.0,-3.0,I,1,-2.0,S,0,-2.0,S,0,4.0,R,1,4.0,R,1,0.0,S,0,-3.0,S,0,2.0,R,1,13646,False
202,14,876,Domestic,China,,1.0,1.0,0.5,16.0,16.0,1.0,0.125,0.25,0.0,I,1,0.0,S,0,-1.0,S,0,4.0,R,1,4.0,R,1,0.0,S,0,-3.0,S,0,-2.0,S,0,876,False
203,19F,271,Domestic,China,,4.0,8.0,2.0,16.0,16.0,0.5,0.125,16.0,2.0,R,1,3.0,R,1,1.0,I,1,4.0,R,1,4.0,R,1,-1.0,S,0,-3.0,S,0,4.0,R,1,271,False
204,4,6832,Domestic,China,,0.125,0.25,0.25,16.0,16.0,1.0,0.125,0.25,-3.0,I,1,-2.0,S,0,-2.0,S,0,4.0,R,1,4.0,R,1,0.0,S,0,-3.0,S,0,-2.0,S,0,6832,False
205,6B,90,Domestic,China,,2.0,2.0,0.5,16.0,16.0,0.5,0.125,8.0,1.0,R,1,1.0,S,0,-1.0,S,0,4.0,R,1,4.0,R,1,-1.0,S,0,-3.0,S,0,3.0,R,1,90,False
206,23F,13646,Domestic,China,,0.125,0.25,0.25,16.0,16.0,1.0,0.125,8.0,-3.0,I,1,-2.0,S,0,-2.0,S,0,4.0,R,1,4.0,R,1,0.0,S,0,-3.0,S,0,3.0,R,1,13646,False
209,14,876,Domestic,China,,4.0,2.0,1.0,16.0,16.0,1.0,0.125,8.0,2.0,R,1,1.0,S,0,0.0,S,0,4.0,R,1,4.0,R,1,0.0,S,0,-3.0,S,0,3.0,R,1,876,False
210,6B,13025,Domestic,China,,2.0,2.0,1.0,16.0,16.0,0.5,0.064,4.0,1.0,R,1,1.0,S,0,0.0,S,0,4.0,R,1,4.0,R,1,-1.0,S,0,-4.0,S,0,2.0,R,1,13025,False
211,23F,81,Domestic,China,,2.0,2.0,1.0,16.0,16.0,1.0,0.125,8.0,1.0,R,1,1.0,S,0,0.0,S,0,4.0,R,1,4.0,R,1,0.0,S,0,-3.0,S,0,3.0,R,1,81,False
213,14,876,Domestic,China,,2.0,0.5,0.5,16.0,16.0,1.0,0.125,0.25,1.0,R,1,-1.0,S,0,-1.0,S,0,4.0,R,1,4.0,R,1,0.0,S,0,-3.0,S,0,-2.0,S,0,876,False
214,18C,870,Domestic,China,,0.125,0.25,0.25,16.0,16.0,1.0,0.125,4.0,-3.0,I,1,-2.0,S,0,-2.0,S,0,4.0,R,1,4.0,R,1,0.0,S,0,-3.0,S,0,2.0,R,1,870,False
216,14,876,Domestic,China,,2.0,1.0,1.0,16.0,16.0,1.0,0.125,0.25,1.0,R,1,0.0,S,0,0.0,S,0,4.0,R,1,4.0,R,1,0.0,S,0,-3.0,S,0,-2.0,S,0,876,False
217,23F,13646,Domestic,China,,0.125,0.25,0.25,16.0,16.0,1.0,0.125,8.0,-3.0,I,1,-2.0,S,0,-2.0,S,0,4.0,R,1,4.0,R,1,0.0,S,0,-3.0,S,0,3.0,R,1,13646,False
221,19A,271,Domestic,China,,4.0,8.0,4.0,16.0,16.0,0.5,0.125,16.0,2.0,R,1,3.0,R,1,2.0,R,1,4.0,R,1,4.0,R,1,-1.0,S,0,-3.0,S,0,4.0,R,1,271,False
223,14,876,Domestic,China,,1.0,0.5,0.5,16.0,16.0,1.0,0.125,0.125,0.0,I,1,-1.0,S,0,-1.0,S,0,4.0,R,1,4.0,R,1,0.0,S,0,-3.0,S,0,-3.0,S,0,876,False
224,14,876,Domestic,China,,1.0,0.5,0.5,16.0,16.0,1.0,0.125,0.125,0.0,I,1,-1.0,S,0,-1.0,S,0,4.0,R,1,4.0,R,1,0.0,S,0,-3.0,S,0,-3.0,S,0,876,False
225,17F,9992,Domestic,China,,0.125,0.25,0.25,16.0,0.25,0.5,0.125,8.0,-3.0,I,1,-2.0,S,0,-2.0,S,0,4.0,R,1,-2.0,S,0,-1.0,S,0,-3.0,S,0,3.0,R,1,9992,False
226,19F,320,Domestic,China,,4.0,8.0,2.0,16.0,2.0,1.0,0.125,4.0,2.0,R,1,3.0,R,1,1.0,I,1,4.0,R,1,1.0,R,1,0.0,S,0,-3.0,S,0,2.0,R,1,320,False
228,19F,1937,Domestic,China,,4.0,2.0,2.0,16.0,16.0,1.0,0.125,16.0,2.0,R,1,1.0,S,0,1.0,I,1,4.0,R,1,4.0,R,1,0.0,S,0,-3.0,S,0,4.0,R,1,1937,False
229,19A,271,Domestic,China,,4.0,8.0,4.0,16.0,16.0,1.0,0.125,8.0,2.0,R,1,3.0,R,1,2.0,R,1,4.0,R,1,4.0,R,1,0.0,S,0,-3.0,S,0,3.0,R,1,271,False
232,6B,3113,Domestic,China,,0.125,0.25,0.25,16.0,16.0,1.0,0.125,1.0,-3.0,I,1,-2.0,S,0,-2.0,S,0,4.0,R,1,4.0,R,1,0.0,S,0,-3.0,S,0,0.0,I,1,3113,False
234,13,6320,Domestic,China,contamination,0.125,0.25,0.5,8.0,16.0,1.0,0.125,0.5,-3.0,I,1,-2.0,S,0,-1.0,S,0,3.0,R,1,4.0,R,1,0.0,S,0,-3.0,S,0,-1.0,S,0,6320,False
235,19A,271,Domestic,China,,4.0,8.0,4.0,16.0,16.0,1.0,0.25,8.0,2.0,R,1,3.0,R,1,2.0,R,1,4.0,R,1,4.0,R,1,0.0,S,0,-2.0,S,0,3.0,R,1,271,False
236,23F,880,Domestic,China,,2.0,2.0,2.0,16.0,16.0,0.5,0.064,0.5,1.0,R,1,1.0,S,0,1.0,I,1,4.0,R,1,4.0,R,1,-1.0,S,0,-4.0,S,0,-1.0,S,0,880,False
237,23B,880,Domestic,China,,2.0,2.0,2.0,16.0,16.0,0.5,0.064,0.5,1.0,R,1,1.0,S,0,1.0,I,1,4.0,R,1,4.0,R,1,-1.0,S,0,-4.0,S,0,-1.0,S,0,880,False
238,23F,13646,Domestic,China,,0.125,0.25,0.25,16.0,16.0,0.5,0.125,4.0,-3.0,I,1,-2.0,S,0,-2.0,S,0,4.0,R,1,4.0,R,1,-1.0,S,0,-3.0,S,0,2.0,R,1,13646,False
242,19A,320,Domestic,China,,4.0,8.0,2.0,16.0,16.0,1.0,0.125,8.0,2.0,R,1,3.0,R,1,1.0,I,1,4.0,R,1,4.0,R,1,0.0,S,0,-3.0,S,0,3.0,R,1,320,False
243,14,2248,Domestic,China,,4.0,4.0,1.0,16.0,16.0,0.5,0.064,8.0,2.0,R,1,2.0,I,1,0.0,S,0,4.0,R,1,4.0,R,1,-1.0,S,0,-4.0,S,0,3.0,R,1,2248,False
245,14,876,Domestic,China,,1.0,2.0,0.25,16.0,16.0,0.5,0.064,4.0,0.0,I,1,1.0,S,0,-2.0,S,0,4.0,R,1,4.0,R,1,-1.0,S,0,-4.0,S,0,2.0,R,1,876,False
246,6B,505,Domestic,China,,0.25,0.25,0.5,16.0,16.0,1.0,0.125,0.064,-2.0,I,1,-2.0,S,0,-1.0,S,0,4.0,R,1,4.0,R,1,0.0,S,0,-3.0,S,0,-4.0,S,0,505,False
247,6A,230,Domestic,China,,2.0,2.0,1.0,16.0,16.0,1.0,0.125,8.0,1.0,R,1,1.0,S,0,0.0,S,0,4.0,R,1,4.0,R,1,0.0,S,0,-3.0,S,0,3.0,R,1,230,False
251,19A,6945,Domestic,China,,2.0,2.0,1.0,16.0,16.0,1.0,0.125,8.0,1.0,R,1,1.0,S,0,0.0,S,0,4.0,R,1,4.0,R,1,0.0,S,0,-3.0,S,0,3.0,R,1,6945,False
252,19F,6945,Domestic,China,,0.125,0.25,0.25,16.0,16.0,1.0,0.125,0.064,-3.0,I,1,-2.0,S,0,-2.0,S,0,4.0,R,1,4.0,R,1,0.0,S,0,-3.0,S,0,-4.0,S,0,6945,False
253,4,12202,Domestic,China,,0.125,0.25,0.25,8.0,16.0,1.0,0.25,2.0,-3.0,I,1,-2.0,S,0,-2.0,S,0,3.0,R,1,4.0,R,1,0.0,S,0,-2.0,S,0,1.0,I,1,12202,False
254,47,4389,Domestic,China,,0.125,0.25,0.25,0.25,0.25,1.0,0.125,0.125,-3.0,I,1,-2.0,S,0,-2.0,S,0,-2.0,S,0,-2.0,S,0,0.0,S,0,-3.0,S,0,-3.0,S,0,4389,False
259,19F,271,Domestic,China,,4.0,8.0,8.0,16.0,16.0,1.0,0.125,8.0,2.0,R,1,3.0,R,1,3.0,R,1,4.0,R,1,4.0,R,1,0.0,S,0,-3.0,S,0,3.0,R,1,271,False
260,19F,271,Domestic,China,,4.0,8.0,8.0,16.0,16.0,1.0,0.125,16.0,2.0,R,1,3.0,R,1,3.0,R,1,4.0,R,1,4.0,R,1,0.0,S,0,-3.0,S,0,4.0,R,1,271,False
261,19A,271,Domestic,China,,4.0,8.0,4.0,1.0,0.25,0.5,0.125,16.0,2.0,R,1,3.0,R,1,2.0,R,1,0.0,R,1,-2.0,S,0,-1.0,S,0,-3.0,S,0,4.0,R,1,271,False
263,23F,880,Domestic,China,,1.0,0.25,2.0,16.0,16.0,0.5,0.064,0.5,0.0,I,1,-2.0,S,0,1.0,I,1,4.0,R,1,4.0,R,1,-1.0,S,0,-4.0,S,0,-1.0,S,0,880,False
264,23F,880,Domestic,China,,4.0,4.0,8.0,16.0,16.0,0.5,0.064,0.5,2.0,R,1,2.0,I,1,3.0,R,1,4.0,R,1,4.0,R,1,-1.0,S,0,-4.0,S,0,-1.0,S,0,880,False
265,19F,236,Domestic,China,,2.0,1.0,1.0,16.0,16.0,1.0,0.125,8.0,1.0,R,1,0.0,S,0,0.0,S,0,4.0,R,1,4.0,R,1,0.0,S,0,-3.0,S,0,3.0,R,1,236,False
266,13,876,Domestic,China,,1.0,1.0,1.0,16.0,16.0,1.0,0.125,4.0,0.0,I,1,0.0,S,0,0.0,S,0,4.0,R,1,4.0,R,1,0.0,S,0,-3.0,S,0,2.0,R,1,876,False
269,15F,6339,Domestic,China,,4.0,4.0,1.0,16.0,16.0,0.5,0.125,8.0,2.0,R,1,2.0,I,1,0.0,S,0,4.0,R,1,4.0,R,1,-1.0,S,0,-3.0,S,0,3.0,R,1,6339,False
270,19F,271,Domestic,China,,4.0,8.0,4.0,16.0,16.0,1.0,0.125,16.0,2.0,R,1,3.0,R,1,2.0,R,1,4.0,R,1,4.0,R,1,0.0,S,0,-3.0,S,0,4.0,R,1,271,False
271,47,96,Domestic,China,,2.0,2.0,0.5,16.0,16.0,1.0,0.064,4.0,1.0,R,1,1.0,S,0,-1.0,S,0,4.0,R,1,4.0,R,1,0.0,S,0,-4.0,S,0,2.0,R,1,96,False
272,6B,6339,Domestic,China,,2.0,4.0,1.0,16.0,16.0,1.0,0.064,8.0,1.0,R,1,2.0,I,1,0.0,S,0,4.0,R,1,4.0,R,1,0.0,S,0,-4.0,S,0,3.0,R,1,6339,False
273,14,2248,Domestic,China,,4.0,1.0,1.0,16.0,16.0,0.5,0.064,8.0,2.0,R,1,0.0,S,0,0.0,S,0,4.0,R,1,4.0,R,1,-1.0,S,0,-4.0,S,0,3.0,R,1,2248,False
275,42,76,Domestic,China,,2.0,1.0,0.5,16.0,16.0,1.0,0.125,8.0,1.0,R,1,0.0,S,0,-1.0,S,0,4.0,R,1,4.0,R,1,0.0,S,0,-3.0,S,0,3.0,R,1,76,False
277,19F,271,Domestic,China,,4.0,4.0,4.0,16.0,16.0,1.0,0.125,16.0,2.0,R,1,2.0,I,1,2.0,R,1,4.0,R,1,4.0,R,1,0.0,S,0,-3.0,S,0,4.0,R,1,271,False
280,20,9114,Domestic,China,,0.125,0.25,0.25,16.0,16.0,1.0,0.125,8.0,-3.0,I,1,-2.0,S,0,-2.0,S,0,4.0,R,1,4.0,R,1,0.0,S,0,-3.0,S,0,3.0,R,1,9114,False
281,19F,236,Domestic,China,,1.0,1.0,0.5,16.0,16.0,1.0,0.125,0.5,0.0,I,1,0.0,S,0,-1.0,S,0,4.0,R,1,4.0,R,1,0.0,S,0,-3.0,S,0,-1.0,S,0,236,False
284,14,876,Domestic,China,,4.0,1.0,1.0,16.0,16.0,1.0,0.064,0.25,2.0,R,1,0.0,S,0,0.0,S,0,4.0,R,1,4.0,R,1,0.0,S,0,-4.0,S,0,-2.0,S,0,876,False
286,19A,320,Domestic,China,,4.0,4.0,1.0,16.0,16.0,1.0,0.125,8.0,2.0,R,1,2.0,I,1,0.0,S,0,4.0,R,1,4.0,R,1,0.0,S,0,-3.0,S,0,3.0,R,1,320,False
287,19A,876,Domestic,China,,4.0,1.0,1.0,16.0,16.0,1.0,0.125,0.25,2.0,R,1,0.0,S,0,0.0,S,0,4.0,R,1,4.0,R,1,0.0,S,0,-3.0,S,0,-2.0,S,0,876,False
288,6B,13025,Domestic,China,,2.0,2.0,1.0,16.0,16.0,1.0,0.064,4.0,1.0,R,1,1.0,S,0,0.0,S,0,4.0,R,1,4.0,R,1,0.0,S,0,-4.0,S,0,2.0,R,1,13025,False
289,19F,236,Domestic,China,,2.0,1.0,1.0,16.0,16.0,1.0,0.125,1.0,1.0,R,1,0.0,S,0,0.0,S,0,4.0,R,1,4.0,R,1,0.0,S,0,-3.0,S,0,0.0,I,1,236,False
292,19F,271,Domestic,China,,4.0,8.0,8.0,16.0,16.0,1.0,0.125,16.0,2.0,R,1,3.0,R,1,3.0,R,1,4.0,R,1,4.0,R,1,0.0,S,0,-3.0,S,0,4.0,R,1,271,False
299,19A,6011,Domestic,China,,0.125,0.25,0.25,16.0,16.0,1.0,0.125,0.125,-3.0,I,1,-2.0,S,0,-2.0,S,0,4.0,R,1,4.0,R,1,0.0,S,0,-3.0,S,0,-3.0,S,0,6011,False
3,19F,505,Domestic,China,,0.125,0.25,0.25,16.0,0.25,1.0,0.125,0.125,-3.0,I,1,-2.0,S,0,-2.0,S,0,4.0,R,1,-2.0,S,0,0.0,S,0,-3.0,S,0,-3.0,S,0,505,False
300,19A,320,Domestic,China,,4.0,4.0,1.0,16.0,16.0,1.0,0.125,8.0,2.0,R,1,2.0,I,1,0.0,S,0,4.0,R,1,4.0,R,1,0.0,S,0,-3.0,S,0,3.0,R,1,320,False
301,14,4661,Domestic,China,,0.125,0.25,0.25,16.0,16.0,2.0,0.125,0.125,-3.0,I,1,-2.0,S,0,-2.0,S,0,4.0,R,1,4.0,R,1,1.0,S,0,-3.0,S,0,-3.0,S,0,4661,False
302,14,876,Domestic,China,,1.0,0.5,0.5,16.0,16.0,1.0,0.064,0.125,0.0,I,1,-1.0,S,0,-1.0,S,0,4.0,R,1,4.0,R,1,0.0,S,0,-4.0,S,0,-3.0,S,0,876,False
304,14,2248,Domestic,China,,4.0,4.0,1.0,16.0,16.0,1.0,0.064,8.0,2.0,R,1,2.0,I,1,0.0,S,0,4.0,R,1,4.0,R,1,0.0,S,0,-4.0,S,0,3.0,R,1,2248,False
306,19A,320,Domestic,China,,4.0,8.0,1.0,16.0,16.0,1.0,0.125,8.0,2.0,R,1,3.0,R,1,0.0,S,0,4.0,R,1,4.0,R,1,0.0,S,0,-3.0,S,0,3.0,R,1,320,False
308,9A,1263,Domestic,China,contamination,0.125,0.25,0.25,16.0,16.0,2.0,0.125,8.0,-3.0,I,1,-2.0,S,0,-2.0,S,0,4.0,R,1,4.0,R,1,1.0,S,0,-3.0,S,0,3.0,R,1,1263,False
309,14,2248,Domestic,China,,0.25,0.25,0.5,16.0,16.0,1.0,0.125,8.0,-2.0,I,1,-2.0,S,0,-1.0,S,0,4.0,R,1,4.0,R,1,0.0,S,0,-3.0,S,0,3.0,R,1,2248,False
310,1,2296,Domestic,China,contamination,0.125,0.25,0.25,4.0,4.0,1.0,0.125,0.125,-3.0,I,1,-2.0,S,0,-2.0,S,0,2.0,R,1,2.0,R,1,0.0,S,0,-3.0,S,0,-3.0,S,0,2296,False
311,23F,6325,Domestic,China,,0.125,0.25,0.25,16.0,16.0,1.0,0.125,4.0,-3.0,I,1,-2.0,S,0,-2.0,S,0,4.0,R,1,4.0,R,1,0.0,S,0,-3.0,S,0,2.0,R,1,6325,False
312,19A,4317,Domestic,China,,0.125,0.25,0.5,16.0,16.0,1.0,0.125,8.0,-3.0,I,1,-2.0,S,0,-1.0,S,0,4.0,R,1,4.0,R,1,0.0,S,0,-3.0,S,0,3.0,R,1,4317,False
315,19F,236,Domestic,China,,2.0,0.5,1.0,16.0,16.0,1.0,0.125,1.0,1.0,R,1,-1.0,S,0,0.0,S,0,4.0,R,1,4.0,R,1,0.0,S,0,-3.0,S,0,0.0,I,1,236,False
318,19F,7962,Domestic,China,,4.0,4.0,1.0,16.0,16.0,2.0,0.125,16.0,2.0,R,1,2.0,I,1,0.0,S,0,4.0,R,1,4.0,R,1,1.0,S,0,-3.0,S,0,4.0,R,1,7962,False
320,19F,271,Domestic,China,,4.0,8.0,4.0,16.0,16.0,1.0,0.125,16.0,2.0,R,1,3.0,R,1,2.0,R,1,4.0,R,1,4.0,R,1,0.0,S,0,-3.0,S,0,4.0,R,1,271,False
321,14,876,Domestic,China,,2.0,2.0,1.0,16.0,16.0,2.0,0.125,0.25,1.0,R,1,1.0,S,0,0.0,S,0,4.0,R,1,4.0,R,1,1.0,S,0,-3.0,S,0,-2.0,S,0,876,False
322,19F,271,Domestic,China,,4.0,8.0,8.0,16.0,16.0,1.0,0.125,16.0,2.0,R,1,3.0,R,1,3.0,R,1,4.0,R,1,4.0,R,1,0.0,S,0,-3.0,S,0,4.0,R,1,271,False
323,5,289,Domestic,China,,0.125,0.25,0.25,16.0,16.0,1.0,0.125,2.0,-3.0,I,1,-2.0,S,0,-2.0,S,0,4.0,R,1,4.0,R,1,0.0,S,0,-3.0,S,0,1.0,I,1,289,False
324,18C,870,Domestic,China,,0.125,0.25,0.25,16.0,16.0,1.0,0.125,4.0,-3.0,I,1,-2.0,S,0,-2.0,S,0,4.0,R,1,4.0,R,1,0.0,S,0,-3.0,S,0,2.0,R,1,870,False
325,23F,13646,Domestic,China,,0.125,0.25,0.25,16.0,16.0,1.0,0.125,4.0,-3.0,I,1,-2.0,S,0,-2.0,S,0,4.0,R,1,4.0,R,1,0.0,S,0,-3.0,S,0,2.0,R,1,13646,False
327,5,289,Domestic,China,,0.125,0.25,0.25,16.0,16.0,1.0,0.125,1.0,-3.0,I,1,-2.0,S,0,-2.0,S,0,4.0,R,1,4.0,R,1,0.0,S,0,-3.0,S,0,0.0,I,1,289,False
328,12F,6945,Domestic,China,,0.125,0.25,0.25,8.0,16.0,1.0,0.125,0.064,-3.0,I,1,-2.0,S,0,-2.0,S,0,3.0,R,1,4.0,R,1,0.0,S,0,-3.0,S,0,-4.0,S,0,6945,False
329,4,5872,Domestic,China,,0.125,0.25,0.25,16.0,16.0,2.0,0.25,0.25,-3.0,I,1,-2.0,S,0,-2.0,S,0,4.0,R,1,4.0,R,1,1.0,S,0,-2.0,S,0,-2.0,S,0,5872,False
330,19F,271,Domestic,China,,4.0,8.0,4.0,16.0,16.0,1.0,0.125,16.0,2.0,R,1,3.0,R,1,2.0,R,1,4.0,R,1,4.0,R,1,0.0,S,0,-3.0,S,0,4.0,R,1,271,False
331,14,200,Domestic,China,,0.5,0.25,0.25,16.0,16.0,1.0,0.125,0.25,-1.0,I,1,-2.0,S,0,-2.0,S,0,4.0,R,1,4.0,R,1,0.0,S,0,-3.0,S,0,-2.0,S,0,200,False
333,9V,12669,Domestic,China,contamination,0.125,0.25,0.25,16.0,16.0,1.0,0.125,4.0,-3.0,I,1,-2.0,S,0,-2.0,S,0,4.0,R,1,4.0,R,1,0.0,S,0,-3.0,S,0,2.0,R,1,12669,False
334,14,876,Domestic,China,,2.0,1.0,1.0,16.0,16.0,1.0,0.125,0.25,1.0,R,1,0.0,S,0,0.0,S,0,4.0,R,1,4.0,R,1,0.0,S,0,-3.0,S,0,-2.0,S,0,876,False
335,19F,271,Domestic,China,,4.0,8.0,8.0,16.0,16.0,1.0,0.125,16.0,2.0,R,1,3.0,R,1,3.0,R,1,4.0,R,1,4.0,R,1,0.0,S,0,-3.0,S,0,4.0,R,1,271,False
44,19F,320,Domestic,China,,4.0,8.0,1.0,16.0,16.0,1.0,0.125,16.0,2.0,R,1,3.0,R,1,0.0,S,0,4.0,R,1,4.0,R,1,0.0,S,0,-3.0,S,0,4.0,R,1,320,False
46,19A,271,Domestic,China,,4.0,8.0,4.0,16.0,16.0,1.0,0.25,16.0,2.0,R,1,3.0,R,1,2.0,R,1,4.0,R,1,4.0,R,1,0.0,S,0,-2.0,S,0,4.0,R,1,271,False
48,19A,320,Domestic,China,,4.0,8.0,2.0,16.0,16.0,1.0,0.25,8.0,2.0,R,1,3.0,R,1,1.0,I,1,4.0,R,1,4.0,R,1,0.0,S,0,-2.0,S,0,3.0,R,1,320,False
49,28F,16240,Domestic,China,,0.25,0.25,0.25,16.0,16.0,1.0,0.125,8.0,-2.0,I,1,-2.0,S,0,-2.0,S,0,4.0,R,1,4.0,R,1,0.0,S,0,-3.0,S,0,3.0,R,1,16240,False
5,19A,902,Domestic,China,,2.0,2.0,1.0,16.0,4.0,1.0,0.125,1.0,1.0,R,1,1.0,S,0,0.0,S,0,4.0,R,1,2.0,R,1,0.0,S,0,-3.0,S,0,0.0,I,1,902,False
50,47A,16240,Domestic,China,,0.25,0.25,0.25,16.0,16.0,1.0,0.125,0.5,-2.0,I,1,-2.0,S,0,-2.0,S,0,4.0,R,1,4.0,R,1,0.0,S,0,-3.0,S,0,-1.0,S,0,16240,False
51,19F,271,Domestic,China,,4.0,8.0,8.0,16.0,16.0,1.0,0.125,16.0,2.0,R,1,3.0,R,1,3.0,R,1,4.0,R,1,4.0,R,1,0.0,S,0,-3.0,S,0,4.0,R,1,271,False
52,9V,2754,Domestic,China,contamination,0.125,0.25,0.25,16.0,16.0,1.0,0.125,16.0,-3.0,I,1,-2.0,S,0,-2.0,S,0,4.0,R,1,4.0,R,1,0.0,S,0,-3.0,S,0,4.0,R,1,2754,False
53,14,876,Domestic,China,,2.0,1.0,4.0,16.0,16.0,1.0,0.125,0.5,1.0,R,1,0.0,S,0,2.0,R,1,4.0,R,1,4.0,R,1,0.0,S,0,-3.0,S,0,-1.0,S,0,876,False
55,6A,3263,Domestic,China,,0.125,0.25,0.25,16.0,16.0,1.0,0.125,8.0,-3.0,I,1,-2.0,S,0,-2.0,S,0,4.0,R,1,4.0,R,1,0.0,S,0,-3.0,S,0,3.0,R,1,3263,False
56,14,9396,Domestic,China,,2.0,2.0,0.5,16.0,16.0,1.0,0.064,8.0,1.0,R,1,1.0,S,0,-1.0,S,0,4.0,R,1,4.0,R,1,0.0,S,0,-4.0,S,0,3.0,R,1,9396,False
57,6A,9789,Domestic,China,,2.0,2.0,0.5,16.0,16.0,0.5,0.064,4.0,1.0,R,1,1.0,S,0,-1.0,S,0,4.0,R,1,4.0,R,1,-1.0,S,0,-4.0,S,0,2.0,R,1,9789,False
59,19A,271,Domestic,China,,4.0,8.0,4.0,16.0,16.0,1.0,0.125,16.0,2.0,R,1,3.0,R,1,2.0,R,1,4.0,R,1,4.0,R,1,0.0,S,0,-3.0,S,0,4.0,R,1,271,False
6,19F,902,Domestic,China,,2.0,2.0,1.0,16.0,4.0,1.0,0.125,2.0,1.0,R,1,1.0,S,0,0.0,S,0,4.0,R,1,2.0,R,1,0.0,S,0,-3.0,S,0,1.0,I,1,902,False
60,19F,271,Domestic,China,,4.0,8.0,4.0,16.0,16.0,1.0,0.125,16.0,2.0,R,1,3.0,R,1,2.0,R,1,4.0,R,1,4.0,R,1,0.0,S,0,-3.0,S,0,4.0,R,1,271,False
61,23F,81,Domestic,China,,2.0,2.0,1.0,16.0,16.0,1.0,0.125,4.0,1.0,R,1,1.0,S,0,0.0,S,0,4.0,R,1,4.0,R,1,0.0,S,0,-3.0,S,0,2.0,R,1,81,False
62,14,876,Domestic,China,,2.0,1.0,1.0,16.0,16.0,1.0,0.125,0.125,1.0,R,1,0.0,S,0,0.0,S,0,4.0,R,1,4.0,R,1,0.0,S,0,-3.0,S,0,-3.0,S,0,876,False
64,16F,902,Domestic,China,,2.0,2.0,0.5,16.0,16.0,1.0,0.125,1.0,1.0,R,1,1.0,S,0,-1.0,S,0,4.0,R,1,4.0,R,1,0.0,S,0,-3.0,S,0,0.0,I,1,902,False
65,16F,90,Domestic,China,,2.0,4.0,1.0,16.0,16.0,0.5,0.064,4.0,1.0,R,1,2.0,I,1,0.0,S,0,4.0,R,1,4.0,R,1,-1.0,S,0,-4.0,S,0,2.0,R,1,90,False
66,28A,81,Domestic,China,,2.0,2.0,1.0,16.0,16.0,1.0,0.064,4.0,1.0,R,1,1.0,S,0,0.0,S,0,4.0,R,1,4.0,R,1,0.0,S,0,-4.0,S,0,2.0,R,1,81,False
67,19F,320,Domestic,China,,4.0,8.0,2.0,16.0,16.0,1.0,0.125,4.0,2.0,R,1,3.0,R,1,1.0,I,1,4.0,R,1,4.0,R,1,0.0,S,0,-3.0,S,0,2.0,R,1,320,False
68,19F,320,Domestic,China,,4.0,8.0,1.0,16.0,16.0,1.0,0.25,4.0,2.0,R,1,3.0,R,1,0.0,S,0,4.0,R,1,4.0,R,1,0.0,S,0,-2.0,S,0,2.0,R,1,320,False
69,19F,271,Domestic,China,,0.125,0.25,0.25,16.0,0.25,1.0,0.064,0.125,-3.0,I,1,-2.0,S,0,-2.0,S,0,4.0,R,1,-2.0,S,0,0.0,S,0,-4.0,S,0,-3.0,S,0,271,False
7,23F,876,Domestic,China,,2.0,2.0,1.0,16.0,4.0,1.0,0.125,0.25,1.0,R,1,1.0,S,0,0.0,S,0,4.0,R,1,2.0,R,1,0.0,S,0,-3.0,S,0,-2.0,S,0,876,False
70,19F,695,Domestic,China,,0.125,0.25,0.25,16.0,16.0,1.0,0.125,0.125,-3.0,I,1,-2.0,S,0,-2.0,S,0,4.0,R,1,4.0,R,1,0.0,S,0,-3.0,S,0,-3.0,S,0,695,False
71,14,876,Domestic,China,,2.0,2.0,1.0,16.0,16.0,1.0,0.125,0.125,1.0,R,1,1.0,S,0,0.0,S,0,4.0,R,1,4.0,R,1,0.0,S,0,-3.0,S,0,-3.0,S,0,876,False
72,19F,271,Domestic,China,,4.0,8.0,4.0,16.0,16.0,1.0,0.125,16.0,2.0,R,1,3.0,R,1,2.0,R,1,4.0,R,1,4.0,R,1,0.0,S,0,-3.0,S,0,4.0,R,1,271,False
75,13,876,Domestic,China,,2.0,1.0,1.0,16.0,16.0,1.0,0.125,0.125,1.0,R,1,0.0,S,0,0.0,S,0,4.0,R,1,4.0,R,1,0.0,S,0,-3.0,S,0,-3.0,S,0,876,False
76,28A,16240,Domestic,China,,0.25,0.25,0.25,16.0,16.0,1.0,0.125,4.0,-2.0,I,1,-2.0,S,0,-2.0,S,0,4.0,R,1,4.0,R,1,0.0,S,0,-3.0,S,0,2.0,R,1,16240,False
77,19A,271,Domestic,China,,4.0,8.0,8.0,2.0,0.25,1.0,0.25,16.0,2.0,R,1,3.0,R,1,3.0,R,1,1.0,R,1,-2.0,S,0,0.0,S,0,-2.0,S,0,4.0,R,1,271,False
78,19A,271,Domestic,China,,4.0,8.0,4.0,16.0,16.0,1.0,0.25,16.0,2.0,R,1,3.0,R,1,2.0,R,1,4.0,R,1,4.0,R,1,0.0,S,0,-2.0,S,0,4.0,R,1,271,False
79,19F,271,Domestic,China,,2.0,2.0,0.5,16.0,16.0,1.0,0.125,16.0,1.0,R,1,1.0,S,0,-1.0,S,0,4.0,R,1,4.0,R,1,0.0,S,0,-3.0,S,0,4.0,R,1,271,False
8,6B,505,Domestic,China,,0.125,0.25,0.25,16.0,0.25,1.0,0.125,0.125,-3.0,I,1,-2.0,S,0,-2.0,S,0,4.0,R,1,-2.0,S,0,0.0,S,0,-3.0,S,0,-3.0,S,0,505,False
80,19A,1937,Domestic,China,,4.0,4.0,4.0,16.0,16.0,1.0,0.125,16.0,2.0,R,1,2.0,I,1,2.0,R,1,4.0,R,1,4.0,R,1,0.0,S,0,-3.0,S,0,4.0,R,1,1937,False
81,6A,902,Domestic,China,,2.0,2.0,1.0,16.0,16.0,1.0,0.125,0.5,1.0,R,1,1.0,S,0,0.0,S,0,4.0,R,1,4.0,R,1,0.0,S,0,-3.0,S,0,-1.0,S,0,902,False
82,19F,320,Domestic,China,,4.0,8.0,1.0,16.0,16.0,1.0,0.064,4.0,2.0,R,1,3.0,R,1,0.0,S,0,4.0,R,1,4.0,R,1,0.0,S,0,-4.0,S,0,2.0,R,1,320,False
83,14,876,Domestic,China,,2.0,1.0,1.0,16.0,16.0,1.0,0.125,0.125,1.0,R,1,0.0,S,0,0.0,S,0,4.0,R,1,4.0,R,1,0.0,S,0,-3.0,S,0,-3.0,S,0,876,False
84,9V,1263,Domestic,China,contamination,0.125,0.25,0.25,16.0,4.0,1.0,0.064,4.0,-3.0,I,1,-2.0,S,0,-2.0,S,0,4.0,R,1,2.0,R,1,0.0,S,0,-4.0,S,0,2.0,R,1,1263,False
86,19F,320,Domestic,China,,4.0,8.0,2.0,16.0,16.0,1.0,0.25,4.0,2.0,R,1,3.0,R,1,1.0,I,1,4.0,R,1,4.0,R,1,0.0,S,0,-2.0,S,0,2.0,R,1,320,False
87,19F,8738,Domestic,China,,2.0,2.0,1.0,16.0,16.0,1.0,0.125,4.0,1.0,R,1,1.0,S,0,0.0,S,0,4.0,R,1,4.0,R,1,0.0,S,0,-3.0,S,0,2.0,R,1,8738,False
88,19F,271,Domestic,China,,2.0,4.0,2.0,16.0,16.0,1.0,0.25,16.0,1.0,R,1,2.0,I,1,1.0,I,1,4.0,R,1,4.0,R,1,0.0,S,0,-2.0,S,0,4.0,R,1,271,False
89,19F,271,Domestic,China,,2.0,4.0,2.0,16.0,16.0,1.0,0.25,16.0,1.0,R,1,2.0,I,1,1.0,I,1,4.0,R,1,4.0,R,1,0.0,S,0,-2.0,S,0,4.0,R,1,271,False
9,23B,81,Domestic,China,,2.0,1.0,1.0,16.0,8.0,1.0,0.125,4.0,1.0,R,1,0.0,S,0,0.0,S,0,4.0,R,1,3.0,R,1,0.0,S,0,-3.0,S,0,2.0,R,1,81,False
90,19F,505,Domestic,China,,0.125,0.25,0.25,8.0,16.0,0.5,0.125,0.125,-3.0,I,1,-2.0,S,0,-2.0,S,0,3.0,R,1,4.0,R,1,-1.0,S,0,-3.0,S,0,-3.0,S,0,505,False
91,19F,505,Domestic,China,,0.125,0.25,0.25,2.0,16.0,0.5,0.064,0.125,-3.0,I,1,-2.0,S,0,-2.0,S,0,1.0,R,1,4.0,R,1,-1.0,S,0,-4.0,S,0,-3.0,S,0,505,False
92,19A,2754,Domestic,China,,0.125,0.25,0.25,16.0,16.0,1.0,0.125,16.0,-3.0,I,1,-2.0,S,0,-2.0,S,0,4.0,R,1,4.0,R,1,0.0,S,0,-3.0,S,0,4.0,R,1,2754,False
93,19F,5242,Domestic,China,,0.25,0.25,0.25,0.5,0.25,1.0,0.125,0.125,-2.0,I,1,-2.0,S,0,-2.0,S,0,-1.0,I,1,-2.0,S,0,0.0,S,0,-3.0,S,0,-3.0,S,0,5242,False
94,28F,5242,Domestic,China,,0.5,0.25,0.25,1.0,0.25,1.0,0.125,0.125,-1.0,I,1,-2.0,S,0,-2.0,S,0,0.0,R,1,-2.0,S,0,0.0,S,0,-3.0,S,0,-3.0,S,0,5242,False
95,23A,5242,Domestic,China,,0.25,0.25,0.25,2.0,0.25,1.0,0.125,0.125,-2.0,I,1,-2.0,S,0,-2.0,S,0,1.0,R,1,-2.0,S,0,0.0,S,0,-3.0,S,0,-3.0,S,0,5242,False
96,11A,505,Domestic,China,,0.125,0.25,0.25,4.0,0.25,0.5,0.125,0.064,-3.0,I,1,-2.0,S,0,-2.0,S,0,2.0,R,1,-2.0,S,0,-1.0,S,0,-3.0,S,0,-4.0,S,0,505,False
97,19F,8227,Domestic,China,,2.0,1.0,0.5,16.0,16.0,1.0,0.125,4.0,1.0,R,1,0.0,S,0,-1.0,S,0,4.0,R,1,4.0,R,1,0.0,S,0,-3.0,S,0,2.0,R,1,8227,False
98,23F,13646,Domestic,China,,0.125,0.25,0.25,16.0,0.25,1.0,0.125,2.0,-3.0,I,1,-2.0,S,0,-2.0,S,0,4.0,R,1,-2.0,S,0,0.0,S,0,-3.0,S,0,1.0,I,1,13646,False
99,19A,90,Domestic,China,,2.0,2.0,0.5,1.0,8.0,0.5,0.125,4.0,1.0,R,1,1.0,S,0,-1.0,S,0,0.0,R,1,3.0,R,1,-1.0,S,0,-3.0,S,0,2.0,R,1,90,False
BR-19-60,13,4749,Domestic,China,,2.0,2.0,1.0,16.0,16.0,1.0,0.125,0.125,1.0,R,1,1.0,S,0,0.0,S,0,4.0,R,1,4.0,R,1,0.0,S,0,-3.0,S,0,-3.0,S,0,4749,False
BR-19-76,10A,9234,Domestic,China,,0.125,0.25,0.25,16.0,16.0,1.0,0.125,4.0,-3.0,I,1,-2.0,S,0,-2.0,S,0,4.0,R,1,4.0,R,1,0.0,S,0,-3.0,S,0,2.0,R,1,9234,False
CJ-19-40,37,99,Domestic,China,,0.125,0.25,0.25,16.0,16.0,1.0,0.25,16.0,-3.0,I,1,-2.0,S,0,-2.0,S,0,4.0,R,1,4.0,R,1,0.0,S,0,-2.0,S,0,4.0,R,1,99,False
cq08004,19F,271,Domestic,China,,4.0,8.0,4.0,16.0,16.0,1.0,0.125,16.0,2.0,R,1,3.0,R,1,2.0,R,1,4.0,R,1,4.0,R,1,0.0,S,0,-3.0,S,0,4.0,R,1,271,False
cq08010,19F,320,Domestic,China,,4.0,8.0,4.0,16.0,16.0,1.0,0.125,16.0,2.0,R,1,3.0,R,1,2.0,R,1,4.0,R,1,4.0,R,1,0.0,S,0,-3.0,S,0,4.0,R,1,320,False
cq08015,19F,271,Domestic,China,,4.0,8.0,4.0,16.0,16.0,0.5,0.125,16.0,2.0,R,1,3.0,R,1,2.0,R,1,4.0,R,1,4.0,R,1,-1.0,S,0,-3.0,S,0,4.0,R,1,271,False
cq08016,2,320,Domestic,China,,0.125,0.25,0.25,0.25,0.25,1.0,0.125,0.125,-3.0,I,1,-2.0,S,0,-2.0,S,0,-2.0,S,0,-2.0,S,0,0.0,S,0,-3.0,S,0,-3.0,S,0,320,False
cq08018,19F,320,Domestic,China,,4.0,8.0,4.0,16.0,16.0,1.0,0.125,16.0,2.0,R,1,3.0,R,1,2.0,R,1,4.0,R,1,4.0,R,1,0.0,S,0,-3.0,S,0,4.0,R,1,320,False
cq09005,33,242,Domestic,China,,0.125,0.25,0.25,16.0,16.0,0.5,0.25,2.0,-3.0,I,1,-2.0,S,0,-2.0,S,0,4.0,R,1,4.0,R,1,-1.0,S,0,-2.0,S,0,1.0,I,1,242,False
CY-18-10,11F,99,Domestic,China,,0.125,0.25,0.25,16.0,16.0,1.0,0.125,8.0,-3.0,I,1,-2.0,S,0,-2.0,S,0,4.0,R,1,4.0,R,1,0.0,S,0,-3.0,S,0,3.0,R,1,99,False
CY-18-13,19F,271,Domestic,China,,4.0,8.0,4.0,16.0,16.0,1.0,0.125,8.0,2.0,R,1,3.0,R,1,2.0,R,1,4.0,R,1,4.0,R,1,0.0,S,0,-3.0,S,0,3.0,R,1,271,False
CY-18-53,19F,320,Domestic,China,,4.0,8.0,2.0,16.0,16.0,1.0,0.125,4.0,2.0,R,1,3.0,R,1,1.0,I,1,4.0,R,1,4.0,R,1,0.0,S,0,-3.0,S,0,2.0,R,1,320,False
DE-18-43,19A,320,Domestic,China,,2.0,4.0,0.5,16.0,16.0,1.0,0.125,8.0,1.0,R,1,2.0,I,1,-1.0,S,0,4.0,R,1,4.0,R,1,0.0,S,0,-3.0,S,0,3.0,R,1,320,False
DE-18-50,9V,4660,Domestic,China,contamination,0.125,0.25,0.25,16.0,16.0,1.0,0.125,16.0,-3.0,I,1,-2.0,S,0,-2.0,S,0,4.0,R,1,4.0,R,1,0.0,S,0,-3.0,S,0,4.0,R,1,4660,False
DE-19-05,28F,81,Domestic,China,,4.0,4.0,1.0,16.0,16.0,1.0,0.125,4.0,2.0,R,1,2.0,I,1,0.0,S,0,4.0,R,1,4.0,R,1,0.0,S,0,-3.0,S,0,2.0,R,1,81,False
DE-19-46,23F,6325,Domestic,China,,0.125,0.25,0.25,8.0,8.0,0.5,0.064,4.0,-3.0,I,1,-2.0,S,0,-2.0,S,0,3.0,R,1,3.0,R,1,-1.0,S,0,-4.0,S,0,2.0,R,1,6325,False
ebj28,19A,271,Domestic,China,,1.0,0.5,0.5,16.0,16.0,1.0,0.125,1.0,0.0,I,1,-1.0,S,0,-1.0,S,0,4.0,R,1,4.0,R,1,0.0,S,0,-3.0,S,0,0.0,I,1,271,False
GF-19-19,7F,11967,Domestic,China,,1.0,1.0,1.0,16.0,16.0,1.0,0.125,8.0,0.0,I,1,0.0,S,0,0.0,S,0,4.0,R,1,4.0,R,1,0.0,S,0,-3.0,S,0,3.0,R,1,11967,False
GF-19-49,19F,1464,Domestic,China,,4.0,8.0,1.0,16.0,16.0,0.5,0.125,4.0,2.0,R,1,3.0,R,1,0.0,S,0,4.0,R,1,4.0,R,1,-1.0,S,0,-3.0,S,0,2.0,R,1,1464,False
GF-19-50,23F,1437,Domestic,China,,0.5,0.5,0.5,16.0,16.0,0.5,0.064,0.5,-1.0,I,1,-1.0,S,0,-1.0,S,0,4.0,R,1,4.0,R,1,-1.0,S,0,-4.0,S,0,-1.0,S,0,1437,False
GF-19-70,19A,271,Domestic,China,,4.0,8.0,4.0,16.0,16.0,1.0,0.125,8.0,2.0,R,1,3.0,R,1,2.0,R,1,4.0,R,1,4.0,R,1,0.0,S,0,-3.0,S,0,3.0,R,1,271,False
GX-18-04,19F,1937,Domestic,China,,2.0,2.0,1.0,16.0,16.0,0.5,0.125,16.0,1.0,R,1,1.0,S,0,0.0,S,0,4.0,R,1,4.0,R,1,-1.0,S,0,-3.0,S,0,4.0,R,1,1937,False
GX-18-07,19F,271,Domestic,China,,4.0,8.0,4.0,16.0,16.0,0.5,0.125,16.0,2.0,R,1,3.0,R,1,2.0,R,1,4.0,R,1,4.0,R,1,-1.0,S,0,-3.0,S,0,4.0,R,1,271,False
GX-18-18,19F,271,Domestic,China,,4.0,8.0,8.0,16.0,16.0,1.0,0.125,16.0,2.0,R,1,3.0,R,1,3.0,R,1,4.0,R,1,4.0,R,1,0.0,S,0,-3.0,S,0,4.0,R,1,271,False
gz08010,3,4389,Domestic,China,,0.125,0.25,0.25,0.25,0.25,0.5,0.125,0.5,-3.0,I,1,-2.0,S,0,-2.0,S,0,-2.0,S,0,-2.0,S,0,-1.0,S,0,-3.0,S,0,-1.0,S,0,4389,False
HB-18-61,19F,320,Domestic,China,,4.0,8.0,2.0,16.0,16.0,1.0,0.125,8.0,2.0,R,1,3.0,R,1,1.0,I,1,4.0,R,1,4.0,R,1,0.0,S,0,-3.0,S,0,3.0,R,1,320,False
HB-18-66,19A,320,Domestic,China,,4.0,4.0,2.0,16.0,16.0,1.0,0.125,4.0,2.0,R,1,2.0,I,1,1.0,I,1,4.0,R,1,4.0,R,1,0.0,S,0,-3.0,S,0,2.0,R,1,320,False
HB-19-15,23F,81,Domestic,China,,4.0,1.0,1.0,16.0,16.0,1.0,0.125,4.0,2.0,R,1,0.0,S,0,0.0,S,0,4.0,R,1,4.0,R,1,0.0,S,0,-3.0,S,0,2.0,R,1,81,False
HB-19-92,19F,271,Domestic,China,,4.0,8.0,8.0,16.0,16.0,1.0,0.25,16.0,2.0,R,1,3.0,R,1,3.0,R,1,4.0,R,1,4.0,R,1,0.0,S,0,-2.0,S,0,4.0,R,1,271,False
HN-18-37,6B,271,Domestic,China,,4.0,2.0,4.0,16.0,16.0,1.0,0.125,16.0,2.0,R,1,1.0,S,0,2.0,R,1,4.0,R,1,4.0,R,1,0.0,S,0,-3.0,S,0,4.0,R,1,271,False
HN-19-15,19A,320,Domestic,China,,4.0,4.0,1.0,16.0,16.0,1.0,0.25,4.0,2.0,R,1,2.0,I,1,0.0,S,0,4.0,R,1,4.0,R,1,0.0,S,0,-2.0,S,0,2.0,R,1,320,False
HX18S04,23F,14097,Domestic,China,,4.0,1.0,1.0,16.0,16.0,1.0,0.125,0.125,2.0,R,1,0.0,S,0,0.0,S,0,4.0,R,1,4.0,R,1,0.0,S,0,-3.0,S,0,-3.0,S,0,14097,False
HY-18-03,19F,320,Domestic,China,,0.25,8.0,8.0,16.0,16.0,1.0,0.125,8.0,-2.0,I,1,3.0,R,1,3.0,R,1,4.0,R,1,4.0,R,1,0.0,S,0,-3.0,S,0,3.0,R,1,320,False
HY-18-08,19A,320,Domestic,China,,4.0,8.0,8.0,16.0,16.0,1.0,0.25,8.0,2.0,R,1,3.0,R,1,3.0,R,1,4.0,R,1,4.0,R,1,0.0,S,0,-2.0,S,0,3.0,R,1,320,False
HY-18-17,29,15272,Domestic,China,,0.125,0.25,0.25,8.0,16.0,1.0,0.25,0.064,-3.0,I,1,-2.0,S,0,-2.0,S,0,3.0,R,1,4.0,R,1,0.0,S,0,-2.0,S,0,-4.0,S,0,15272,False
HY-18-30,34,11945,Domestic,China,,1.0,1.0,1.0,16.0,16.0,1.0,0.064,0.5,0.0,I,1,0.0,S,0,0.0,S,0,4.0,R,1,4.0,R,1,0.0,S,0,-4.0,S,0,-1.0,S,0,11945,False
LZ-18-12,23F,242,Domestic,China,,1.0,0.5,1.0,16.0,16.0,0.5,0.064,1.0,0.0,I,1,-1.0,S,0,0.0,S,0,4.0,R,1,4.0,R,1,-1.0,S,0,-4.0,S,0,0.0,I,1,242,False
MY-19-13,15A,15272,Domestic,China,,0.125,0.25,0.25,8.0,4.0,0.5,0.064,0.064,-3.0,I,1,-2.0,S,0,-2.0,S,0,3.0,R,1,2.0,R,1,-1.0,S,0,-4.0,S,0,-4.0,S,0,15272,False
njspn003,19F,505,Domestic,China,,4.0,4.0,4.0,16.0,16.0,1.0,0.125,16.0,2.0,R,1,2.0,I,1,2.0,R,1,4.0,R,1,4.0,R,1,0.0,S,0,-3.0,S,0,4.0,R,1,505,False
njspn004,19F,11972,Domestic,China,,4.0,4.0,4.0,16.0,16.0,1.0,0.25,16.0,2.0,R,1,2.0,I,1,2.0,R,1,4.0,R,1,4.0,R,1,0.0,S,0,-2.0,S,0,4.0,R,1,11972,False
NX19S20,23F,2624,Domestic,China,,0.125,0.25,0.25,16.0,16.0,1.0,0.125,8.0,-3.0,I,1,-2.0,S,0,-2.0,S,0,4.0,R,1,4.0,R,1,0.0,S,0,-3.0,S,0,3.0,R,1,2624,False
SD-18-12,6A,3173,Domestic,China,,1.0,1.0,1.0,16.0,16.0,0.5,0.064,2.0,0.0,I,1,0.0,S,0,0.0,S,0,4.0,R,1,4.0,R,1,-1.0,S,0,-4.0,S,0,1.0,I,1,3173,False
SH-18-17,42,4655,Domestic,China,,0.5,1.0,0.5,8.0,0.25,0.5,0.064,2.0,-1.0,I,1,0.0,S,0,-1.0,S,0,3.0,R,1,-2.0,S,0,-1.0,S,0,-4.0,S,0,1.0,I,1,4655,False
SH-18-62,19F,271,Domestic,China,contamination,4.0,8.0,4.0,16.0,16.0,1.0,0.125,16.0,2.0,R,1,3.0,R,1,2.0,R,1,4.0,R,1,4.0,R,1,0.0,S,0,-3.0,S,0,4.0,R,1,271,False
SH-18-71,19A,271,Domestic,China,,4.0,8.0,4.0,16.0,16.0,1.0,0.125,16.0,2.0,R,1,3.0,R,1,2.0,R,1,4.0,R,1,4.0,R,1,0.0,S,0,-3.0,S,0,4.0,R,1,271,False
SJ-18-15,15B,3397,Domestic,China,,2.0,2.0,2.0,16.0,16.0,0.5,0.064,4.0,1.0,R,1,1.0,S,0,1.0,I,1,4.0,R,1,4.0,R,1,-1.0,S,0,-4.0,S,0,2.0,R,1,3397,False
SJ-19-61,15A,5613,Domestic,China,,0.125,0.25,0.25,16.0,16.0,1.0,0.125,0.125,-3.0,I,1,-2.0,S,0,-2.0,S,0,4.0,R,1,4.0,R,1,0.0,S,0,-3.0,S,0,-3.0,S,0,5613,False
sy10018,NVT,271,Domestic,China,,0.125,0.25,0.25,16.0,16.0,1.0,0.25,4.0,-3.0,I,1,-2.0,S,0,-2.0,S,0,4.0,R,1,4.0,R,1,0.0,S,0,-2.0,S,0,2.0,R,1,271,False
sy14,19A,320,Domestic,China,,1.0,1.0,0.25,16.0,16.0,2.0,0.5,16.0,0.0,I,1,0.0,S,0,-2.0,S,0,4.0,R,1,4.0,R,1,1.0,S,0,-1.0,S,0,4.0,R,1,320,False
sy19,23F,5893,Domestic,China,,2.0,1.0,1.0,16.0,16.0,1.0,0.25,2.0,1.0,R,1,0.0,S,0,0.0,S,0,4.0,R,1,4.0,R,1,0.0,S,0,-2.0,S,0,1.0,I,1,5893,False
sy20,NVT,271,Domestic,China,,2.0,2.0,1.0,16.0,16.0,0.5,0.25,8.0,1.0,R,1,1.0,S,0,0.0,S,0,4.0,R,1,4.0,R,1,-1.0,S,0,-2.0,S,0,3.0,R,1,271,False
sy27,NVT,320,Domestic,China,,0.125,0.25,0.25,16.0,16.0,0.5,0.25,4.0,-3.0,I,1,-2.0,S,0,-2.0,S,0,4.0,R,1,4.0,R,1,-1.0,S,0,-2.0,S,0,2.0,R,1,320,False
sy28,NVT,320,Domestic,China,,0.125,0.25,0.25,16.0,16.0,0.5,0.125,4.0,-3.0,I,1,-2.0,S,0,-2.0,S,0,4.0,R,1,4.0,R,1,-1.0,S,0,-3.0,S,0,2.0,R,1,320,False
sy9,19A,271,Domestic,China,,4.0,4.0,2.0,16.0,16.0,2.0,0.25,0.5,2.0,R,1,2.0,I,1,1.0,I,1,4.0,R,1,4.0,R,1,1.0,S,0,-2.0,S,0,-1.0,S,0,271,False
TA-18-48,37,9788,Domestic,China,,0.5,1.0,2.0,0.25,0.25,1.0,0.25,16.0,-1.0,I,1,0.0,S,0,1.0,I,1,-2.0,S,0,-2.0,S,0,0.0,S,0,-2.0,S,0,4.0,R,1,9788,False
TA-19-07,19F,271,Domestic,China,,2.0,4.0,4.0,8.0,0.25,1.0,0.125,16.0,1.0,R,1,2.0,I,1,2.0,R,1,3.0,R,1,-2.0,S,0,0.0,S,0,-3.0,S,0,4.0,R,1,271,False
TS-18-42,6A,9789,Domestic,China,,2.0,2.0,0.5,16.0,16.0,1.0,0.125,8.0,1.0,R,1,1.0,S,0,-1.0,S,0,4.0,R,1,4.0,R,1,0.0,S,0,-3.0,S,0,3.0,R,1,9789,False
TS-19-32,19A,1464,Domestic,China,,2.0,8.0,2.0,16.0,16.0,1.0,0.125,16.0,1.0,R,1,3.0,R,1,1.0,I,1,4.0,R,1,4.0,R,1,0.0,S,0,-3.0,S,0,4.0,R,1,1464,False
TS-19-52,19F,9789,Domestic,China,,2.0,2.0,1.0,16.0,16.0,1.0,0.125,8.0,1.0,R,1,1.0,S,0,0.0,S,0,4.0,R,1,4.0,R,1,0.0,S,0,-3.0,S,0,3.0,R,1,9789,False
TS-19-70,19F,1464,Domestic,China,,8.0,8.0,2.0,16.0,16.0,1.0,0.125,16.0,3.0,R,1,3.0,R,1,1.0,I,1,4.0,R,1,4.0,R,1,0.0,S,0,-3.0,S,0,4.0,R,1,1464,False
TS-19-76,19F,271,Domestic,China,,4.0,8.0,4.0,16.0,16.0,1.0,0.125,16.0,2.0,R,1,3.0,R,1,2.0,R,1,4.0,R,1,4.0,R,1,0.0,S,0,-3.0,S,0,4.0,R,1,271,False
WH-19-22,6A,90,Domestic,China,,4.0,2.0,0.5,16.0,16.0,0.5,0.125,4.0,2.0,R,1,1.0,S,0,-1.0,S,0,4.0,R,1,4.0,R,1,-1.0,S,0,-3.0,S,0,2.0,R,1,90,False
wh10013,19A,81,Domestic,China,,4.0,8.0,1.0,16.0,16.0,1.0,0.25,4.0,2.0,R,1,3.0,R,1,0.0,S,0,4.0,R,1,4.0,R,1,0.0,S,0,-2.0,S,0,2.0,R,1,81,False
wh10018,19F,271,Domestic,China,,4.0,8.0,4.0,16.0,16.0,1.0,0.25,4.0,2.0,R,1,3.0,R,1,2.0,R,1,4.0,R,1,4.0,R,1,0.0,S,0,-2.0,S,0,2.0,R,1,271,False
wh11,22,271,Domestic,China,,2.0,0.25,4.0,16.0,16.0,1.0,0.125,16.0,1.0,R,1,-2.0,S,0,2.0,R,1,4.0,R,1,4.0,R,1,0.0,S,0,-3.0,S,0,4.0,R,1,271,False
wh17,7F,876,Domestic,China,contamination,2.0,1.0,2.0,16.0,16.0,1.0,0.125,16.0,1.0,R,1,0.0,S,0,1.0,I,1,4.0,R,1,4.0,R,1,0.0,S,0,-3.0,S,0,4.0,R,1,876,False
wh9,19F,271,Domestic,China,,2.0,2.0,0.25,16.0,16.0,1.0,0.125,16.0,1.0,R,1,1.0,S,0,-2.0,S,0,4.0,R,1,4.0,R,1,0.0,S,0,-3.0,S,0,4.0,R,1,271,False
X10,19A,135,Domestic,China,,0.5,0.25,0.25,16.0,16.0,1.0,0.125,8.0,-1.0,I,1,-2.0,S,0,-2.0,S,0,4.0,R,1,4.0,R,1,0.0,S,0,-3.0,S,0,3.0,R,1,135,False
X100,19F,180,Domestic,China,,0.125,0.25,0.25,16.0,2.0,1.0,0.125,0.5,-3.0,I,1,-2.0,S,0,-2.0,S,0,4.0,R,1,1.0,R,1,0.0,S,0,-3.0,S,0,-1.0,S,0,180,False
X101,19F,902,Domestic,China,,2.0,8.0,8.0,16.0,16.0,0.5,0.125,16.0,1.0,R,1,3.0,R,1,3.0,R,1,4.0,R,1,4.0,R,1,-1.0,S,0,-3.0,S,0,4.0,R,1,902,False
X102,9V,320,Domestic,China,,0.125,0.25,0.25,16.0,16.0,0.5,0.125,4.0,-3.0,I,1,-2.0,S,0,-2.0,S,0,4.0,R,1,4.0,R,1,-1.0,S,0,-3.0,S,0,2.0,R,1,320,False
X103,15B,271,Domestic,China,,2.0,4.0,0.5,0.5,16.0,0.5,0.064,4.0,1.0,R,1,2.0,I,1,-1.0,S,0,-1.0,I,1,4.0,R,1,-1.0,S,0,-4.0,S,0,2.0,R,1,271,False
X104,19F,271,Domestic,China,,4.0,8.0,4.0,16.0,16.0,1.0,0.125,16.0,2.0,R,1,3.0,R,1,2.0,R,1,4.0,R,1,4.0,R,1,0.0,S,0,-3.0,S,0,4.0,R,1,271,False
X105,19A,271,Domestic,China,,4.0,4.0,2.0,16.0,16.0,1.0,0.125,8.0,2.0,R,1,2.0,I,1,1.0,I,1,4.0,R,1,4.0,R,1,0.0,S,0,-3.0,S,0,3.0,R,1,271,False
X106,15B,271,Domestic,China,,1.0,1.0,0.5,8.0,16.0,0.5,0.064,4.0,0.0,I,1,0.0,S,0,-1.0,S,0,3.0,R,1,4.0,R,1,-1.0,S,0,-4.0,S,0,2.0,R,1,271,False
X107,11A,320,Domestic,China,,0.125,0.25,0.25,4.0,1.0,1.0,0.125,8.0,-3.0,I,1,-2.0,S,0,-2.0,S,0,2.0,R,1,0.0,R,1,0.0,S,0,-3.0,S,0,3.0,R,1,320,False
X108,19F,7178,Domestic,China,,4.0,8.0,4.0,16.0,16.0,1.0,0.125,8.0,2.0,R,1,3.0,R,1,2.0,R,1,4.0,R,1,4.0,R,1,0.0,S,0,-3.0,S,0,3.0,R,1,7178,False
X109,15B,271,Domestic,China,,0.5,8.0,1.0,16.0,16.0,0.5,0.064,8.0,-1.0,I,1,3.0,R,1,0.0,S,0,4.0,R,1,4.0,R,1,-1.0,S,0,-4.0,S,0,3.0,R,1,271,False
X11,34,7751,Domestic,China,,0.125,0.25,0.25,16.0,16.0,1.0,0.125,0.125,-3.0,I,1,-2.0,S,0,-2.0,S,0,4.0,R,1,4.0,R,1,0.0,S,0,-3.0,S,0,-3.0,S,0,7751,False
X111,4,320,Domestic,China,,2.0,1.0,1.0,16.0,16.0,0.5,0.125,1.0,1.0,R,1,0.0,S,0,0.0,S,0,4.0,R,1,4.0,R,1,-1.0,S,0,-3.0,S,0,0.0,I,1,320,False
X112,19F,320,Domestic,China,,4.0,8.0,4.0,16.0,16.0,1.0,0.125,16.0,2.0,R,1,3.0,R,1,2.0,R,1,4.0,R,1,4.0,R,1,0.0,S,0,-3.0,S,0,4.0,R,1,320,False
X113,19F,320,Domestic,China,,4.0,4.0,4.0,16.0,16.0,0.5,0.064,8.0,2.0,R,1,2.0,I,1,2.0,R,1,4.0,R,1,4.0,R,1,-1.0,S,0,-4.0,S,0,3.0,R,1,320,False
X114,19F,271,Domestic,China,,4.0,8.0,1.0,16.0,16.0,1.0,0.125,16.0,2.0,R,1,3.0,R,1,0.0,S,0,4.0,R,1,4.0,R,1,0.0,S,0,-3.0,S,0,4.0,R,1,271,False
X115,19A,271,Domestic,China,,2.0,2.0,1.0,2.0,16.0,0.5,0.064,2.0,1.0,R,1,1.0,S,0,0.0,S,0,1.0,R,1,4.0,R,1,-1.0,S,0,-4.0,S,0,1.0,I,1,271,False
X116,15A,271,Domestic,China,,0.125,0.25,0.25,16.0,16.0,1.0,0.125,0.064,-3.0,I,1,-2.0,S,0,-2.0,S,0,4.0,R,1,4.0,R,1,0.0,S,0,-3.0,S,0,-4.0,S,0,271,False
X117,23F,271,Domestic,China,,4.0,2.0,1.0,16.0,16.0,1.0,0.125,4.0,2.0,R,1,1.0,S,0,0.0,S,0,4.0,R,1,4.0,R,1,0.0,S,0,-3.0,S,0,2.0,R,1,271,False
X118,19F,902,Domestic,China,,4.0,8.0,8.0,16.0,16.0,1.0,0.125,8.0,2.0,R,1,3.0,R,1,3.0,R,1,4.0,R,1,4.0,R,1,0.0,S,0,-3.0,S,0,3.0,R,1,902,False
X119,6A,271,Domestic,China,,2.0,2.0,1.0,16.0,16.0,1.0,0.125,1.0,1.0,R,1,1.0,S,0,0.0,S,0,4.0,R,1,4.0,R,1,0.0,S,0,-3.0,S,0,0.0,I,1,271,False
X12,15C,10088,Domestic,China,,1.0,0.25,0.5,16.0,16.0,1.0,0.064,4.0,0.0,I,1,-2.0,S,0,-1.0,S,0,4.0,R,1,4.0,R,1,0.0,S,0,-4.0,S,0,2.0,R,1,10088,False
X120,19F,320,Domestic,China,,4.0,8.0,4.0,16.0,16.0,1.0,0.125,8.0,2.0,R,1,3.0,R,1,2.0,R,1,4.0,R,1,4.0,R,1,0.0,S,0,-3.0,S,0,3.0,R,1,320,False
X121,6A,271,Domestic,China,,2.0,1.0,4.0,16.0,16.0,1.0,0.125,16.0,1.0,R,1,0.0,S,0,2.0,R,1,4.0,R,1,4.0,R,1,0.0,S,0,-3.0,S,0,4.0,R,1,271,False
X122,15A,271,Domestic,China,,1.0,2.0,0.5,16.0,16.0,1.0,0.125,0.5,0.0,I,1,1.0,S,0,-1.0,S,0,4.0,R,1,4.0,R,1,0.0,S,0,-3.0,S,0,-1.0,S,0,271,False
X123,19F,1437,Domestic,China,,4.0,8.0,4.0,16.0,16.0,1.0,0.125,8.0,2.0,R,1,3.0,R,1,2.0,R,1,4.0,R,1,4.0,R,1,0.0,S,0,-3.0,S,0,3.0,R,1,1437,False
X124,23F,1437,Domestic,China,,0.125,0.5,0.25,16.0,16.0,0.5,0.125,2.0,-3.0,I,1,-1.0,S,0,-2.0,S,0,4.0,R,1,4.0,R,1,-1.0,S,0,-3.0,S,0,1.0,I,1,1437,False
X13,7F,11967,Domestic,China,,4.0,2.0,1.0,16.0,16.0,1.0,0.125,16.0,2.0,R,1,1.0,S,0,0.0,S,0,4.0,R,1,4.0,R,1,0.0,S,0,-3.0,S,0,4.0,R,1,11967,False
X131,19F,3173,Domestic,China,,4.0,8.0,2.0,16.0,16.0,1.0,0.125,8.0,2.0,R,1,3.0,R,1,1.0,I,1,4.0,R,1,4.0,R,1,0.0,S,0,-3.0,S,0,3.0,R,1,3173,False
X132,19F,271,Domestic,China,,4.0,8.0,4.0,16.0,16.0,1.0,0.125,8.0,2.0,R,1,3.0,R,1,2.0,R,1,4.0,R,1,4.0,R,1,0.0,S,0,-3.0,S,0,3.0,R,1,271,False
X133,23F,5242,Domestic,China,,2.0,2.0,0.5,16.0,16.0,1.0,0.125,8.0,1.0,R,1,1.0,S,0,-1.0,S,0,4.0,R,1,4.0,R,1,0.0,S,0,-3.0,S,0,3.0,R,1,5242,False
X134,12F,5242,Domestic,China,,0.125,0.25,2.0,0.25,0.25,1.0,0.125,0.064,-3.0,I,1,-2.0,S,0,1.0,I,1,-2.0,S,0,-2.0,S,0,0.0,S,0,-3.0,S,0,-4.0,S,0,5242,False
X135,15B,8250,Domestic,China,contamination,1.0,1.0,0.5,16.0,16.0,1.0,0.125,4.0,0.0,I,1,0.0,S,0,-1.0,S,0,4.0,R,1,4.0,R,1,0.0,S,0,-3.0,S,0,2.0,R,1,8250,False
X136,23F,320,Domestic,China,,2.0,2.0,0.5,16.0,16.0,1.0,0.125,8.0,1.0,R,1,1.0,S,0,-1.0,S,0,4.0,R,1,4.0,R,1,0.0,S,0,-3.0,S,0,3.0,R,1,320,False
X140,19F,876,Domestic,China,,4.0,8.0,4.0,16.0,16.0,1.0,0.125,8.0,2.0,R,1,3.0,R,1,2.0,R,1,4.0,R,1,4.0,R,1,0.0,S,0,-3.0,S,0,3.0,R,1,876,False
X142,19F,4661,Domestic,China,,4.0,1.0,1.0,16.0,16.0,0.5,0.125,0.5,2.0,R,1,0.0,S,0,0.0,S,0,4.0,R,1,4.0,R,1,-1.0,S,0,-3.0,S,0,-1.0,S,0,4661,False
X143,19F,876,Domestic,China,,4.0,8.0,4.0,16.0,16.0,1.0,0.125,16.0,2.0,R,1,3.0,R,1,2.0,R,1,4.0,R,1,4.0,R,1,0.0,S,0,-3.0,S,0,4.0,R,1,876,False
X144,13,271,Domestic,China,,2.0,1.0,4.0,16.0,16.0,1.0,0.125,0.25,1.0,R,1,0.0,S,0,2.0,R,1,4.0,R,1,4.0,R,1,0.0,S,0,-3.0,S,0,-2.0,S,0,271,False
X145,35F,7753,Domestic,China,,0.125,0.25,0.25,16.0,16.0,1.0,0.125,8.0,-3.0,I,1,-2.0,S,0,-2.0,S,0,4.0,R,1,4.0,R,1,0.0,S,0,-3.0,S,0,3.0,R,1,7753,False
X148,19F,271,Domestic,China,,2.0,8.0,1.0,16.0,16.0,1.0,0.125,16.0,1.0,R,1,3.0,R,1,0.0,S,0,4.0,R,1,4.0,R,1,0.0,S,0,-3.0,S,0,4.0,R,1,271,False
X15,19F,271,Domestic,China,,4.0,8.0,8.0,16.0,16.0,1.0,0.125,16.0,2.0,R,1,3.0,R,1,3.0,R,1,4.0,R,1,4.0,R,1,0.0,S,0,-3.0,S,0,4.0,R,1,271,False
X150,20,15084,Domestic,China,contamination,0.125,0.25,0.25,8.0,4.0,1.0,0.125,0.5,-3.0,I,1,-2.0,S,0,-2.0,S,0,3.0,R,1,2.0,R,1,0.0,S,0,-3.0,S,0,-1.0,S,0,15084,False
X151,23B,81,Domestic,China,,2.0,1.0,0.5,16.0,16.0,1.0,0.125,4.0,1.0,R,1,0.0,S,0,-1.0,S,0,4.0,R,1,4.0,R,1,0.0,S,0,-3.0,S,0,2.0,R,1,81,False
X152,19F,3263,Domestic,China,,0.125,0.25,0.25,16.0,16.0,1.0,0.125,4.0,-3.0,I,1,-2.0,S,0,-2.0,S,0,4.0,R,1,4.0,R,1,0.0,S,0,-3.0,S,0,2.0,R,1,3263,False
X153,6A,9789,Domestic,China,,2.0,2.0,0.5,16.0,16.0,0.5,0.064,4.0,1.0,R,1,1.0,S,0,-1.0,S,0,4.0,R,1,4.0,R,1,-1.0,S,0,-4.0,S,0,2.0,R,1,9789,False
X154,33F,180,Domestic,China,,0.125,0.25,0.25,2.0,0.25,1.0,0.125,0.064,-3.0,I,1,-2.0,S,0,-2.0,S,0,1.0,R,1,-2.0,S,0,0.0,S,0,-3.0,S,0,-4.0,S,0,180,False
X155,19A,10085,Domestic,China,,0.125,0.25,0.25,4.0,16.0,1.0,0.064,4.0,-3.0,I,1,-2.0,S,0,-2.0,S,0,2.0,R,1,4.0,R,1,0.0,S,0,-4.0,S,0,2.0,R,1,10085,False
X156,19A,90,Domestic,China,,2.0,2.0,1.0,16.0,16.0,0.5,0.064,4.0,1.0,R,1,1.0,S,0,0.0,S,0,4.0,R,1,4.0,R,1,-1.0,S,0,-4.0,S,0,2.0,R,1,90,False
X157,14,11952,Domestic,China,,0.25,0.25,0.25,4.0,16.0,1.0,0.125,4.0,-2.0,I,1,-2.0,S,0,-2.0,S,0,2.0,R,1,4.0,R,1,0.0,S,0,-3.0,S,0,2.0,R,1,11952,False
X158,15A,10088,Domestic,China,,2.0,0.25,0.5,16.0,16.0,1.0,0.125,8.0,1.0,R,1,-2.0,S,0,-1.0,S,0,4.0,R,1,4.0,R,1,0.0,S,0,-3.0,S,0,3.0,R,1,10088,False
X159,19F,9785,Domestic,China,,4.0,4.0,1.0,16.0,16.0,1.0,0.25,16.0,2.0,R,1,2.0,I,1,0.0,S,0,4.0,R,1,4.0,R,1,0.0,S,0,-2.0,S,0,4.0,R,1,9785,False
X16,19F,12449,Domestic,China,,0.125,0.25,0.25,0.25,0.25,1.0,0.125,0.125,-3.0,I,1,-2.0,S,0,-2.0,S,0,-2.0,S,0,-2.0,S,0,0.0,S,0,-3.0,S,0,-3.0,S,0,12449,False
X160,23F,9396,Domestic,China,,0.125,0.25,0.25,16.0,16.0,1.0,0.125,2.0,-3.0,I,1,-2.0,S,0,-2.0,S,0,4.0,R,1,4.0,R,1,0.0,S,0,-3.0,S,0,1.0,I,1,9396,False
X161,15B,10392,Domestic,China,,0.125,0.25,0.25,16.0,16.0,1.0,0.064,4.0,-3.0,I,1,-2.0,S,0,-2.0,S,0,4.0,R,1,4.0,R,1,0.0,S,0,-4.0,S,0,2.0,R,1,10392,False
X162,15A,2912,Domestic,China,,2.0,4.0,1.0,16.0,16.0,0.5,0.064,4.0,1.0,R,1,2.0,I,1,0.0,S,0,4.0,R,1,4.0,R,1,-1.0,S,0,-4.0,S,0,2.0,R,1,2912,False
X163,9A,280,Domestic,China,contamination,0.125,0.25,0.25,2.0,16.0,1.0,0.064,2.0,-3.0,I,1,-2.0,S,0,-2.0,S,0,1.0,R,1,4.0,R,1,0.0,S,0,-4.0,S,0,1.0,I,1,280,False
X164,11A,2754,Domestic,China,,0.125,0.25,0.25,16.0,16.0,1.0,0.125,4.0,-3.0,I,1,-2.0,S,0,-2.0,S,0,4.0,R,1,4.0,R,1,0.0,S,0,-3.0,S,0,2.0,R,1,2754,False
X168,11A,16240,Domestic,China,,0.25,0.25,0.25,16.0,16.0,1.0,0.125,16.0,-2.0,I,1,-2.0,S,0,-2.0,S,0,4.0,R,1,4.0,R,1,0.0,S,0,-3.0,S,0,4.0,R,1,16240,False
X169,14,876,Domestic,China,,2.0,1.0,1.0,16.0,16.0,1.0,0.125,0.25,1.0,R,1,0.0,S,0,0.0,S,0,4.0,R,1,4.0,R,1,0.0,S,0,-3.0,S,0,-2.0,S,0,876,False
X17,19F,271,Domestic,China,,4.0,8.0,4.0,16.0,16.0,1.0,0.125,16.0,2.0,R,1,3.0,R,1,2.0,R,1,4.0,R,1,4.0,R,1,0.0,S,0,-3.0,S,0,4.0,R,1,271,False
X170,13,338,Domestic,China,,0.25,0.25,0.25,2.0,16.0,1.0,0.125,0.125,-2.0,I,1,-2.0,S,0,-2.0,S,0,1.0,R,1,4.0,R,1,0.0,S,0,-3.0,S,0,-3.0,S,0,338,False
X171,19F,271,Domestic,China,,1.0,4.0,1.0,16.0,16.0,1.0,0.125,8.0,0.0,I,1,2.0,I,1,0.0,S,0,4.0,R,1,4.0,R,1,0.0,S,0,-3.0,S,0,3.0,R,1,271,False
X174,19A,271,Domestic,China,,4.0,8.0,4.0,16.0,16.0,2.0,0.25,16.0,2.0,R,1,3.0,R,1,2.0,R,1,4.0,R,1,4.0,R,1,1.0,S,0,-2.0,S,0,4.0,R,1,271,False
X176,20,16240,Domestic,China,,0.25,0.25,0.25,16.0,16.0,1.0,0.064,2.0,-2.0,I,1,-2.0,S,0,-2.0,S,0,4.0,R,1,4.0,R,1,0.0,S,0,-4.0,S,0,1.0,I,1,16240,False
X177,19F,271,Domestic,China,,4.0,8.0,4.0,16.0,16.0,1.0,0.125,16.0,2.0,R,1,3.0,R,1,2.0,R,1,4.0,R,1,4.0,R,1,0.0,S,0,-3.0,S,0,4.0,R,1,271,False
X18,23F,2624,Domestic,China,,0.125,0.25,0.25,16.0,16.0,1.0,0.125,16.0,-3.0,I,1,-2.0,S,0,-2.0,S,0,4.0,R,1,4.0,R,1,0.0,S,0,-3.0,S,0,4.0,R,1,2624,False
X181,14,505,Domestic,China,,0.125,0.25,0.25,2.0,8.0,0.5,0.064,0.064,-3.0,I,1,-2.0,S,0,-2.0,S,0,1.0,R,1,3.0,R,1,-1.0,S,0,-4.0,S,0,-4.0,S,0,505,False
X183,14,876,Domestic,China,,2.0,0.5,1.0,16.0,16.0,1.0,0.125,0.125,1.0,R,1,-1.0,S,0,0.0,S,0,4.0,R,1,4.0,R,1,0.0,S,0,-3.0,S,0,-3.0,S,0,876,False
X186,28F,15444,Domestic,China,,0.125,0.25,0.25,4.0,16.0,1.0,0.125,0.125,-3.0,I,1,-2.0,S,0,-2.0,S,0,2.0,R,1,4.0,R,1,0.0,S,0,-3.0,S,0,-3.0,S,0,15444,False
X187,6A,9789,Domestic,China,,2.0,2.0,0.5,16.0,16.0,0.5,0.064,4.0,1.0,R,1,1.0,S,0,-1.0,S,0,4.0,R,1,4.0,R,1,-1.0,S,0,-4.0,S,0,2.0,R,1,9789,False
X19,19F,271,Domestic,China,,8.0,8.0,4.0,16.0,0.25,1.0,0.064,16.0,3.0,R,1,3.0,R,1,2.0,R,1,4.0,R,1,-2.0,S,0,0.0,S,0,-4.0,S,0,4.0,R,1,271,False
X191,23F,81,Domestic,China,,2.0,0.5,1.0,16.0,16.0,1.0,0.064,4.0,1.0,R,1,-1.0,S,0,0.0,S,0,4.0,R,1,4.0,R,1,0.0,S,0,-4.0,S,0,2.0,R,1,81,False
X192,3,505,Domestic,China,,0.125,0.25,0.25,16.0,16.0,1.0,0.125,0.064,-3.0,I,1,-2.0,S,0,-2.0,S,0,4.0,R,1,4.0,R,1,0.0,S,0,-3.0,S,0,-4.0,S,0,505,False
X193,28A,338,Domestic,China,,0.25,0.25,0.25,2.0,16.0,1.0,0.125,0.125,-2.0,I,1,-2.0,S,0,-2.0,S,0,1.0,R,1,4.0,R,1,0.0,S,0,-3.0,S,0,-3.0,S,0,338,False
X194,19F,271,Domestic,China,,0.5,0.5,0.25,2.0,16.0,1.0,0.125,2.0,-1.0,I,1,-1.0,S,0,-2.0,S,0,1.0,R,1,4.0,R,1,0.0,S,0,-3.0,S,0,1.0,I,1,271,False
X195,14,876,Domestic,China,,2.0,1.0,4.0,16.0,16.0,1.0,0.125,0.125,1.0,R,1,0.0,S,0,2.0,R,1,4.0,R,1,4.0,R,1,0.0,S,0,-3.0,S,0,-3.0,S,0,876,False
X196,6A,9789,Domestic,China,,2.0,2.0,0.5,16.0,16.0,0.5,0.064,4.0,1.0,R,1,1.0,S,0,-1.0,S,0,4.0,R,1,4.0,R,1,-1.0,S,0,-4.0,S,0,2.0,R,1,9789,False
X198,19A,4640,Domestic,China,,4.0,4.0,8.0,16.0,16.0,1.0,0.125,4.0,2.0,R,1,2.0,I,1,3.0,R,1,4.0,R,1,4.0,R,1,0.0,S,0,-3.0,S,0,2.0,R,1,4640,False
X199,19F,505,Domestic,China,,0.125,0.25,0.25,16.0,16.0,1.0,0.125,0.125,-3.0,I,1,-2.0,S,0,-2.0,S,0,4.0,R,1,4.0,R,1,0.0,S,0,-3.0,S,0,-3.0,S,0,505,False
X20,13,143,Domestic,China,contamination,2.0,2.0,1.0,16.0,16.0,1.0,0.125,0.125,1.0,R,1,1.0,S,0,0.0,S,0,4.0,R,1,4.0,R,1,0.0,S,0,-3.0,S,0,-3.0,S,0,143,False
X202,9V,876,Domestic,China,contamination,2.0,1.0,1.0,16.0,16.0,1.0,0.125,1.0,1.0,R,1,0.0,S,0,0.0,S,0,4.0,R,1,4.0,R,1,0.0,S,0,-3.0,S,0,0.0,I,1,876,False
X203,16A,8250,Domestic,China,,0.125,0.25,0.25,16.0,0.5,1.0,0.064,0.125,-3.0,I,1,-2.0,S,0,-2.0,S,0,4.0,R,1,-1.0,I,1,0.0,S,0,-4.0,S,0,-3.0,S,0,8250,False
X205,28F,2754,Domestic,China,,0.125,0.25,0.25,0.25,0.25,1.0,0.125,2.0,-3.0,I,1,-2.0,S,0,-2.0,S,0,-2.0,S,0,-2.0,S,0,0.0,S,0,-3.0,S,0,1.0,I,1,2754,False
X206,19F,13025,Domestic,China,,2.0,2.0,1.0,16.0,16.0,1.0,0.064,2.0,1.0,R,1,1.0,S,0,0.0,S,0,4.0,R,1,4.0,R,1,0.0,S,0,-4.0,S,0,1.0,I,1,13025,False
X207,18C,99,Domestic,China,,0.125,0.25,0.25,16.0,16.0,0.5,0.125,0.064,-3.0,I,1,-2.0,S,0,-2.0,S,0,4.0,R,1,4.0,R,1,-1.0,S,0,-3.0,S,0,-4.0,S,0,99,False
X21,28A,10008,Domestic,China,,0.125,0.25,0.25,16.0,16.0,1.0,0.125,4.0,-3.0,I,1,-2.0,S,0,-2.0,S,0,4.0,R,1,4.0,R,1,0.0,S,0,-3.0,S,0,2.0,R,1,10008,False
X210,23B,81,Domestic,China,,2.0,2.0,1.0,16.0,16.0,1.0,0.064,2.0,1.0,R,1,1.0,S,0,0.0,S,0,4.0,R,1,4.0,R,1,0.0,S,0,-4.0,S,0,1.0,I,1,81,False
X211,28F,81,Domestic,China,,4.0,2.0,1.0,16.0,16.0,1.0,0.125,4.0,2.0,R,1,1.0,S,0,0.0,S,0,4.0,R,1,4.0,R,1,0.0,S,0,-3.0,S,0,2.0,R,1,81,False
X212,15C,4640,Domestic,China,,4.0,4.0,8.0,16.0,16.0,1.0,0.125,4.0,2.0,R,1,2.0,I,1,3.0,R,1,4.0,R,1,4.0,R,1,0.0,S,0,-3.0,S,0,2.0,R,1,4640,False
X213,18C,99,Domestic,China,,0.125,0.25,0.25,16.0,16.0,1.0,0.125,0.125,-3.0,I,1,-2.0,S,0,-2.0,S,0,4.0,R,1,4.0,R,1,0.0,S,0,-3.0,S,0,-3.0,S,0,99,False
X215,19F,320,Domestic,China,,4.0,8.0,1.0,16.0,16.0,1.0,0.125,4.0,2.0,R,1,3.0,R,1,0.0,S,0,4.0,R,1,4.0,R,1,0.0,S,0,-3.0,S,0,2.0,R,1,320,False
X216,19F,320,Domestic,China,,4.0,8.0,2.0,16.0,16.0,1.0,0.25,4.0,2.0,R,1,3.0,R,1,1.0,I,1,4.0,R,1,4.0,R,1,0.0,S,0,-2.0,S,0,2.0,R,1,320,False
X217,19F,1464,Domestic,China,,4.0,8.0,2.0,16.0,16.0,1.0,0.125,16.0,2.0,R,1,3.0,R,1,1.0,I,1,4.0,R,1,4.0,R,1,0.0,S,0,-3.0,S,0,4.0,R,1,1464,False
X219,19F,12670,Domestic,China,,0.125,0.25,0.25,16.0,16.0,1.0,0.125,0.25,-3.0,I,1,-2.0,S,0,-2.0,S,0,4.0,R,1,4.0,R,1,0.0,S,0,-3.0,S,0,-2.0,S,0,12670,False
X22,19A,271,Domestic,China,,4.0,8.0,4.0,16.0,16.0,1.0,0.125,16.0,2.0,R,1,3.0,R,1,2.0,R,1,4.0,R,1,4.0,R,1,0.0,S,0,-3.0,S,0,4.0,R,1,271,False
X220,6A,10392,Domestic,China,,0.125,0.25,0.25,16.0,16.0,0.5,0.064,4.0,-3.0,I,1,-2.0,S,0,-2.0,S,0,4.0,R,1,4.0,R,1,-1.0,S,0,-4.0,S,0,2.0,R,1,10392,False
X221,15A,9785,Domestic,China,,4.0,4.0,2.0,16.0,16.0,1.0,0.125,16.0,2.0,R,1,2.0,I,1,1.0,I,1,4.0,R,1,4.0,R,1,0.0,S,0,-3.0,S,0,4.0,R,1,9785,False
X222,19F,271,Domestic,China,,4.0,8.0,4.0,16.0,16.0,1.0,0.25,16.0,2.0,R,1,3.0,R,1,2.0,R,1,4.0,R,1,4.0,R,1,0.0,S,0,-2.0,S,0,4.0,R,1,271,False
X223,19F,271,Domestic,China,,4.0,8.0,8.0,16.0,16.0,1.0,0.125,16.0,2.0,R,1,3.0,R,1,3.0,R,1,4.0,R,1,4.0,R,1,0.0,S,0,-3.0,S,0,4.0,R,1,271,False
X225,35B,90,Domestic,China,,2.0,2.0,0.5,4.0,16.0,0.5,0.125,8.0,1.0,R,1,1.0,S,0,-1.0,S,0,2.0,R,1,4.0,R,1,-1.0,S,0,-3.0,S,0,3.0,R,1,90,False
X228,19A,271,Domestic,China,,4.0,8.0,4.0,16.0,16.0,1.0,0.125,16.0,2.0,R,1,3.0,R,1,2.0,R,1,4.0,R,1,4.0,R,1,0.0,S,0,-3.0,S,0,4.0,R,1,271,False
X229,23F,2754,Domestic,China,,0.125,0.25,0.25,16.0,16.0,1.0,0.125,8.0,-3.0,I,1,-2.0,S,0,-2.0,S,0,4.0,R,1,4.0,R,1,0.0,S,0,-3.0,S,0,3.0,R,1,2754,False
X23,19F,271,Domestic,China,,4.0,8.0,4.0,16.0,16.0,1.0,0.125,4.0,2.0,R,1,3.0,R,1,2.0,R,1,4.0,R,1,4.0,R,1,0.0,S,0,-3.0,S,0,2.0,R,1,271,False
X230,19A,271,Domestic,China,,4.0,8.0,4.0,16.0,16.0,1.0,0.125,16.0,2.0,R,1,3.0,R,1,2.0,R,1,4.0,R,1,4.0,R,1,0.0,S,0,-3.0,S,0,4.0,R,1,271,False
X231,9V,9063,Domestic,China,contamination,0.125,0.25,0.25,16.0,16.0,1.0,0.125,4.0,-3.0,I,1,-2.0,S,0,-2.0,S,0,4.0,R,1,4.0,R,1,0.0,S,0,-3.0,S,0,2.0,R,1,9063,False
X232,23B,13393,Domestic,China,,1.0,1.0,0.5,16.0,16.0,1.0,0.125,4.0,0.0,I,1,0.0,S,0,-1.0,S,0,4.0,R,1,4.0,R,1,0.0,S,0,-3.0,S,0,2.0,R,1,13393,False
X233,19A,320,Domestic,China,,4.0,8.0,1.0,16.0,16.0,1.0,0.125,8.0,2.0,R,1,3.0,R,1,0.0,S,0,4.0,R,1,4.0,R,1,0.0,S,0,-3.0,S,0,3.0,R,1,320,False
X234,19F,271,Domestic,China,,4.0,8.0,4.0,16.0,16.0,1.0,0.125,16.0,2.0,R,1,3.0,R,1,2.0,R,1,4.0,R,1,4.0,R,1,0.0,S,0,-3.0,S,0,4.0,R,1,271,False
X235,19A,320,Domestic,China,,4.0,8.0,1.0,16.0,16.0,1.0,0.25,8.0,2.0,R,1,3.0,R,1,0.0,S,0,4.0,R,1,4.0,R,1,0.0,S,0,-2.0,S,0,3.0,R,1,320,False
X236,19A,320,Domestic,China,,4.0,8.0,0.5,16.0,16.0,1.0,0.25,8.0,2.0,R,1,3.0,R,1,-1.0,S,0,4.0,R,1,4.0,R,1,0.0,S,0,-2.0,S,0,3.0,R,1,320,False
X237,19A,1464,Domestic,China,,8.0,8.0,4.0,16.0,16.0,1.0,0.25,16.0,3.0,R,1,3.0,R,1,2.0,R,1,4.0,R,1,4.0,R,1,0.0,S,0,-2.0,S,0,4.0,R,1,1464,False
X238,23F,9792,Domestic,China,,2.0,2.0,1.0,16.0,16.0,1.0,0.125,8.0,1.0,R,1,1.0,S,0,0.0,S,0,4.0,R,1,4.0,R,1,0.0,S,0,-3.0,S,0,3.0,R,1,9792,False
X239,19A,271,Domestic,China,,4.0,8.0,4.0,16.0,16.0,1.0,0.25,16.0,2.0,R,1,3.0,R,1,2.0,R,1,4.0,R,1,4.0,R,1,0.0,S,0,-2.0,S,0,4.0,R,1,271,False
X24,11A,320,Domestic,China,,2.0,8.0,1.0,16.0,16.0,1.0,0.125,4.0,1.0,R,1,3.0,R,1,0.0,S,0,4.0,R,1,4.0,R,1,0.0,S,0,-3.0,S,0,2.0,R,1,320,False
X240,40,3173,Domestic,China,,2.0,1.0,1.0,16.0,16.0,1.0,0.125,1.0,1.0,R,1,0.0,S,0,0.0,S,0,4.0,R,1,4.0,R,1,0.0,S,0,-3.0,S,0,0.0,I,1,3173,False
X241,19F,1937,Domestic,China,,4.0,2.0,1.0,16.0,16.0,1.0,0.25,16.0,2.0,R,1,1.0,S,0,0.0,S,0,4.0,R,1,4.0,R,1,0.0,S,0,-2.0,S,0,4.0,R,1,1937,False
X242,6A,3173,Domestic,China,,2.0,2.0,1.0,16.0,16.0,1.0,0.125,8.0,1.0,R,1,1.0,S,0,0.0,S,0,4.0,R,1,4.0,R,1,0.0,S,0,-3.0,S,0,3.0,R,1,3173,False
X243,28F,3263,Domestic,China,,0.125,0.25,0.25,16.0,16.0,1.0,0.064,8.0,-3.0,I,1,-2.0,S,0,-2.0,S,0,4.0,R,1,4.0,R,1,0.0,S,0,-4.0,S,0,3.0,R,1,3263,False
X244,19F,320,Domestic,China,,4.0,8.0,1.0,16.0,16.0,1.0,0.125,8.0,2.0,R,1,3.0,R,1,0.0,S,0,4.0,R,1,4.0,R,1,0.0,S,0,-3.0,S,0,3.0,R,1,320,False
X245,19F,1464,Domestic,China,,8.0,8.0,2.0,16.0,16.0,1.0,0.125,16.0,3.0,R,1,3.0,R,1,1.0,I,1,4.0,R,1,4.0,R,1,0.0,S,0,-3.0,S,0,4.0,R,1,1464,False
X246,19A,1464,Domestic,China,,8.0,8.0,2.0,16.0,16.0,1.0,0.125,16.0,3.0,R,1,3.0,R,1,1.0,I,1,4.0,R,1,4.0,R,1,0.0,S,0,-3.0,S,0,4.0,R,1,1464,False
X247,19A,320,Domestic,China,,8.0,8.0,2.0,16.0,16.0,1.0,0.125,8.0,3.0,R,1,3.0,R,1,1.0,I,1,4.0,R,1,4.0,R,1,0.0,S,0,-3.0,S,0,3.0,R,1,320,False
X248,20,2754,Domestic,China,,0.125,0.25,0.5,16.0,16.0,1.0,0.125,16.0,-3.0,I,1,-2.0,S,0,-1.0,S,0,4.0,R,1,4.0,R,1,0.0,S,0,-3.0,S,0,4.0,R,1,2754,False
X251,19F,271,Domestic,China,,4.0,8.0,8.0,16.0,16.0,1.0,0.125,16.0,2.0,R,1,3.0,R,1,3.0,R,1,4.0,R,1,4.0,R,1,0.0,S,0,-3.0,S,0,4.0,R,1,271,False
X252,19A,7962,Domestic,China,,4.0,8.0,1.0,16.0,16.0,1.0,0.125,16.0,2.0,R,1,3.0,R,1,0.0,S,0,4.0,R,1,4.0,R,1,0.0,S,0,-3.0,S,0,4.0,R,1,7962,False
X253,20,2912,Domestic,China,,0.125,0.25,0.25,16.0,16.0,0.5,0.064,8.0,-3.0,I,1,-2.0,S,0,-2.0,S,0,4.0,R,1,4.0,R,1,-1.0,S,0,-4.0,S,0,3.0,R,1,2912,False
X255,19F,1937,Domestic,China,,2.0,2.0,0.5,16.0,16.0,1.0,0.25,16.0,1.0,R,1,1.0,S,0,-1.0,S,0,4.0,R,1,4.0,R,1,0.0,S,0,-2.0,S,0,4.0,R,1,1937,False
X257,19F,236,Domestic,China,,2.0,1.0,0.5,16.0,16.0,1.0,0.125,0.5,1.0,R,1,0.0,S,0,-1.0,S,0,4.0,R,1,4.0,R,1,0.0,S,0,-3.0,S,0,-1.0,S,0,236,False
X258,19F,236,Domestic,China,,2.0,1.0,0.5,16.0,16.0,1.0,0.125,0.5,1.0,R,1,0.0,S,0,-1.0,S,0,4.0,R,1,4.0,R,1,0.0,S,0,-3.0,S,0,-1.0,S,0,236,False
X259,19A,1464,Domestic,China,,4.0,8.0,2.0,16.0,16.0,1.0,0.125,16.0,2.0,R,1,3.0,R,1,1.0,I,1,4.0,R,1,4.0,R,1,0.0,S,0,-3.0,S,0,4.0,R,1,1464,False
X26,19F,2912,Domestic,China,,2.0,1.0,1.0,16.0,16.0,1.0,0.064,8.0,1.0,R,1,0.0,S,0,0.0,S,0,4.0,R,1,4.0,R,1,0.0,S,0,-4.0,S,0,3.0,R,1,2912,False
X260,9V,2912,Domestic,China,,4.0,2.0,1.0,16.0,16.0,1.0,0.064,4.0,2.0,R,1,1.0,S,0,0.0,S,0,4.0,R,1,4.0,R,1,0.0,S,0,-4.0,S,0,2.0,R,1,2912,False
X261,7F,3545,Domestic,China,,0.125,0.25,0.5,16.0,16.0,1.0,0.125,2.0,-3.0,I,1,-2.0,S,0,-1.0,S,0,4.0,R,1,4.0,R,1,0.0,S,0,-3.0,S,0,1.0,I,1,3545,False
X262,19F,271,Domestic,China,,4.0,8.0,4.0,16.0,16.0,1.0,0.125,16.0,2.0,R,1,3.0,R,1,2.0,R,1,4.0,R,1,4.0,R,1,0.0,S,0,-3.0,S,0,4.0,R,1,271,False
X263,19A,271,Domestic,China,,4.0,8.0,4.0,16.0,16.0,1.0,0.125,16.0,2.0,R,1,3.0,R,1,2.0,R,1,4.0,R,1,4.0,R,1,0.0,S,0,-3.0,S,0,4.0,R,1,271,False
X264,19A,271,Domestic,China,,4.0,8.0,4.0,1.0,16.0,1.0,0.125,16.0,2.0,R,1,3.0,R,1,2.0,R,1,0.0,R,1,4.0,R,1,0.0,S,0,-3.0,S,0,4.0,R,1,271,False
X265,19F,81,Domestic,China,contamination,4.0,8.0,4.0,16.0,16.0,1.0,0.25,16.0,2.0,R,1,3.0,R,1,2.0,R,1,4.0,R,1,4.0,R,1,0.0,S,0,-2.0,S,0,4.0,R,1,81,False
X269,19F,271,Domestic,China,,2.0,2.0,0.5,16.0,16.0,1.0,0.125,8.0,1.0,R,1,1.0,S,0,-1.0,S,0,4.0,R,1,4.0,R,1,0.0,S,0,-3.0,S,0,3.0,R,1,271,False
X27,19A,271,Domestic,China,,4.0,8.0,4.0,16.0,16.0,1.0,0.125,16.0,2.0,R,1,3.0,R,1,2.0,R,1,4.0,R,1,4.0,R,1,0.0,S,0,-3.0,S,0,4.0,R,1,271,False
X271,9V,166,Domestic,China,contamination,2.0,2.0,0.25,16.0,16.0,1.0,0.125,16.0,1.0,R,1,1.0,S,0,-2.0,S,0,4.0,R,1,4.0,R,1,0.0,S,0,-3.0,S,0,4.0,R,1,166,False
X272,7F,11967,Domestic,China,,0.25,0.5,0.25,16.0,16.0,1.0,0.125,16.0,-2.0,I,1,-1.0,S,0,-2.0,S,0,4.0,R,1,4.0,R,1,0.0,S,0,-3.0,S,0,4.0,R,1,11967,False
X275,19F,271,Domestic,China,,1.0,2.0,1.0,16.0,16.0,1.0,0.125,16.0,0.0,I,1,1.0,S,0,0.0,S,0,4.0,R,1,4.0,R,1,0.0,S,0,-3.0,S,0,4.0,R,1,271,False
X276,19F,271,Domestic,China,,4.0,4.0,4.0,16.0,16.0,1.0,0.125,16.0,2.0,R,1,2.0,I,1,2.0,R,1,4.0,R,1,4.0,R,1,0.0,S,0,-3.0,S,0,4.0,R,1,271,False
X277,19F,271,Domestic,China,,2.0,4.0,4.0,16.0,16.0,1.0,0.125,16.0,1.0,R,1,2.0,I,1,2.0,R,1,4.0,R,1,4.0,R,1,0.0,S,0,-3.0,S,0,4.0,R,1,271,False
X278,19A,320,Domestic,China,,2.0,2.0,0.5,16.0,16.0,1.0,0.125,4.0,1.0,R,1,1.0,S,0,-1.0,S,0,4.0,R,1,4.0,R,1,0.0,S,0,-3.0,S,0,2.0,R,1,320,False
X280,9V,166,Domestic,China,contamination,1.0,0.5,0.5,16.0,16.0,1.0,0.125,16.0,0.0,I,1,-1.0,S,0,-1.0,S,0,4.0,R,1,4.0,R,1,0.0,S,0,-3.0,S,0,4.0,R,1,166,False
X282,14,876,Domestic,China,,2.0,0.5,0.5,16.0,8.0,0.5,0.125,0.25,1.0,R,1,-1.0,S,0,-1.0,S,0,4.0,R,1,3.0,R,1,-1.0,S,0,-3.0,S,0,-2.0,S,0,876,False
X284,19F,271,Domestic,China,,4.0,8.0,4.0,16.0,16.0,1.0,0.125,16.0,2.0,R,1,3.0,R,1,2.0,R,1,4.0,R,1,4.0,R,1,0.0,S,0,-3.0,S,0,4.0,R,1,271,False
X285,19F,320,Domestic,China,,4.0,8.0,1.0,16.0,16.0,1.0,0.25,16.0,2.0,R,1,3.0,R,1,0.0,S,0,4.0,R,1,4.0,R,1,0.0,S,0,-2.0,S,0,4.0,R,1,320,False
X286,23F,81,Domestic,China,,1.0,2.0,1.0,16.0,16.0,1.0,0.125,4.0,0.0,I,1,1.0,S,0,0.0,S,0,4.0,R,1,4.0,R,1,0.0,S,0,-3.0,S,0,2.0,R,1,81,False
X289,19F,271,Domestic,China,,2.0,4.0,4.0,16.0,16.0,1.0,0.25,16.0,1.0,R,1,2.0,I,1,2.0,R,1,4.0,R,1,4.0,R,1,0.0,S,0,-2.0,S,0,4.0,R,1,271,False
X29,15B,271,Domestic,China,,4.0,8.0,8.0,16.0,16.0,1.0,0.125,16.0,2.0,R,1,3.0,R,1,3.0,R,1,4.0,R,1,4.0,R,1,0.0,S,0,-3.0,S,0,4.0,R,1,271,False
X291,19F,271,Domestic,China,,4.0,4.0,4.0,16.0,16.0,1.0,0.25,16.0,2.0,R,1,2.0,I,1,2.0,R,1,4.0,R,1,4.0,R,1,0.0,S,0,-2.0,S,0,4.0,R,1,271,False
X292,19F,271,Domestic,China,,2.0,4.0,2.0,16.0,16.0,1.0,0.25,16.0,1.0,R,1,2.0,I,1,1.0,I,1,4.0,R,1,4.0,R,1,0.0,S,0,-2.0,S,0,4.0,R,1,271,False
X293,19F,320,Domestic,China,,4.0,4.0,1.0,16.0,16.0,1.0,0.25,8.0,2.0,R,1,2.0,I,1,0.0,S,0,4.0,R,1,4.0,R,1,0.0,S,0,-2.0,S,0,3.0,R,1,320,False
X294,15B,9785,Domestic,China,,4.0,4.0,1.0,16.0,16.0,1.0,0.125,8.0,2.0,R,1,2.0,I,1,0.0,S,0,4.0,R,1,4.0,R,1,0.0,S,0,-3.0,S,0,3.0,R,1,9785,False
X296,23B,271,Domestic,China,,4.0,2.0,1.0,16.0,16.0,1.0,0.125,4.0,2.0,R,1,1.0,S,0,0.0,S,0,4.0,R,1,4.0,R,1,0.0,S,0,-3.0,S,0,2.0,R,1,271,False
X297,19F,505,Domestic,China,,2.0,1.0,1.0,0.5,16.0,0.5,0.064,4.0,1.0,R,1,0.0,S,0,0.0,S,0,-1.0,I,1,4.0,R,1,-1.0,S,0,-4.0,S,0,2.0,R,1,505,False
X298,14,876,Domestic,China,,0.5,0.5,0.25,16.0,8.0,1.0,0.125,1.0,-1.0,I,1,-1.0,S,0,-2.0,S,0,4.0,R,1,3.0,R,1,0.0,S,0,-3.0,S,0,0.0,I,1,876,False
X30,19F,3500,Domestic,China,,0.125,0.25,0.25,0.25,0.25,1.0,0.125,0.125,-3.0,I,1,-2.0,S,0,-2.0,S,0,-2.0,S,0,-2.0,S,0,0.0,S,0,-3.0,S,0,-3.0,S,0,3500,False
X300,11A,166,Domestic,China,,2.0,1.0,1.0,16.0,16.0,1.0,0.125,8.0,1.0,R,1,0.0,S,0,0.0,S,0,4.0,R,1,4.0,R,1,0.0,S,0,-3.0,S,0,3.0,R,1,166,False
X301,16F,6542,Domestic,China,,0.25,0.25,0.25,0.5,0.25,0.5,0.064,0.5,-2.0,I,1,-2.0,S,0,-2.0,S,0,-1.0,I,1,-2.0,S,0,-1.0,S,0,-4.0,S,0,-1.0,S,0,6542,False
X303,35B,11945,Domestic,China,,0.5,0.5,0.5,2.0,16.0,0.5,0.064,0.5,-1.0,I,1,-1.0,S,0,-1.0,S,0,1.0,R,1,4.0,R,1,-1.0,S,0,-4.0,S,0,-1.0,S,0,11945,False
X304,6A,855,Domestic,China,,1.0,1.0,0.25,16.0,16.0,2.0,0.25,0.25,0.0,I,1,0.0,S,0,-2.0,S,0,4.0,R,1,4.0,R,1,1.0,S,0,-2.0,S,0,-2.0,S,0,855,False
X306,28F,9396,Domestic,China,,2.0,2.0,1.0,16.0,16.0,0.5,0.125,8.0,1.0,R,1,1.0,S,0,0.0,S,0,4.0,R,1,4.0,R,1,-1.0,S,0,-3.0,S,0,3.0,R,1,9396,False
X307,23F,189,Domestic,China,,2.0,2.0,1.0,16.0,16.0,1.0,0.125,4.0,1.0,R,1,1.0,S,0,0.0,S,0,4.0,R,1,4.0,R,1,0.0,S,0,-3.0,S,0,2.0,R,1,189,False
X308,19F,271,Domestic,China,,2.0,4.0,2.0,16.0,16.0,1.0,0.125,16.0,1.0,R,1,2.0,I,1,1.0,I,1,4.0,R,1,4.0,R,1,0.0,S,0,-3.0,S,0,4.0,R,1,271,False
X31,19F,2912,Domestic,China,,2.0,2.0,1.0,16.0,16.0,1.0,0.125,8.0,1.0,R,1,1.0,S,0,0.0,S,0,4.0,R,1,4.0,R,1,0.0,S,0,-3.0,S,0,3.0,R,1,2912,False
X310,47A,6327,Domestic,China,contamination,0.125,0.25,0.25,16.0,16.0,1.0,0.125,1.0,-3.0,I,1,-2.0,S,0,-2.0,S,0,4.0,R,1,4.0,R,1,0.0,S,0,-3.0,S,0,0.0,I,1,6327,False
X311,19F,271,Domestic,China,,2.0,4.0,2.0,16.0,16.0,1.0,0.125,16.0,1.0,R,1,2.0,I,1,1.0,I,1,4.0,R,1,4.0,R,1,0.0,S,0,-3.0,S,0,4.0,R,1,271,False
X313,15A,9785,Domestic,China,,4.0,4.0,1.0,16.0,16.0,1.0,0.125,4.0,2.0,R,1,2.0,I,1,0.0,S,0,4.0,R,1,4.0,R,1,0.0,S,0,-3.0,S,0,2.0,R,1,9785,False
X314,13,81,Domestic,China,,2.0,2.0,1.0,1.0,16.0,1.0,0.125,4.0,1.0,R,1,1.0,S,0,0.0,S,0,0.0,R,1,4.0,R,1,0.0,S,0,-3.0,S,0,2.0,R,1,81,False
X319,19F,271,Domestic,China,,4.0,8.0,4.0,16.0,16.0,1.0,0.25,16.0,2.0,R,1,3.0,R,1,2.0,R,1,4.0,R,1,4.0,R,1,0.0,S,0,-2.0,S,0,4.0,R,1,271,False
X32,19F,271,Domestic,China,,4.0,8.0,4.0,16.0,16.0,1.0,0.125,16.0,2.0,R,1,3.0,R,1,2.0,R,1,4.0,R,1,4.0,R,1,0.0,S,0,-3.0,S,0,4.0,R,1,271,False
X320,19F,271,Domestic,China,,2.0,4.0,4.0,16.0,16.0,1.0,0.25,16.0,1.0,R,1,2.0,I,1,2.0,R,1,4.0,R,1,4.0,R,1,0.0,S,0,-2.0,S,0,4.0,R,1,271,False
X321,19F,271,Domestic,China,,2.0,4.0,1.0,16.0,16.0,1.0,0.125,16.0,1.0,R,1,2.0,I,1,0.0,S,0,4.0,R,1,4.0,R,1,0.0,S,0,-3.0,S,0,4.0,R,1,271,False
X322,19F,320,Domestic,China,,4.0,8.0,1.0,16.0,16.0,1.0,0.25,8.0,2.0,R,1,3.0,R,1,0.0,S,0,4.0,R,1,4.0,R,1,0.0,S,0,-2.0,S,0,3.0,R,1,320,False
X323,19A,3465,Domestic,China,,0.125,0.25,0.25,8.0,16.0,0.5,0.064,0.5,-3.0,I,1,-2.0,S,0,-2.0,S,0,3.0,R,1,4.0,R,1,-1.0,S,0,-4.0,S,0,-1.0,S,0,3465,False
X324,19A,2912,Domestic,China,,0.5,1.0,0.5,16.0,16.0,1.0,0.125,4.0,-1.0,I,1,0.0,S,0,-1.0,S,0,4.0,R,1,4.0,R,1,0.0,S,0,-3.0,S,0,2.0,R,1,2912,False
X328,23F,505,Domestic,China,,0.125,0.25,0.25,0.25,16.0,0.5,0.125,0.125,-3.0,I,1,-2.0,S,0,-2.0,S,0,-2.0,S,0,4.0,R,1,-1.0,S,0,-3.0,S,0,-3.0,S,0,505,False
X33,19F,12449,Domestic,China,,4.0,8.0,4.0,16.0,16.0,1.0,0.125,16.0,2.0,R,1,3.0,R,1,2.0,R,1,4.0,R,1,4.0,R,1,0.0,S,0,-3.0,S,0,4.0,R,1,12449,False
X330,6C,2912,Domestic,China,,0.5,1.0,0.5,16.0,16.0,1.0,0.125,8.0,-1.0,I,1,0.0,S,0,-1.0,S,0,4.0,R,1,4.0,R,1,0.0,S,0,-3.0,S,0,3.0,R,1,2912,False
X331,15B,876,Domestic,China,,2.0,1.0,0.5,16.0,16.0,0.5,0.125,0.25,1.0,R,1,0.0,S,0,-1.0,S,0,4.0,R,1,4.0,R,1,-1.0,S,0,-3.0,S,0,-2.0,S,0,876,False
X333,19F,9785,Domestic,China,,4.0,4.0,2.0,16.0,16.0,1.0,0.25,8.0,2.0,R,1,2.0,I,1,1.0,I,1,4.0,R,1,4.0,R,1,0.0,S,0,-2.0,S,0,3.0,R,1,9785,False
X337,19F,271,Domestic,China,,2.0,8.0,2.0,16.0,16.0,1.0,0.25,16.0,1.0,R,1,3.0,R,1,1.0,I,1,4.0,R,1,4.0,R,1,0.0,S,0,-2.0,S,0,4.0,R,1,271,False
X338,6A,6340,Domestic,China,,2.0,2.0,1.0,4.0,16.0,1.0,0.125,16.0,1.0,R,1,1.0,S,0,0.0,S,0,2.0,R,1,4.0,R,1,0.0,S,0,-3.0,S,0,4.0,R,1,6340,False
X339,19F,271,Domestic,China,,2.0,4.0,2.0,16.0,16.0,1.0,0.25,16.0,1.0,R,1,2.0,I,1,1.0,I,1,4.0,R,1,4.0,R,1,0.0,S,0,-2.0,S,0,4.0,R,1,271,False
X34,19F,271,Domestic,China,,4.0,8.0,4.0,16.0,16.0,1.0,0.125,16.0,2.0,R,1,3.0,R,1,2.0,R,1,4.0,R,1,4.0,R,1,0.0,S,0,-3.0,S,0,4.0,R,1,271,False
X340,19F,12902,Domestic,China,,0.125,0.25,0.25,8.0,16.0,1.0,0.25,8.0,-3.0,I,1,-2.0,S,0,-2.0,S,0,3.0,R,1,4.0,R,1,0.0,S,0,-2.0,S,0,3.0,R,1,12902,False
X342,18C,870,Domestic,China,,0.125,0.25,0.25,16.0,16.0,1.0,0.25,4.0,-3.0,I,1,-2.0,S,0,-2.0,S,0,4.0,R,1,4.0,R,1,0.0,S,0,-2.0,S,0,2.0,R,1,870,False
X343,19F,505,Domestic,China,,0.125,0.25,0.25,0.5,16.0,0.5,0.064,0.125,-3.0,I,1,-2.0,S,0,-2.0,S,0,-1.0,I,1,4.0,R,1,-1.0,S,0,-4.0,S,0,-3.0,S,0,505,False
X344,23F,230,Domestic,China,,2.0,2.0,1.0,16.0,16.0,1.0,0.25,8.0,1.0,R,1,1.0,S,0,0.0,S,0,4.0,R,1,4.0,R,1,0.0,S,0,-2.0,S,0,3.0,R,1,230,False
X345,23F,81,Domestic,China,,2.0,2.0,1.0,16.0,16.0,1.0,0.125,4.0,1.0,R,1,1.0,S,0,0.0,S,0,4.0,R,1,4.0,R,1,0.0,S,0,-3.0,S,0,2.0,R,1,81,False
X346,19F,320,Domestic,China,,2.0,4.0,1.0,16.0,16.0,1.0,0.25,8.0,1.0,R,1,2.0,I,1,0.0,S,0,4.0,R,1,4.0,R,1,0.0,S,0,-2.0,S,0,3.0,R,1,320,False
X35,19F,15069,Domestic,China,,0.125,0.25,0.25,2.0,0.5,1.0,0.064,0.25,-3.0,I,1,-2.0,S,0,-2.0,S,0,1.0,R,1,-1.0,I,1,0.0,S,0,-4.0,S,0,-2.0,S,0,15069,False
X350,19F,271,Domestic,China,,4.0,8.0,2.0,16.0,16.0,1.0,0.25,16.0,2.0,R,1,3.0,R,1,1.0,I,1,4.0,R,1,4.0,R,1,0.0,S,0,-2.0,S,0,4.0,R,1,271,False
X351,23F,81,Domestic,China,,2.0,2.0,1.0,16.0,16.0,1.0,0.125,4.0,1.0,R,1,1.0,S,0,0.0,S,0,4.0,R,1,4.0,R,1,0.0,S,0,-3.0,S,0,2.0,R,1,81,False
X352,34,7751,Domestic,China,,0.125,0.25,0.25,16.0,16.0,1.0,0.25,0.125,-3.0,I,1,-2.0,S,0,-2.0,S,0,4.0,R,1,4.0,R,1,0.0,S,0,-2.0,S,0,-3.0,S,0,7751,False
X353,19A,320,Domestic,China,,4.0,2.0,1.0,16.0,16.0,1.0,0.25,4.0,2.0,R,1,1.0,S,0,0.0,S,0,4.0,R,1,4.0,R,1,0.0,S,0,-2.0,S,0,2.0,R,1,320,False
X355,11A,166,Domestic,China,,1.0,2.0,8.0,16.0,16.0,1.0,0.125,16.0,0.0,I,1,1.0,S,0,3.0,R,1,4.0,R,1,4.0,R,1,0.0,S,0,-3.0,S,0,4.0,R,1,166,False
X356,15B,10088,Domestic,China,,0.5,0.25,0.25,4.0,16.0,0.5,0.125,4.0,-1.0,I,1,-2.0,S,0,-2.0,S,0,2.0,R,1,4.0,R,1,-1.0,S,0,-3.0,S,0,2.0,R,1,10088,False
X357,19F,271,Domestic,China,,4.0,4.0,0.25,16.0,16.0,0.5,0.25,8.0,2.0,R,1,2.0,I,1,-2.0,S,0,4.0,R,1,4.0,R,1,-1.0,S,0,-2.0,S,0,3.0,R,1,271,False
X358,19F,271,Domestic,China,,0.25,1.0,0.25,16.0,16.0,0.5,0.125,8.0,-2.0,I,1,0.0,S,0,-2.0,S,0,4.0,R,1,4.0,R,1,-1.0,S,0,-3.0,S,0,3.0,R,1,271,False
X36,10A,6339,Domestic,China,,4.0,4.0,2.0,16.0,16.0,0.5,0.064,16.0,2.0,R,1,2.0,I,1,1.0,I,1,4.0,R,1,4.0,R,1,-1.0,S,0,-4.0,S,0,4.0,R,1,6339,False
X361,15A,6791,Domestic,China,,0.125,0.25,0.25,1.0,0.25,0.5,0.125,4.0,-3.0,I,1,-2.0,S,0,-2.0,S,0,0.0,R,1,-2.0,S,0,-1.0,S,0,-3.0,S,0,2.0,R,1,6791,False
X362,19F,271,Domestic,China,,1.0,1.0,0.25,16.0,16.0,1.0,0.25,8.0,0.0,I,1,0.0,S,0,-2.0,S,0,4.0,R,1,4.0,R,1,0.0,S,0,-2.0,S,0,3.0,R,1,271,False
X363,19F,271,Domestic,China,,0.125,0.25,0.25,16.0,0.25,0.5,0.064,2.0,-3.0,I,1,-2.0,S,0,-2.0,S,0,4.0,R,1,-2.0,S,0,-1.0,S,0,-4.0,S,0,1.0,I,1,271,False
X365,19F,1937,Domestic,China,,2.0,1.0,0.5,16.0,16.0,1.0,0.25,16.0,1.0,R,1,0.0,S,0,-1.0,S,0,4.0,R,1,4.0,R,1,0.0,S,0,-2.0,S,0,4.0,R,1,1937,False
X366,9A,166,Domestic,China,,2.0,2.0,1.0,16.0,16.0,1.0,0.25,16.0,1.0,R,1,1.0,S,0,0.0,S,0,4.0,R,1,4.0,R,1,0.0,S,0,-2.0,S,0,4.0,R,1,166,False
X367,19F,271,Domestic,China,,2.0,4.0,0.5,16.0,16.0,1.0,0.125,8.0,1.0,R,1,2.0,I,1,-1.0,S,0,4.0,R,1,4.0,R,1,0.0,S,0,-3.0,S,0,3.0,R,1,271,False
X368,11A,166,Domestic,China,,2.0,1.0,0.5,16.0,16.0,1.0,0.25,16.0,1.0,R,1,0.0,S,0,-1.0,S,0,4.0,R,1,4.0,R,1,0.0,S,0,-2.0,S,0,4.0,R,1,166,False
X369,28A,338,Domestic,China,,0.25,0.25,0.25,1.0,16.0,0.5,0.125,0.125,-2.0,I,1,-2.0,S,0,-2.0,S,0,0.0,R,1,4.0,R,1,-1.0,S,0,-3.0,S,0,-3.0,S,0,338,False
X37,19F,271,Domestic,China,,4.0,8.0,8.0,16.0,16.0,1.0,0.125,16.0,2.0,R,1,3.0,R,1,3.0,R,1,4.0,R,1,4.0,R,1,0.0,S,0,-3.0,S,0,4.0,R,1,271,False
X370,19F,271,Domestic,China,,0.25,0.25,0.25,16.0,0.25,0.5,0.25,8.0,-2.0,I,1,-2.0,S,0,-2.0,S,0,4.0,R,1,-2.0,S,0,-1.0,S,0,-2.0,S,0,3.0,R,1,271,False
X371,36,6791,Domestic,China,,0.125,0.25,0.25,8.0,0.25,0.5,0.064,4.0,-3.0,I,1,-2.0,S,0,-2.0,S,0,3.0,R,1,-2.0,S,0,-1.0,S,0,-4.0,S,0,2.0,R,1,6791,False
X372,19F,2758,Domestic,China,,0.125,0.25,0.5,16.0,16.0,1.0,0.25,16.0,-3.0,I,1,-2.0,S,0,-1.0,S,0,4.0,R,1,4.0,R,1,0.0,S,0,-2.0,S,0,4.0,R,1,2758,False
X373,19F,271,Domestic,China,,1.0,2.0,0.5,16.0,16.0,0.5,0.125,8.0,0.0,I,1,1.0,S,0,-1.0,S,0,4.0,R,1,4.0,R,1,-1.0,S,0,-3.0,S,0,3.0,R,1,271,False
X374,19F,271,Domestic,China,,2.0,4.0,1.0,16.0,16.0,1.0,0.25,8.0,1.0,R,1,2.0,I,1,0.0,S,0,4.0,R,1,4.0,R,1,0.0,S,0,-2.0,S,0,3.0,R,1,271,False
X376,37,6011,Domestic,China,,0.125,0.25,0.25,16.0,16.0,1.0,0.25,0.125,-3.0,I,1,-2.0,S,0,-2.0,S,0,4.0,R,1,4.0,R,1,0.0,S,0,-2.0,S,0,-3.0,S,0,6011,False
X378,19F,10236,Domestic,China,,1.0,0.5,0.25,16.0,16.0,1.0,0.125,1.0,0.0,I,1,-1.0,S,0,-2.0,S,0,4.0,R,1,4.0,R,1,0.0,S,0,-3.0,S,0,0.0,I,1,10236,False
X379,11A,166,Domestic,China,,2.0,2.0,1.0,16.0,16.0,1.0,0.25,16.0,1.0,R,1,1.0,S,0,0.0,S,0,4.0,R,1,4.0,R,1,0.0,S,0,-2.0,S,0,4.0,R,1,166,False
X38,15B,6339,Domestic,China,,2.0,2.0,1.0,16.0,16.0,1.0,0.064,0.125,1.0,R,1,1.0,S,0,0.0,S,0,4.0,R,1,4.0,R,1,0.0,S,0,-4.0,S,0,-3.0,S,0,6339,False
X380,16A,10392,Domestic,China,,0.125,0.25,0.25,16.0,16.0,1.0,0.125,4.0,-3.0,I,1,-2.0,S,0,-2.0,S,0,4.0,R,1,4.0,R,1,0.0,S,0,-3.0,S,0,2.0,R,1,10392,False
X381,19F,271,Domestic,China,,2.0,2.0,0.5,16.0,16.0,1.0,0.125,8.0,1.0,R,1,1.0,S,0,-1.0,S,0,4.0,R,1,4.0,R,1,0.0,S,0,-3.0,S,0,3.0,R,1,271,False
X382,23F,1437,Domestic,China,,0.5,0.25,0.5,16.0,16.0,1.0,0.125,1.0,-1.0,I,1,-2.0,S,0,-1.0,S,0,4.0,R,1,4.0,R,1,0.0,S,0,-3.0,S,0,0.0,I,1,1437,False
X383,23F,81,Domestic,China,,2.0,2.0,1.0,16.0,16.0,1.0,0.25,8.0,1.0,R,1,1.0,S,0,0.0,S,0,4.0,R,1,4.0,R,1,0.0,S,0,-2.0,S,0,3.0,R,1,81,False
X384,47F,6327,Domestic,China,contamination,0.125,0.25,0.25,16.0,16.0,1.0,0.25,1.0,-3.0,I,1,-2.0,S,0,-2.0,S,0,4.0,R,1,4.0,R,1,0.0,S,0,-2.0,S,0,0.0,I,1,6327,False
X386,11A,166,Domestic,China,,2.0,1.0,1.0,16.0,16.0,1.0,0.25,16.0,1.0,R,1,0.0,S,0,0.0,S,0,4.0,R,1,4.0,R,1,0.0,S,0,-2.0,S,0,4.0,R,1,166,False
X387,23F,230,Domestic,China,,2.0,2.0,0.5,16.0,16.0,1.0,0.125,4.0,1.0,R,1,1.0,S,0,-1.0,S,0,4.0,R,1,4.0,R,1,0.0,S,0,-3.0,S,0,2.0,R,1,230,False
X391,6A,3173,Domestic,China,,2.0,1.0,1.0,16.0,8.0,1.0,0.064,2.0,1.0,R,1,0.0,S,0,0.0,S,0,4.0,R,1,3.0,R,1,0.0,S,0,-4.0,S,0,1.0,I,1,3173,False
X392,19F,271,Domestic,China,,1.0,4.0,1.0,16.0,0.25,1.0,0.125,4.0,0.0,I,1,2.0,I,1,0.0,S,0,4.0,R,1,-2.0,S,0,0.0,S,0,-3.0,S,0,2.0,R,1,271,False
X394,14,320,Domestic,China,,4.0,8.0,2.0,16.0,16.0,1.0,0.125,4.0,2.0,R,1,3.0,R,1,1.0,I,1,4.0,R,1,4.0,R,1,0.0,S,0,-3.0,S,0,2.0,R,1,320,False
X395,11A,166,Domestic,China,,2.0,2.0,1.0,16.0,16.0,1.0,0.125,4.0,1.0,R,1,1.0,S,0,0.0,S,0,4.0,R,1,4.0,R,1,0.0,S,0,-3.0,S,0,2.0,R,1,166,False
X396,23F,81,Domestic,China,,2.0,1.0,1.0,16.0,16.0,1.0,0.125,8.0,1.0,R,1,0.0,S,0,0.0,S,0,4.0,R,1,4.0,R,1,0.0,S,0,-3.0,S,0,3.0,R,1,81,False
X397,6A,855,Domestic,China,,0.5,1.0,0.5,16.0,16.0,1.0,0.125,0.25,-1.0,I,1,0.0,S,0,-1.0,S,0,4.0,R,1,4.0,R,1,0.0,S,0,-3.0,S,0,-2.0,S,0,855,False
X398,19A,320,Domestic,China,,4.0,8.0,1.0,16.0,16.0,1.0,0.25,8.0,2.0,R,1,3.0,R,1,0.0,S,0,4.0,R,1,4.0,R,1,0.0,S,0,-2.0,S,0,3.0,R,1,320,False
X4,23F,5196,Domestic,China,,0.125,0.25,0.25,16.0,16.0,1.0,0.125,8.0,-3.0,I,1,-2.0,S,0,-2.0,S,0,4.0,R,1,4.0,R,1,0.0,S,0,-3.0,S,0,3.0,R,1,5196,False
X40,19A,320,Domestic,China,,4.0,8.0,2.0,16.0,16.0,1.0,0.125,16.0,2.0,R,1,3.0,R,1,1.0,I,1,4.0,R,1,4.0,R,1,0.0,S,0,-3.0,S,0,4.0,R,1,320,False
X400,19F,505,Domestic,China,,0.125,0.25,0.25,8.0,0.25,1.0,0.125,0.064,-3.0,I,1,-2.0,S,0,-2.0,S,0,3.0,R,1,-2.0,S,0,0.0,S,0,-3.0,S,0,-4.0,S,0,505,False
X401,23B,3263,Domestic,China,,0.125,0.25,0.25,2.0,0.25,1.0,0.125,4.0,-3.0,I,1,-2.0,S,0,-2.0,S,0,1.0,R,1,-2.0,S,0,0.0,S,0,-3.0,S,0,2.0,R,1,3263,False
X402,19F,271,Domestic,China,,4.0,8.0,4.0,16.0,16.0,1.0,0.125,8.0,2.0,R,1,3.0,R,1,2.0,R,1,4.0,R,1,4.0,R,1,0.0,S,0,-3.0,S,0,3.0,R,1,271,False
X403,23F,90,Domestic,China,,1.0,1.0,0.5,1.0,0.25,0.5,0.125,4.0,0.0,I,1,0.0,S,0,-1.0,S,0,0.0,R,1,-2.0,S,0,-1.0,S,0,-3.0,S,0,2.0,R,1,90,False
X404,15A,902,Domestic,China,,2.0,1.0,1.0,16.0,0.25,1.0,0.125,2.0,1.0,R,1,0.0,S,0,0.0,S,0,4.0,R,1,-2.0,S,0,0.0,S,0,-3.0,S,0,1.0,I,1,902,False
X405,8,3500,Domestic,China,,0.125,0.25,0.25,16.0,16.0,1.0,0.125,0.125,-3.0,I,1,-2.0,S,0,-2.0,S,0,4.0,R,1,4.0,R,1,0.0,S,0,-3.0,S,0,-3.0,S,0,3500,False
X406,19A,7397,Domestic,China,,0.125,0.25,0.25,16.0,16.0,1.0,0.125,4.0,-3.0,I,1,-2.0,S,0,-2.0,S,0,4.0,R,1,4.0,R,1,0.0,S,0,-3.0,S,0,2.0,R,1,7397,False
X407,19F,505,Domestic,China,,0.125,0.25,0.25,1.0,4.0,0.5,0.125,0.125,-3.0,I,1,-2.0,S,0,-2.0,S,0,0.0,R,1,2.0,R,1,-1.0,S,0,-3.0,S,0,-3.0,S,0,505,False
X408,23F,13646,Domestic,China,,0.125,0.25,0.25,16.0,16.0,1.0,0.125,4.0,-3.0,I,1,-2.0,S,0,-2.0,S,0,4.0,R,1,4.0,R,1,0.0,S,0,-3.0,S,0,2.0,R,1,13646,False
X411,28A,6227,Domestic,China,,1.0,1.0,0.5,16.0,16.0,1.0,0.125,8.0,0.0,I,1,0.0,S,0,-1.0,S,0,4.0,R,1,4.0,R,1,0.0,S,0,-3.0,S,0,3.0,R,1,6227,False
X412,19A,320,Domestic,China,,2.0,4.0,1.0,16.0,16.0,1.0,0.25,8.0,1.0,R,1,2.0,I,1,0.0,S,0,4.0,R,1,4.0,R,1,0.0,S,0,-2.0,S,0,3.0,R,1,320,False
X413,23F,13646,Domestic,China,,0.125,0.25,0.25,16.0,16.0,1.0,0.125,4.0,-3.0,I,1,-2.0,S,0,-2.0,S,0,4.0,R,1,4.0,R,1,0.0,S,0,-3.0,S,0,2.0,R,1,13646,False
X415,10A,6944,Domestic,China,,0.125,0.25,0.25,16.0,16.0,1.0,0.125,4.0,-3.0,I,1,-2.0,S,0,-2.0,S,0,4.0,R,1,4.0,R,1,0.0,S,0,-3.0,S,0,2.0,R,1,6944,False
X416,37,6791,Domestic,China,,0.125,0.25,0.25,0.25,0.5,0.5,0.064,0.125,-3.0,I,1,-2.0,S,0,-2.0,S,0,-2.0,S,0,-1.0,I,1,-1.0,S,0,-4.0,S,0,-3.0,S,0,6791,False
X417,17F,4661,Domestic,China,,0.125,0.25,0.25,16.0,16.0,1.0,0.125,0.125,-3.0,I,1,-2.0,S,0,-2.0,S,0,4.0,R,1,4.0,R,1,0.0,S,0,-3.0,S,0,-3.0,S,0,4661,False
X418,20,10071,Domestic,China,contamination,0.125,0.25,0.25,16.0,16.0,1.0,0.125,0.5,-3.0,I,1,-2.0,S,0,-2.0,S,0,4.0,R,1,4.0,R,1,0.0,S,0,-3.0,S,0,-1.0,S,0,10071,False
X419,6B,3263,Domestic,China,,0.125,0.25,0.25,16.0,16.0,1.0,0.125,8.0,-3.0,I,1,-2.0,S,0,-2.0,S,0,4.0,R,1,4.0,R,1,0.0,S,0,-3.0,S,0,3.0,R,1,3263,False
X420,19F,271,Domestic,China,,4.0,8.0,4.0,16.0,16.0,1.0,0.25,16.0,2.0,R,1,3.0,R,1,2.0,R,1,4.0,R,1,4.0,R,1,0.0,S,0,-2.0,S,0,4.0,R,1,271,False
X421,15A,11972,Domestic,China,,2.0,2.0,1.0,16.0,16.0,1.0,0.25,0.125,1.0,R,1,1.0,S,0,0.0,S,0,4.0,R,1,4.0,R,1,0.0,S,0,-2.0,S,0,-3.0,S,0,11972,False
X422,16A,6542,Domestic,China,,0.25,0.25,0.25,1.0,0.5,0.5,0.064,0.5,-2.0,I,1,-2.0,S,0,-2.0,S,0,0.0,R,1,-1.0,I,1,-1.0,S,0,-4.0,S,0,-1.0,S,0,6542,False
X423,23F,81,Domestic,China,,2.0,2.0,1.0,16.0,16.0,1.0,0.125,4.0,1.0,R,1,1.0,S,0,0.0,S,0,4.0,R,1,4.0,R,1,0.0,S,0,-3.0,S,0,2.0,R,1,81,False
X425,13,8738,Domestic,China,,4.0,2.0,2.0,16.0,16.0,1.0,0.125,4.0,2.0,R,1,1.0,S,0,1.0,I,1,4.0,R,1,4.0,R,1,0.0,S,0,-3.0,S,0,2.0,R,1,8738,False
X427,10A,9234,Domestic,China,,0.125,0.25,0.25,16.0,16.0,1.0,0.25,4.0,-3.0,I,1,-2.0,S,0,-2.0,S,0,4.0,R,1,4.0,R,1,0.0,S,0,-2.0,S,0,2.0,R,1,9234,False
X428,28A,230,Domestic,China,,4.0,4.0,0.5,16.0,16.0,1.0,0.125,8.0,2.0,R,1,2.0,I,1,-1.0,S,0,4.0,R,1,4.0,R,1,0.0,S,0,-3.0,S,0,3.0,R,1,230,False
X429,19F,11967,Domestic,China,,2.0,2.0,1.0,16.0,16.0,1.0,0.25,8.0,1.0,R,1,1.0,S,0,0.0,S,0,4.0,R,1,4.0,R,1,0.0,S,0,-2.0,S,0,3.0,R,1,11967,False
X43,19A,271,Domestic,China,,2.0,2.0,4.0,16.0,16.0,1.0,0.125,0.125,1.0,R,1,1.0,S,0,2.0,R,1,4.0,R,1,4.0,R,1,0.0,S,0,-3.0,S,0,-3.0,S,0,271,False
X433,23F,81,Domestic,China,,1.0,1.0,1.0,16.0,16.0,0.5,0.064,4.0,0.0,I,1,0.0,S,0,0.0,S,0,4.0,R,1,4.0,R,1,-1.0,S,0,-4.0,S,0,2.0,R,1,81,False
X437,19F,320,Domestic,China,,2.0,8.0,1.0,16.0,16.0,1.0,0.25,8.0,1.0,R,1,3.0,R,1,0.0,S,0,4.0,R,1,4.0,R,1,0.0,S,0,-2.0,S,0,3.0,R,1,320,False
X438,15A,11972,Domestic,China,,2.0,2.0,1.0,16.0,16.0,1.0,0.125,0.5,1.0,R,1,1.0,S,0,0.0,S,0,4.0,R,1,4.0,R,1,0.0,S,0,-3.0,S,0,-1.0,S,0,11972,False
X44,3,15069,Domestic,China,,0.125,0.25,0.25,1.0,0.25,1.0,0.064,16.0,-3.0,I,1,-2.0,S,0,-2.0,S,0,0.0,R,1,-2.0,S,0,0.0,S,0,-4.0,S,0,4.0,R,1,15069,False
X440,11A,99,Domestic,China,,0.125,0.25,0.25,2.0,4.0,1.0,0.125,8.0,-3.0,I,1,-2.0,S,0,-2.0,S,0,1.0,R,1,2.0,R,1,0.0,S,0,-3.0,S,0,3.0,R,1,99,False
X441,15A,15701,Domestic,China,,2.0,2.0,1.0,4.0,16.0,0.5,0.125,4.0,1.0,R,1,1.0,S,0,0.0,S,0,2.0,R,1,4.0,R,1,-1.0,S,0,-3.0,S,0,2.0,R,1,15701,False
X46,19F,271,Domestic,China,,8.0,8.0,8.0,16.0,16.0,1.0,0.125,0.5,3.0,R,1,3.0,R,1,3.0,R,1,4.0,R,1,4.0,R,1,0.0,S,0,-3.0,S,0,-1.0,S,0,271,False
X47,19A,902,Domestic,China,,2.0,1.0,0.5,16.0,16.0,1.0,0.125,16.0,1.0,R,1,0.0,S,0,-1.0,S,0,4.0,R,1,4.0,R,1,0.0,S,0,-3.0,S,0,4.0,R,1,902,False
X48,19A,271,Domestic,China,,4.0,8.0,8.0,16.0,16.0,1.0,0.125,16.0,2.0,R,1,3.0,R,1,3.0,R,1,4.0,R,1,4.0,R,1,0.0,S,0,-3.0,S,0,4.0,R,1,271,False
X5,19F,271,Domestic,China,,4.0,8.0,4.0,16.0,16.0,1.0,0.125,16.0,2.0,R,1,3.0,R,1,2.0,R,1,4.0,R,1,4.0,R,1,0.0,S,0,-3.0,S,0,4.0,R,1,271,False
X52,19A,271,Domestic,China,,4.0,8.0,4.0,16.0,16.0,1.0,0.125,16.0,2.0,R,1,3.0,R,1,2.0,R,1,4.0,R,1,4.0,R,1,0.0,S,0,-3.0,S,0,4.0,R,1,271,False
X54,35A,6327,Domestic,China,contamination,0.125,0.25,0.25,16.0,16.0,1.0,0.125,0.5,-3.0,I,1,-2.0,S,0,-2.0,S,0,4.0,R,1,4.0,R,1,0.0,S,0,-3.0,S,0,-1.0,S,0,6327,False
X55,37,6542,Domestic,China,,2.0,2.0,0.5,16.0,16.0,1.0,0.064,1.0,1.0,R,1,1.0,S,0,-1.0,S,0,4.0,R,1,4.0,R,1,0.0,S,0,-4.0,S,0,0.0,I,1,6542,False
X56,42,90,Domestic,China,,0.5,0.5,0.5,8.0,16.0,0.5,0.064,4.0,-1.0,I,1,-1.0,S,0,-1.0,S,0,3.0,R,1,4.0,R,1,-1.0,S,0,-4.0,S,0,2.0,R,1,90,False
X57,6A,9821,Domestic,China,,0.125,0.25,0.25,16.0,16.0,1.0,0.25,16.0,-3.0,I,1,-2.0,S,0,-2.0,S,0,4.0,R,1,4.0,R,1,0.0,S,0,-2.0,S,0,4.0,R,1,9821,False
X58,19F,4560,Domestic,China,,4.0,8.0,4.0,16.0,16.0,1.0,0.125,16.0,2.0,R,1,3.0,R,1,2.0,R,1,4.0,R,1,4.0,R,1,0.0,S,0,-3.0,S,0,4.0,R,1,4560,False
X6,47F,8356,Domestic,China,,2.0,2.0,1.0,16.0,16.0,1.0,0.125,0.125,1.0,R,1,1.0,S,0,0.0,S,0,4.0,R,1,4.0,R,1,0.0,S,0,-3.0,S,0,-3.0,S,0,8356,False
X60,15A,12449,Domestic,China,,0.125,0.25,0.25,16.0,16.0,1.0,0.125,0.064,-3.0,I,1,-2.0,S,0,-2.0,S,0,4.0,R,1,4.0,R,1,0.0,S,0,-3.0,S,0,-4.0,S,0,12449,False
X61,19F,320,Domestic,China,,4.0,8.0,1.0,16.0,16.0,1.0,0.25,8.0,2.0,R,1,3.0,R,1,0.0,S,0,4.0,R,1,4.0,R,1,0.0,S,0,-2.0,S,0,3.0,R,1,320,False
X62,6A,3173,Domestic,China,,2.0,1.0,1.0,16.0,16.0,1.0,0.125,1.0,1.0,R,1,0.0,S,0,0.0,S,0,4.0,R,1,4.0,R,1,0.0,S,0,-3.0,S,0,0.0,I,1,3173,False
X64,29,6327,Domestic,China,contamination,0.125,0.25,0.25,16.0,16.0,1.0,0.125,0.5,-3.0,I,1,-2.0,S,0,-2.0,S,0,4.0,R,1,4.0,R,1,0.0,S,0,-3.0,S,0,-1.0,S,0,6327,False
X65,19A,271,Domestic,China,,4.0,8.0,4.0,16.0,16.0,1.0,0.25,16.0,2.0,R,1,3.0,R,1,2.0,R,1,4.0,R,1,4.0,R,1,0.0,S,0,-2.0,S,0,4.0,R,1,271,False
X66,6A,3173,Domestic,China,,2.0,1.0,2.0,16.0,16.0,1.0,0.125,16.0,1.0,R,1,0.0,S,0,1.0,I,1,4.0,R,1,4.0,R,1,0.0,S,0,-3.0,S,0,4.0,R,1,3173,False
X67,6A,2754,Domestic,China,,2.0,1.0,2.0,16.0,16.0,1.0,0.125,16.0,1.0,R,1,0.0,S,0,1.0,I,1,4.0,R,1,4.0,R,1,0.0,S,0,-3.0,S,0,4.0,R,1,2754,False
X68,42,7752,Domestic,China,,0.125,0.25,0.25,16.0,16.0,1.0,0.25,16.0,-3.0,I,1,-2.0,S,0,-2.0,S,0,4.0,R,1,4.0,R,1,0.0,S,0,-2.0,S,0,4.0,R,1,7752,False
X69,11A,99,Domestic,China,,2.0,2.0,1.0,16.0,16.0,1.0,0.25,16.0,1.0,R,1,1.0,S,0,0.0,S,0,4.0,R,1,4.0,R,1,0.0,S,0,-2.0,S,0,4.0,R,1,99,False
X70,34,6327,Domestic,China,contamination,0.125,0.25,0.25,16.0,16.0,1.0,0.25,16.0,-3.0,I,1,-2.0,S,0,-2.0,S,0,4.0,R,1,4.0,R,1,0.0,S,0,-2.0,S,0,4.0,R,1,6327,False
X72,16A,99,Domestic,China,,4.0,4.0,4.0,16.0,16.0,1.0,0.25,8.0,2.0,R,1,2.0,I,1,2.0,R,1,4.0,R,1,4.0,R,1,0.0,S,0,-2.0,S,0,3.0,R,1,99,False
X73,19A,320,Domestic,China,,2.0,8.0,1.0,16.0,16.0,1.0,0.25,8.0,1.0,R,1,3.0,R,1,0.0,S,0,4.0,R,1,4.0,R,1,0.0,S,0,-2.0,S,0,3.0,R,1,320,False
X74,6A,3173,Domestic,China,,2.0,2.0,1.0,16.0,16.0,1.0,0.125,2.0,1.0,R,1,1.0,S,0,0.0,S,0,4.0,R,1,4.0,R,1,0.0,S,0,-3.0,S,0,1.0,I,1,3173,False
X75,19F,320,Domestic,China,,4.0,8.0,2.0,16.0,16.0,1.0,0.25,16.0,2.0,R,1,3.0,R,1,1.0,I,1,4.0,R,1,4.0,R,1,0.0,S,0,-2.0,S,0,4.0,R,1,320,False
X76,23F,6323,Domestic,China,,0.125,0.25,0.25,16.0,16.0,1.0,0.125,0.5,-3.0,I,1,-2.0,S,0,-2.0,S,0,4.0,R,1,4.0,R,1,0.0,S,0,-3.0,S,0,-1.0,S,0,6323,False
X77,28F,6320,Domestic,China,,0.125,0.25,0.25,16.0,16.0,1.0,0.125,0.25,-3.0,I,1,-2.0,S,0,-2.0,S,0,4.0,R,1,4.0,R,1,0.0,S,0,-3.0,S,0,-2.0,S,0,6320,False
X79,6A,271,Domestic,China,,4.0,8.0,8.0,16.0,16.0,1.0,0.125,16.0,2.0,R,1,3.0,R,1,3.0,R,1,4.0,R,1,4.0,R,1,0.0,S,0,-3.0,S,0,4.0,R,1,271,False
X80,19F,320,Domestic,China,,4.0,8.0,2.0,16.0,16.0,1.0,0.25,8.0,2.0,R,1,3.0,R,1,1.0,I,1,4.0,R,1,4.0,R,1,0.0,S,0,-2.0,S,0,3.0,R,1,320,False
X81,19F,320,Domestic,China,,4.0,8.0,1.0,16.0,16.0,1.0,0.25,8.0,2.0,R,1,3.0,R,1,0.0,S,0,4.0,R,1,4.0,R,1,0.0,S,0,-2.0,S,0,3.0,R,1,320,False
X82,19A,271,Domestic,China,,4.0,8.0,4.0,16.0,16.0,1.0,0.25,16.0,2.0,R,1,3.0,R,1,2.0,R,1,4.0,R,1,4.0,R,1,0.0,S,0,-2.0,S,0,4.0,R,1,271,False
X83,19A,271,Domestic,China,,4.0,8.0,8.0,16.0,16.0,1.0,0.25,16.0,2.0,R,1,3.0,R,1,3.0,R,1,4.0,R,1,4.0,R,1,0.0,S,0,-2.0,S,0,4.0,R,1,271,False
X84,19A,271,Domestic,China,,4.0,8.0,4.0,16.0,16.0,1.0,0.25,16.0,2.0,R,1,3.0,R,1,2.0,R,1,4.0,R,1,4.0,R,1,0.0,S,0,-2.0,S,0,4.0,R,1,271,False
X86,19F,320,Domestic,China,,4.0,8.0,2.0,16.0,16.0,1.0,0.25,16.0,2.0,R,1,3.0,R,1,1.0,I,1,4.0,R,1,4.0,R,1,0.0,S,0,-2.0,S,0,4.0,R,1,320,False
X87,19A,271,Domestic,China,,8.0,8.0,8.0,16.0,16.0,1.0,0.125,16.0,3.0,R,1,3.0,R,1,3.0,R,1,4.0,R,1,4.0,R,1,0.0,S,0,-3.0,S,0,4.0,R,1,271,False
X88,19F,320*,Domestic,China,,4.0,8.0,2.0,16.0,16.0,1.0,0.25,16.0,2.0,R,1,3.0,R,1,1.0,I,1,4.0,R,1,4.0,R,1,0.0,S,0,-2.0,S,0,4.0,R,1,320*,True
X89,6B,7397,Domestic,China,,0.125,0.25,0.25,16.0,16.0,1.0,0.25,4.0,-3.0,I,1,-2.0,S,0,-2.0,S,0,4.0,R,1,4.0,R,1,0.0,S,0,-2.0,S,0,2.0,R,1,7397,False
X9,19F,271,Domestic,China,,4.0,8.0,4.0,16.0,16.0,1.0,0.125,16.0,2.0,R,1,3.0,R,1,2.0,R,1,4.0,R,1,4.0,R,1,0.0,S,0,-3.0,S,0,4.0,R,1,271,False
X92,19F,271,Domestic,China,,4.0,8.0,4.0,16.0,16.0,1.0,0.25,16.0,2.0,R,1,3.0,R,1,2.0,R,1,4.0,R,1,4.0,R,1,0.0,S,0,-2.0,S,0,4.0,R,1,271,False
X93,19F,2912,Domestic,China,,0.125,0.25,0.25,16.0,16.0,1.0,0.125,8.0,-3.0,I,1,-2.0,S,0,-2.0,S,0,4.0,R,1,4.0,R,1,0.0,S,0,-3.0,S,0,3.0,R,1,2912,False
X94,42,320,Domestic,China,,4.0,8.0,2.0,16.0,16.0,1.0,0.25,8.0,2.0,R,1,3.0,R,1,1.0,I,1,4.0,R,1,4.0,R,1,0.0,S,0,-2.0,S,0,3.0,R,1,320,False
X95,14,876,Domestic,China,,2.0,2.0,1.0,16.0,16.0,1.0,0.125,0.5,1.0,R,1,1.0,S,0,0.0,S,0,4.0,R,1,4.0,R,1,0.0,S,0,-3.0,S,0,-1.0,S,0,876,False
X96,19F,271,Domestic,China,,4.0,8.0,8.0,16.0,16.0,1.0,0.125,16.0,2.0,R,1,3.0,R,1,3.0,R,1,4.0,R,1,4.0,R,1,0.0,S,0,-3.0,S,0,4.0,R,1,271,False
X97,19F,271,Domestic,China,,4.0,8.0,4.0,16.0,16.0,1.0,0.125,16.0,2.0,R,1,3.0,R,1,2.0,R,1,4.0,R,1,4.0,R,1,0.0,S,0,-3.0,S,0,4.0,R,1,271,False
X98,9N,1263,Domestic,China,contamination,0.125,0.25,0.25,16.0,16.0,1.0,0.125,4.0,-3.0,I,1,-2.0,S,0,-2.0,S,0,4.0,R,1,4.0,R,1,0.0,S,0,-3.0,S,0,2.0,R,1,1263,False
X99,14,876,Domestic,China,,2.0,1.0,4.0,16.0,16.0,1.0,0.125,0.5,1.0,R,1,0.0,S,0,2.0,R,1,4.0,R,1,4.0,R,1,0.0,S,0,-3.0,S,0,-1.0,S,0,876,False
XiJ-19-56,19F,271,Domestic,China,,4.0,8.0,4.0,16.0,16.0,1.0,0.25,16.0,2.0,R,1,3.0,R,1,2.0,R,1,4.0,R,1,4.0,R,1,0.0,S,0,-2.0,S,0,4.0,R,1,271,False
GPS_NO_NIPH_537,9N,66,GPS,NORWAY,,0.032,0.032,0.25,0.125,0.125,1.0,0.125,0.25,-5.0,S,0,-5.0,S,0,-2.0,S,0,-3.0,S,0,-3.0,S,0,0.0,S,0,-3.0,S,0,-2.0,S,0,66,False
GPS_NO_NIPH_851,15A,11287,GPS,NORWAY,,0.032,0.032,0.25,0.125,0.125,1.0,0.125,0.25,-5.0,S,0,-5.0,S,0,-2.0,S,0,-3.0,S,0,-3.0,S,0,0.0,S,0,-3.0,S,0,-2.0,S,0,11287,False
SPE_GB3_872183,19A,416,GPS,UNITED KINGDOM,,0.032,0.032,0.25,0.125,0.125,1.0,0.125,0.25,-5.0,S,0,-5.0,S,0,-2.0,S,0,-3.0,S,0,-3.0,S,0,0.0,S,0,-3.0,S,0,-2.0,S,0,416,False
SPE_GB3_874964,8,53,GPS,UNITED KINGDOM,,0.032,0.032,0.25,0.125,0.125,1.0,0.125,0.25,-5.0,S,0,-5.0,S,0,-2.0,S,0,-3.0,S,0,-3.0,S,0,0.0,S,0,-3.0,S,0,-2.0,S,0,53,False
GPS_ES_CAN_2688,6C,386,GPS,SPAIN,,0.125,0.125,0.25,2.0,2.0,1.0,0.25,0.25,-3.0,I,1,-3.0,S,0,-2.0,S,0,1.0,R,1,1.0,R,1,0.0,S,0,-2.0,S,0,-2.0,S,0,386,False
SPE_GB3_877331,8,53,GPS,UNITED KINGDOM,,0.032,0.032,0.25,0.125,0.125,1.0,0.25,0.25,-5.0,S,0,-5.0,S,0,-2.0,S,0,-3.0,S,0,-3.0,S,0,0.0,S,0,-2.0,S,0,-2.0,S,0,53,False
GPS_ZA_8545,13,10595,GPS,SOUTH AFRICA,,0.032,0.5,0.032,0.032,0.064,1.0,0.25,0.125,-5.0,S,0,-1.0,S,0,-5.0,S,0,-5.0,S,0,-4.0,S,0,0.0,S,0,-2.0,S,0,-3.0,S,0,10595,False
SPE_GB3_883070,33F,717,GPS,UNITED KINGDOM,,0.032,0.032,0.25,2.0,2.0,1.0,0.125,0.25,-5.0,S,0,-5.0,S,0,-2.0,S,0,1.0,R,1,1.0,R,1,0.0,S,0,-3.0,S,0,-2.0,S,0,717,False
GPS_NO_NIPH_749,22F,17272,GPS,NORWAY,,0.032,0.032,0.25,0.125,0.125,1.0,0.125,0.25,-5.0,S,0,-5.0,S,0,-2.0,S,0,-3.0,S,0,-3.0,S,0,0.0,S,0,-3.0,S,0,-2.0,S,0,17272,False
SPE_GB3_873520,3,180,GPS,UNITED KINGDOM,,0.032,0.032,0.25,0.125,0.125,1.0,0.25,0.25,-5.0,S,0,-5.0,S,0,-2.0,S,0,-3.0,S,0,-3.0,S,0,0.0,S,0,-2.0,S,0,-2.0,S,0,180,False
GPS_ZA_8464,3,458,GPS,SOUTH AFRICA,,0.032,0.5,0.032,0.064,0.064,1.0,0.125,0.125,-5.0,S,0,-1.0,S,0,-5.0,S,0,-4.0,S,0,-4.0,S,0,0.0,S,0,-3.0,S,0,-3.0,S,0,458,False
SPE_GB3_875006,15A,63,GPS,UNITED KINGDOM,,0.25,0.032,0.25,2.0,2.0,1.0,0.125,0.25,-2.0,I,1,-5.0,S,0,-2.0,S,0,1.0,R,1,1.0,R,1,0.0,S,0,-3.0,S,0,-2.0,S,0,63,False
SPE_GB3_893979,33F,100,GPS,UNITED KINGDOM,,0.032,0.032,0.25,0.125,0.125,1.0,0.25,0.25,-5.0,S,0,-5.0,S,0,-2.0,S,0,-3.0,S,0,-3.0,S,0,0.0,S,0,-2.0,S,0,-2.0,S,0,100,False
SPE_GB3_885167,3,1220,GPS,UNITED KINGDOM,,0.032,0.032,0.25,0.125,0.125,1.0,0.125,0.25,-5.0,S,0,-5.0,S,0,-2.0,S,0,-3.0,S,0,-3.0,S,0,0.0,S,0,-3.0,S,0,-2.0,S,0,1220,False
SPE_GB3_901567,15B,162,GPS,UNITED KINGDOM,,0.032,0.032,0.25,2.0,0.125,1.0,0.125,0.25,-5.0,S,0,-5.0,S,0,-2.0,S,0,1.0,R,1,-3.0,S,0,0.0,S,0,-3.0,S,0,-2.0,S,0,162,False
GPS_ZA_8575,3,700,GPS,SOUTH AFRICA,,1.0,0.5,0.25,0.032,0.125,1.0,0.125,8.0,0.0,I,1,-1.0,S,0,-2.0,S,0,-5.0,S,0,-3.0,S,0,0.0,S,0,-3.0,S,0,3.0,R,1,700,False
SPE_GB3_893929,9N,66,GPS,UNITED KINGDOM,,0.032,0.032,0.25,0.125,0.125,1.0,0.125,0.25,-5.0,S,0,-5.0,S,0,-2.0,S,0,-3.0,S,0,-3.0,S,0,0.0,S,0,-3.0,S,0,-2.0,S,0,66,False
SPE_GB3_897412,38,393,GPS,UNITED KINGDOM,,0.032,0.032,0.25,0.125,0.125,1.0,0.125,0.25,-5.0,S,0,-5.0,S,0,-2.0,S,0,-3.0,S,0,-3.0,S,0,0.0,S,0,-3.0,S,0,-2.0,S,0,393,False
GPS_ZA_8602,3,458,GPS,SOUTH AFRICA,,0.032,0.5,0.032,0.064,0.064,1.0,0.125,0.25,-5.0,S,0,-1.0,S,0,-5.0,S,0,-4.0,S,0,-4.0,S,0,0.0,S,0,-3.0,S,0,-2.0,S,0,458,False
SPE_GB3_885179,23B,1349,GPS,UNITED KINGDOM,,0.25,0.064,0.25,0.125,0.125,1.0,0.125,8.0,-2.0,I,1,-4.0,S,0,-2.0,S,0,-3.0,S,0,-3.0,S,0,0.0,S,0,-3.0,S,0,3.0,R,1,1349,False
SPE_GB3_909766,9N,66,GPS,UNITED KINGDOM,,0.032,0.032,0.25,0.125,0.125,1.0,0.25,0.25,-5.0,S,0,-5.0,S,0,-2.0,S,0,-3.0,S,0,-3.0,S,0,0.0,S,0,-2.0,S,0,-2.0,S,0,66,False
SPE_GB3_897354,10A,97,GPS,UNITED KINGDOM,,0.032,0.032,0.25,0.125,0.125,1.0,0.125,0.25,-5.0,S,0,-5.0,S,0,-2.0,S,0,-3.0,S,0,-3.0,S,0,0.0,S,0,-3.0,S,0,-2.0,S,0,97,False
GPS_NO_NIPH_1070,11A,62,GPS,NORWAY,,0.032,0.032,0.25,0.125,0.125,1.0,0.125,0.25,-5.0,S,0,-5.0,S,0,-2.0,S,0,-3.0,S,0,-3.0,S,0,0.0,S,0,-3.0,S,0,-2.0,S,0,62,False
GPS_ZA_8534,21,7068,GPS,SOUTH AFRICA,,0.064,0.5,0.032,0.032,0.125,1.0,0.125,0.5,-4.0,I,1,-1.0,S,0,-5.0,S,0,-5.0,S,0,-3.0,S,0,0.0,S,0,-3.0,S,0,-1.0,S,0,7068,False
GPS_NO_NIPH_890,22F,433,GPS,NORWAY,,0.032,0.032,0.25,0.125,0.125,1.0,0.25,0.25,-5.0,S,0,-5.0,S,0,-2.0,S,0,-3.0,S,0,-3.0,S,0,0.0,S,0,-2.0,S,0,-2.0,S,0,433,False
SPE_GB3_897413,3,180,GPS,UNITED KINGDOM,,0.032,0.032,0.25,0.125,0.125,1.0,0.125,0.25,-5.0,S,0,-5.0,S,0,-2.0,S,0,-3.0,S,0,-3.0,S,0,0.0,S,0,-3.0,S,0,-2.0,S,0,180,False
SPE_GB3_894540,23B,439,GPS,UNITED KINGDOM,,0.032,0.032,0.25,0.125,0.125,1.0,0.125,0.25,-5.0,S,0,-5.0,S,0,-2.0,S,0,-3.0,S,0,-3.0,S,0,0.0,S,0,-3.0,S,0,-2.0,S,0,439,False
GPS_ZA_8642,8,53,GPS,SOUTH AFRICA,,0.032,0.5,0.032,0.032,0.064,1.0,0.125,0.5,-5.0,S,0,-1.0,S,0,-5.0,S,0,-5.0,S,0,-4.0,S,0,0.0,S,0,-3.0,S,0,-1.0,S,0,53,False
SPE_GB3_898727,9N,66,GPS,UNITED KINGDOM,,0.032,0.032,0.25,0.125,0.125,1.0,0.25,0.25,-5.0,S,0,-5.0,S,0,-2.0,S,0,-3.0,S,0,-3.0,S,0,0.0,S,0,-2.0,S,0,-2.0,S,0,66,False
SPE_GB3_897414,23B,11167,GPS,UNITED KINGDOM,,0.25,0.064,0.25,0.125,0.125,1.0,0.125,8.0,-2.0,I,1,-4.0,S,0,-2.0,S,0,-3.0,S,0,-3.0,S,0,0.0,S,0,-3.0,S,0,3.0,R,1,11167,False
GPS_NO_NIPH_1005,22F,433,GPS,NORWAY,,0.032,0.032,0.25,0.125,0.125,1.0,0.125,0.25,-5.0,S,0,-5.0,S,0,-2.0,S,0,-3.0,S,0,-3.0,S,0,0.0,S,0,-3.0,S,0,-2.0,S,0,433,False
GPS_NO_NIPH_295,4,205,GPS,NORWAY,,0.032,0.032,0.25,0.125,0.125,1.0,0.0625,0.25,-5.0,S,0,-5.0,S,0,-2.0,S,0,-3.0,S,0,-3.0,S,0,0.0,S,0,-4.0,S,0,-2.0,S,0,205,False
GPS_ZA_8636,8,53,GPS,SOUTH AFRICA,,0.032,0.5,0.032,0.064,0.064,1.0,0.25,0.5,-5.0,S,0,-1.0,S,0,-5.0,S,0,-4.0,S,0,-4.0,S,0,0.0,S,0,-2.0,S,0,-1.0,S,0,53,False
GPS_ES_CAN_3645,4,801,GPS,SPAIN,,0.032,0.032,0.25,0.125,0.125,1.0,0.125,0.25,-5.0,S,0,-5.0,S,0,-2.0,S,0,-3.0,S,0,-3.0,S,0,0.0,S,0,-3.0,S,0,-2.0,S,0,801,False
SPE_GB3_896087,33F,717,GPS,UNITED KINGDOM,,0.032,0.032,0.25,2.0,2.0,1.0,0.125,0.25,-5.0,S,0,-5.0,S,0,-2.0,S,0,1.0,R,1,1.0,R,1,0.0,S,0,-3.0,S,0,-2.0,S,0,717,False
GPS_ZA_8582,3,4909,GPS,SOUTH AFRICA,,0.032,0.5,0.032,0.032,0.064,1.0,0.125,0.125,-5.0,S,0,-1.0,S,0,-5.0,S,0,-5.0,S,0,-4.0,S,0,0.0,S,0,-3.0,S,0,-3.0,S,0,4909,False
GPS_NO_NIPH_825,8,3500,GPS,NORWAY,,0.032,0.032,0.25,0.125,0.125,1.0,0.125,0.25,-5.0,S,0,-5.0,S,0,-2.0,S,0,-3.0,S,0,-3.0,S,0,0.0,S,0,-3.0,S,0,-2.0,S,0,3500,False
GPS_NO_NIPH_292,8,53,GPS,NORWAY,,0.032,0.032,0.25,0.125,0.125,1.0,0.25,0.25,-5.0,S,0,-5.0,S,0,-2.0,S,0,-3.0,S,0,-3.0,S,0,0.0,S,0,-2.0,S,0,-2.0,S,0,53,False
GPS_NO_NIPH_426,22F,433,GPS,NORWAY,,0.032,0.032,0.25,0.125,0.125,1.0,0.125,0.25,-5.0,S,0,-5.0,S,0,-2.0,S,0,-3.0,S,0,-3.0,S,0,0.0,S,0,-3.0,S,0,-2.0,S,0,433,False
GPS_ZA_8485,4,1221,GPS,SOUTH AFRICA,,0.032,0.5,0.032,0.064,0.064,1.0,0.125,0.25,-5.0,S,0,-1.0,S,0,-5.0,S,0,-4.0,S,0,-4.0,S,0,0.0,S,0,-3.0,S,0,-2.0,S,0,1221,False
GPS_NO_NIPH_767,6A,16045,GPS,NORWAY,,0.032,0.032,0.25,0.125,0.125,1.0,0.125,0.25,-5.0,S,0,-5.0,S,0,-2.0,S,0,-3.0,S,0,-3.0,S,0,0.0,S,0,-3.0,S,0,-2.0,S,0,16045,False
GPS_NL_RAD_0631,8,15187,GPS,NETHERLANDS,,0.032,0.032,0.25,0.125,0.125,1.0,0.125,0.25,-5.0,S,0,-5.0,S,0,-2.0,S,0,-3.0,S,0,-3.0,S,0,0.0,S,0,-3.0,S,0,-2.0,S,0,15187,False
SPE_GB3_894538,11A,18425,GPS,UNITED KINGDOM,,0.032,0.032,0.25,0.125,0.125,1.0,0.125,0.25,-5.0,S,0,-5.0,S,0,-2.0,S,0,-3.0,S,0,-3.0,S,0,0.0,S,0,-3.0,S,0,-2.0,S,0,18425,False
SPE_GB3_888106,23B,2372,GPS,UNITED KINGDOM,,0.25,0.064,0.25,0.125,0.125,1.0,0.125,8.0,-2.0,I,1,-4.0,S,0,-2.0,S,0,-3.0,S,0,-3.0,S,0,0.0,S,0,-3.0,S,0,3.0,R,1,2372,False
SPE_GB3_886749,8,3559,GPS,UNITED KINGDOM,,0.032,0.032,0.25,0.125,0.125,1.0,0.125,0.25,-5.0,S,0,-5.0,S,0,-2.0,S,0,-3.0,S,0,-3.0,S,0,0.0,S,0,-3.0,S,0,-2.0,S,0,3559,False
SPE_GB3_871141,8,53,GPS,UNITED KINGDOM,,0.032,0.032,0.25,0.125,0.125,1.0,0.25,0.25,-5.0,S,0,-5.0,S,0,-2.0,S,0,-3.0,S,0,-3.0,S,0,0.0,S,0,-2.0,S,0,-2.0,S,0,53,False
SPE_GB3_901551,23B,2372,GPS,UNITED KINGDOM,,0.25,0.064,0.25,0.125,0.125,1.0,0.125,8.0,-2.0,I,1,-4.0,S,0,-2.0,S,0,-3.0,S,0,-3.0,S,0,0.0,S,0,-3.0,S,0,3.0,R,1,2372,False
GPS_NO_NIPH_1034,3,180,GPS,NORWAY,,0.032,0.032,0.25,0.125,0.125,1.0,0.125,0.25,-5.0,S,0,-5.0,S,0,-2.0,S,0,-3.0,S,0,-3.0,S,0,0.0,S,0,-3.0,S,0,-2.0,S,0,180,False
GPS_ZA_8448,15C,7052,GPS,SOUTH AFRICA,,0.25,0.5,0.064,0.032,0.064,0.5,0.0625,2.0,-2.0,I,1,-1.0,S,0,-4.0,S,0,-5.0,S,0,-4.0,S,0,-1.0,S,0,-4.0,S,0,1.0,I,1,7052,False
SPE_GB3_897429,8,53,GPS,UNITED KINGDOM,,0.032,0.032,0.25,0.125,0.125,1.0,0.125,0.25,-5.0,S,0,-5.0,S,0,-2.0,S,0,-3.0,S,0,-3.0,S,0,0.0,S,0,-3.0,S,0,-2.0,S,0,53,False
GPS_ZA_8386,35F,11009,GPS,SOUTH AFRICA,,0.032,0.5,0.032,0.064,0.064,1.0,0.125,1.0,-5.0,S,0,-1.0,S,0,-5.0,S,0,-4.0,S,0,-4.0,S,0,0.0,S,0,-3.0,S,0,0.0,I,1,11009,False
SPE_GB3_900669,16F,570,GPS,UNITED KINGDOM,,0.032,0.032,0.25,0.125,0.125,1.0,0.125,0.25,-5.0,S,0,-5.0,S,0,-2.0,S,0,-3.0,S,0,-3.0,S,0,0.0,S,0,-3.0,S,0,-2.0,S,0,570,False
SPE_GB3_877954,8,53,GPS,UNITED KINGDOM,,0.032,0.032,0.25,0.125,0.125,1.0,0.125,0.25,-5.0,S,0,-5.0,S,0,-2.0,S,0,-3.0,S,0,-3.0,S,0,0.0,S,0,-3.0,S,0,-2.0,S,0,53,False
GPS_NO_NIPH_795,3,180,GPS,NORWAY,,0.032,0.032,0.25,0.125,0.125,1.0,0.125,0.25,-5.0,S,0,-5.0,S,0,-2.0,S,0,-3.0,S,0,-3.0,S,0,0.0,S,0,-3.0,S,0,-2.0,S,0,180,False
GPS_NO_NIPH_975,23B,1349,GPS,NORWAY,,0.25,0.064,0.25,0.125,0.125,1.0,0.125,8.0,-2.0,I,1,-4.0,S,0,-2.0,S,0,-3.0,S,0,-3.0,S,0,0.0,S,0,-3.0,S,0,3.0,R,1,1349,False
GPS_PK_AKU_NP0117,16F,-,GPS,PAKISTAN,,0.25,0.25,0.25,0.125,0.125,4.0,0.5,8.0,-2.0,I,1,-2.0,S,0,-2.0,S,0,-3.0,S,0,-3.0,S,0,2.0,I,1,-1.0,S,0,3.0,R,1,-,True
SPE_GB3_892787,8,53,GPS,UNITED KINGDOM,,0.032,0.032,0.25,0.125,0.125,1.0,0.0625,0.25,-5.0,S,0,-5.0,S,0,-2.0,S,0,-3.0,S,0,-3.0,S,0,0.0,S,0,-4.0,S,0,-2.0,S,0,53,False
GPS_NO_NIPH_561,23B,9579,GPS,NORWAY,,0.032,0.032,0.25,0.125,0.125,1.0,0.125,0.25,-5.0,S,0,-5.0,S,0,-2.0,S,0,-3.0,S,0,-3.0,S,0,0.0,S,0,-3.0,S,0,-2.0,S,0,9579,False
SPE_GB3_894512,15A,58,GPS,UNITED KINGDOM,,0.032,0.032,0.25,0.125,0.125,1.0,0.125,0.25,-5.0,S,0,-5.0,S,0,-2.0,S,0,-3.0,S,0,-3.0,S,0,0.0,S,0,-3.0,S,0,-2.0,S,0,58,False
GPS_NO_NIPH_491,22F,433,GPS,NORWAY,,0.032,0.032,0.25,0.125,0.125,1.0,0.125,0.25,-5.0,S,0,-5.0,S,0,-2.0,S,0,-3.0,S,0,-3.0,S,0,0.0,S,0,-3.0,S,0,-2.0,S,0,433,False
GPS_NO_NIPH_530,9N,13708,GPS,NORWAY,,0.032,0.032,0.25,0.125,0.125,1.0,0.125,0.25,-5.0,S,0,-5.0,S,0,-2.0,S,0,-3.0,S,0,-3.0,S,0,0.0,S,0,-3.0,S,0,-2.0,S,0,13708,False
GPS_NO_NIPH_279,8,53,GPS,NORWAY,,0.032,0.032,0.25,0.125,0.125,1.0,0.125,0.25,-5.0,S,0,-5.0,S,0,-2.0,S,0,-3.0,S,0,-3.0,S,0,0.0,S,0,-3.0,S,0,-2.0,S,0,53,False
SPE_GB3_883915,23B,2372,GPS,UNITED KINGDOM,,0.25,0.064,0.25,0.125,0.125,1.0,0.0625,8.0,-2.0,I,1,-4.0,S,0,-2.0,S,0,-3.0,S,0,-3.0,S,0,0.0,S,0,-4.0,S,0,3.0,R,1,2372,False
GPS_NO_NIPH_594,11A,16420,GPS,NORWAY,,0.25,0.25,0.25,2.0,0.125,1.0,0.125,8.0,-2.0,I,1,-2.0,S,0,-2.0,S,0,1.0,R,1,-3.0,S,0,0.0,S,0,-3.0,S,0,3.0,R,1,16420,False
SPE_GB3_874946,9N,66,GPS,UNITED KINGDOM,,0.032,0.032,0.25,0.125,0.125,1.0,0.125,0.25,-5.0,S,0,-5.0,S,0,-2.0,S,0,-3.0,S,0,-3.0,S,0,0.0,S,0,-3.0,S,0,-2.0,S,0,66,False
SPE_GB3_877925,16F,30,GPS,UNITED KINGDOM,,0.032,0.032,0.25,0.125,0.125,1.0,0.125,0.25,-5.0,S,0,-5.0,S,0,-2.0,S,0,-3.0,S,0,-3.0,S,0,0.0,S,0,-3.0,S,0,-2.0,S,0,30,False
SPE_GB3_901548,23B,2372,GPS,UNITED KINGDOM,,0.25,0.064,0.25,0.125,0.125,1.0,0.125,8.0,-2.0,I,1,-4.0,S,0,-2.0,S,0,-3.0,S,0,-3.0,S,0,0.0,S,0,-3.0,S,0,3.0,R,1,2372,False
SPE_GB3_873511,10A,1551,GPS,UNITED KINGDOM,,0.032,0.032,0.25,0.125,0.125,1.0,0.125,0.25,-5.0,S,0,-5.0,S,0,-2.0,S,0,-3.0,S,0,-3.0,S,0,0.0,S,0,-3.0,S,0,-2.0,S,0,1551,False
SPE_GB3_888056,33F,100,GPS,UNITED KINGDOM,,0.032,0.032,0.25,0.125,0.125,1.0,0.125,0.25,-5.0,S,0,-5.0,S,0,-2.0,S,0,-3.0,S,0,-3.0,S,0,0.0,S,0,-3.0,S,0,-2.0,S,0,100,False
SPE_GB3_897415,10A,97,GPS,UNITED KINGDOM,,0.032,0.032,0.25,0.125,0.125,1.0,0.25,0.25,-5.0,S,0,-5.0,S,0,-2.0,S,0,-3.0,S,0,-3.0,S,0,0.0,S,0,-2.0,S,0,-2.0,S,0,97,False
GPS_ZA_8589,8,53,GPS,SOUTH AFRICA,,0.25,0.5,0.125,0.032,0.032,1.0,0.5,8.0,-2.0,I,1,-1.0,S,0,-3.0,S,0,-5.0,S,0,-5.0,S,0,0.0,S,0,-1.0,S,0,3.0,R,1,53,False
GPS_NO_NIPH_711,23B,2372,GPS,NORWAY,,0.25,0.064,0.25,0.125,0.125,1.0,0.125,8.0,-2.0,I,1,-4.0,S,0,-2.0,S,0,-3.0,S,0,-3.0,S,0,0.0,S,0,-3.0,S,0,3.0,R,1,2372,False
SPE_GB3_872196,15A,63,GPS,UNITED KINGDOM,,0.25,0.032,0.25,2.0,2.0,1.0,0.125,0.25,-2.0,I,1,-5.0,S,0,-2.0,S,0,1.0,R,1,1.0,R,1,0.0,S,0,-3.0,S,0,-2.0,S,0,63,False
SPE_GB3_890533,8,53,GPS,UNITED KINGDOM,,0.032,0.032,0.25,0.125,0.125,1.0,0.25,0.25,-5.0,S,0,-5.0,S,0,-2.0,S,0,-3.0,S,0,-3.0,S,0,0.0,S,0,-2.0,S,0,-2.0,S,0,53,False
SPE_GB3_879972,23A,438,GPS,UNITED KINGDOM,,0.032,0.032,0.25,0.125,0.125,1.0,0.25,0.25,-5.0,S,0,-5.0,S,0,-2.0,S,0,-3.0,S,0,-3.0,S,0,0.0,S,0,-2.0,S,0,-2.0,S,0,438,False
GPS_ES_CAN_3274,8,53,GPS,SPAIN,,0.032,0.032,0.25,0.125,0.125,1.0,0.25,0.25,-5.0,S,0,-5.0,S,0,-2.0,S,0,-3.0,S,0,-3.0,S,0,0.0,S,0,-2.0,S,0,-2.0,S,0,53,False
SPE_GB3_869338,22F,433,GPS,UNITED KINGDOM,,0.032,0.032,0.25,0.125,0.125,1.0,0.25,0.25,-5.0,S,0,-5.0,S,0,-2.0,S,0,-3.0,S,0,-3.0,S,0,0.0,S,0,-2.0,S,0,-2.0,S,0,433,False
SPE_GB3_900737,8,53,GPS,UNITED KINGDOM,,0.032,0.032,0.25,0.125,0.125,1.0,0.125,0.25,-5.0,S,0,-5.0,S,0,-2.0,S,0,-3.0,S,0,-3.0,S,0,0.0,S,0,-3.0,S,0,-2.0,S,0,53,False
GPS_NO_NIPH_815,3,180,GPS,NORWAY,,0.032,0.032,0.25,0.125,0.125,1.0,0.0625,0.25,-5.0,S,0,-5.0,S,0,-2.0,S,0,-3.0,S,0,-3.0,S,0,0.0,S,0,-4.0,S,0,-2.0,S,0,180,False
SPE_GB3_890592,8,53,GPS,UNITED KINGDOM,,0.032,0.032,0.25,0.125,0.125,1.0,0.125,0.25,-5.0,S,0,-5.0,S,0,-2.0,S,0,-3.0,S,0,-3.0,S,0,0.0,S,0,-3.0,S,0,-2.0,S,0,53,False
SPE_GB3_873509,3,180,GPS,UNITED KINGDOM,,0.032,0.032,0.25,0.125,0.125,1.0,0.125,0.25,-5.0,S,0,-5.0,S,0,-2.0,S,0,-3.0,S,0,-3.0,S,0,0.0,S,0,-3.0,S,0,-2.0,S,0,180,False
GPS_ZA_8380,19A,2062,GPS,SOUTH AFRICA,,0.25,0.5,0.25,8.0,0.064,1.0,0.125,8.0,-2.0,I,1,-1.0,S,0,-2.0,S,0,3.0,R,1,-4.0,S,0,0.0,S,0,-3.0,S,0,3.0,R,1,2062,False
GPS_NO_NIPH_489,3,180,GPS,NORWAY,,0.032,0.032,0.25,0.125,0.125,1.0,0.125,0.25,-5.0,S,0,-5.0,S,0,-2.0,S,0,-3.0,S,0,-3.0,S,0,0.0,S,0,-3.0,S,0,-2.0,S,0,180,False
SPE_GB3_896058,8,53,GPS,UNITED KINGDOM,,0.032,0.032,0.25,0.125,0.125,1.0,0.125,0.25,-5.0,S,0,-5.0,S,0,-2.0,S,0,-3.0,S,0,-3.0,S,0,0.0,S,0,-3.0,S,0,-2.0,S,0,53,False
GPS_NO_NIPH_898,9N,834,GPS,NORWAY,,0.032,0.032,0.25,0.125,0.125,1.0,0.125,0.25,-5.0,S,0,-5.0,S,0,-2.0,S,0,-3.0,S,0,-3.0,S,0,0.0,S,0,-3.0,S,0,-2.0,S,0,834,False
SPE_GB3_871133,35B,4346,GPS,UNITED KINGDOM,,0.064,0.064,0.25,0.125,0.125,1.0,0.125,0.25,-4.0,I,1,-4.0,S,0,-2.0,S,0,-3.0,S,0,-3.0,S,0,0.0,S,0,-3.0,S,0,-2.0,S,0,4346,False
GPS_ZA_8520,6C,2185,GPS,SOUTH AFRICA,,0.032,0.5,0.032,0.032,0.032,1.0,0.125,1.0,-5.0,S,0,-1.0,S,0,-5.0,S,0,-5.0,S,0,-5.0,S,0,0.0,S,0,-3.0,S,0,0.0,I,1,2185,False
SPE_GB3_876187,11E,62,GPS,UNITED KINGDOM,,0.032,0.032,0.25,0.125,0.125,1.0,0.125,0.25,-5.0,S,0,-5.0,S,0,-2.0,S,0,-3.0,S,0,-3.0,S,0,0.0,S,0,-3.0,S,0,-2.0,S,0,62,False
SPE_GB3_894537,10B,6524,GPS,UNITED KINGDOM,,0.032,0.032,0.25,0.125,0.125,1.0,0.125,0.25,-5.0,S,0,-5.0,S,0,-2.0,S,0,-3.0,S,0,-3.0,S,0,0.0,S,0,-3.0,S,0,-2.0,S,0,6524,False
SPE_GB3_885165,11A,62,GPS,UNITED KINGDOM,,0.032,0.032,0.25,0.125,0.125,1.0,0.25,0.25,-5.0,S,0,-5.0,S,0,-2.0,S,0,-3.0,S,0,-3.0,S,0,0.0,S,0,-2.0,S,0,-2.0,S,0,62,False
GPS_NO_NIPH_1066,6C,9248,GPS,NORWAY,,0.032,0.032,0.25,0.125,0.125,1.0,0.125,0.25,-5.0,S,0,-5.0,S,0,-2.0,S,0,-3.0,S,0,-3.0,S,0,0.0,S,0,-3.0,S,0,-2.0,S,0,9248,False
SPE_GB3_874967,19A,994,GPS,UNITED KINGDOM,,0.032,0.032,0.25,0.125,0.125,1.0,0.25,0.25,-5.0,S,0,-5.0,S,0,-2.0,S,0,-3.0,S,0,-3.0,S,0,0.0,S,0,-2.0,S,0,-2.0,S,0,994,False
GPS_NO_NIPH_780,33F,717,GPS,NORWAY,,0.032,0.032,0.25,2.0,2.0,1.0,0.125,0.25,-5.0,S,0,-5.0,S,0,-2.0,S,0,1.0,R,1,1.0,R,1,0.0,S,0,-3.0,S,0,-2.0,S,0,717,False
GPS_ZA_8377,19F,8678,GPS,SOUTH AFRICA,,4.0,8.0,2.0,32.0,0.125,1.0,0.125,16.0,2.0,R,1,3.0,R,1,1.0,I,1,5.0,R,1,-3.0,S,0,0.0,S,0,-3.0,S,0,4.0,R,1,8678,False
SPE_GB3_900736,23A,11191,GPS,UNITED KINGDOM,,0.032,0.032,0.25,0.125,0.125,1.0,0.25,0.25,-5.0,S,0,-5.0,S,0,-2.0,S,0,-3.0,S,0,-3.0,S,0,0.0,S,0,-2.0,S,0,-2.0,S,0,11191,False
SPE_GB3_879947,19A,2062,GPS,UNITED KINGDOM,,0.25,0.25,0.25,0.125,0.125,1.0,0.25,8.0,-2.0,I,1,-2.0,S,0,-2.0,S,0,-3.0,S,0,-3.0,S,0,0.0,S,0,-2.0,S,0,3.0,R,1,2062,False
SPE_GB3_898754,3,180,GPS,UNITED KINGDOM,,0.032,0.032,0.25,0.125,0.125,1.0,0.125,0.25,-5.0,S,0,-5.0,S,0,-2.0,S,0,-3.0,S,0,-3.0,S,0,0.0,S,0,-3.0,S,0,-2.0,S,0,180,False
SPE_GB3_873498,28A,225,GPS,UNITED KINGDOM,,0.032,0.032,0.25,0.125,0.125,1.0,0.125,0.25,-5.0,S,0,-5.0,S,0,-2.0,S,0,-3.0,S,0,-3.0,S,0,0.0,S,0,-3.0,S,0,-2.0,S,0,225,False
GPS_NO_NIPH_866,24F,162,GPS,NORWAY,,0.032,0.032,0.25,0.125,0.125,1.0,0.25,8.0,-5.0,S,0,-5.0,S,0,-2.0,S,0,-3.0,S,0,-3.0,S,0,0.0,S,0,-2.0,S,0,3.0,R,1,162,False
SPE_GB3_900735,23A,438,GPS,UNITED KINGDOM,,0.032,0.032,0.25,0.125,0.125,1.0,0.25,0.25,-5.0,S,0,-5.0,S,0,-2.0,S,0,-3.0,S,0,-3.0,S,0,0.0,S,0,-2.0,S,0,-2.0,S,0,438,False
GPS_NO_NIPH_750,8,53,GPS,NORWAY,,0.032,0.032,0.25,0.125,0.125,1.0,0.125,0.25,-5.0,S,0,-5.0,S,0,-2.0,S,0,-3.0,S,0,-3.0,S,0,0.0,S,0,-3.0,S,0,-2.0,S,0,53,False
SPE_GB3_883008,8,53,GPS,UNITED KINGDOM,,0.032,0.032,0.25,0.125,0.125,1.0,0.125,0.25,-5.0,S,0,-5.0,S,0,-2.0,S,0,-3.0,S,0,-3.0,S,0,0.0,S,0,-3.0,S,0,-2.0,S,0,53,False
GPS_NO_NIPH_593,23B,439,GPS,NORWAY,,0.032,0.032,0.25,0.125,0.125,1.0,0.125,0.25,-5.0,S,0,-5.0,S,0,-2.0,S,0,-3.0,S,0,-3.0,S,0,0.0,S,0,-3.0,S,0,-2.0,S,0,439,False
GPS_ZA_8439,19A,2062,GPS,SOUTH AFRICA,,0.25,0.5,0.125,0.032,0.064,1.0,0.125,8.0,-2.0,I,1,-1.0,S,0,-3.0,S,0,-5.0,S,0,-4.0,S,0,0.0,S,0,-3.0,S,0,3.0,R,1,2062,False
SPE_GB3_894532,14,63,GPS,UNITED KINGDOM,,0.25,0.032,0.25,2.0,2.0,1.0,0.125,8.0,-2.0,I,1,-5.0,S,0,-2.0,S,0,1.0,R,1,1.0,R,1,0.0,S,0,-3.0,S,0,3.0,R,1,63,False
GPS_NO_NIPH_289,4,205,GPS,NORWAY,,0.032,0.032,0.25,0.125,0.125,1.0,0.125,0.25,-5.0,S,0,-5.0,S,0,-2.0,S,0,-3.0,S,0,-3.0,S,0,0.0,S,0,-3.0,S,0,-2.0,S,0,205,False
GPS_NO_NIPH_817,3,180,GPS,NORWAY,,0.032,0.032,0.25,0.125,0.125,1.0,0.0625,0.25,-5.0,S,0,-5.0,S,0,-2.0,S,0,-3.0,S,0,-3.0,S,0,0.0,S,0,-4.0,S,0,-2.0,S,0,180,False
SPE_GB3_875004,9N,66,GPS,UNITED KINGDOM,,0.032,0.032,0.25,0.125,0.125,1.0,0.125,0.25,-5.0,S,0,-5.0,S,0,-2.0,S,0,-3.0,S,0,-3.0,S,0,0.0,S,0,-3.0,S,0,-2.0,S,0,66,False
GPS_TW_NHRI_SPN138,15B,83,GPS,TAIWAN,,2.0,2.0,1.0,2.0,2.0,1.0,0.25,8.0,1.0,R,1,1.0,S,0,0.0,S,0,1.0,R,1,1.0,R,1,0.0,S,0,-2.0,S,0,3.0,R,1,83,False
GPS_NO_NIPH_555,23A,42,GPS,NORWAY,,0.064,0.032,0.25,0.125,0.125,1.0,0.125,0.25,-4.0,I,1,-5.0,S,0,-2.0,S,0,-3.0,S,0,-3.0,S,0,0.0,S,0,-3.0,S,0,-2.0,S,0,42,False
GPS_ZA_8437,12F,989,GPS,SOUTH AFRICA,,0.032,0.5,0.032,0.064,0.064,1.0,0.25,0.5,-5.0,S,0,-1.0,S,0,-5.0,S,0,-4.0,S,0,-4.0,S,0,0.0,S,0,-2.0,S,0,-1.0,S,0,989,False
SPE_GB3_891476,35F,1635,GPS,UNITED KINGDOM,,0.032,0.032,0.25,2.0,0.125,1.0,0.125,0.25,-5.0,S,0,-5.0,S,0,-2.0,S,0,1.0,R,1,-3.0,S,0,0.0,S,0,-3.0,S,0,-2.0,S,0,1635,False
GPS_PK_AKU_NP0006,10A,3135,GPS,PAKISTAN,,0.25,0.125,0.25,0.125,0.125,1.0,0.125,8.0,-2.0,I,1,-3.0,S,0,-2.0,S,0,-3.0,S,0,-3.0,S,0,0.0,S,0,-3.0,S,0,3.0,R,1,3135,False
GPS_ES_CAN_1992,8,404,GPS,SPAIN,,0.032,0.032,0.25,0.125,0.125,1.0,0.125,0.25,-5.0,S,0,-5.0,S,0,-2.0,S,0,-3.0,S,0,-3.0,S,0,0.0,S,0,-3.0,S,0,-2.0,S,0,404,False
SPE_GB3_900680,11A,62,GPS,UNITED KINGDOM,,0.032,0.032,0.25,0.125,0.125,1.0,0.125,0.25,-5.0,S,0,-5.0,S,0,-2.0,S,0,-3.0,S,0,-3.0,S,0,0.0,S,0,-3.0,S,0,-2.0,S,0,62,False
GPS_NO_NIPH_596,6C,1379,GPS,NORWAY,,0.032,0.032,0.25,0.125,0.125,1.0,0.125,0.25,-5.0,S,0,-5.0,S,0,-2.0,S,0,-3.0,S,0,-3.0,S,0,0.0,S,0,-3.0,S,0,-2.0,S,0,1379,False
GPS_ZA_8459,4,1222,GPS,SOUTH AFRICA,,0.032,0.5,0.032,0.125,0.032,1.0,0.125,0.5,-5.0,S,0,-1.0,S,0,-5.0,S,0,-3.0,S,0,-5.0,S,0,0.0,S,0,-3.0,S,0,-1.0,S,0,1222,False
SPE_GB3_874984,8,53,GPS,UNITED KINGDOM,,0.032,0.032,0.25,0.125,0.125,1.0,0.125,0.25,-5.0,S,0,-5.0,S,0,-2.0,S,0,-3.0,S,0,-3.0,S,0,0.0,S,0,-3.0,S,0,-2.0,S,0,53,False
SPE_GB3_872247,6C,-,GPS,UNITED KINGDOM,,0.032,0.032,0.25,0.125,0.125,1.0,0.125,8.0,-5.0,S,0,-5.0,S,0,-2.0,S,0,-3.0,S,0,-3.0,S,0,0.0,S,0,-3.0,S,0,3.0,R,1,-,True
GPS_NO_NIPH_886,11A,62,GPS,NORWAY,,0.032,0.032,0.25,0.125,0.125,1.0,0.25,0.25,-5.0,S,0,-5.0,S,0,-2.0,S,0,-3.0,S,0,-3.0,S,0,0.0,S,0,-2.0,S,0,-2.0,S,0,62,False
GPS_NO_NIPH_359,22F,433,GPS,NORWAY,,0.032,0.032,0.25,0.125,0.125,1.0,0.125,0.25,-5.0,S,0,-5.0,S,0,-2.0,S,0,-3.0,S,0,-3.0,S,0,0.0,S,0,-3.0,S,0,-2.0,S,0,433,False
GPS_ZA_8424,10A,17009,GPS,SOUTH AFRICA,,0.5,0.5,0.25,0.064,0.064,1.0,0.125,8.0,-1.0,I,1,-1.0,S,0,-2.0,S,0,-4.0,S,0,-4.0,S,0,0.0,S,0,-3.0,S,0,3.0,R,1,17009,False
GPS_ZA_8537,10A,12245,GPS,SOUTH AFRICA,,0.032,0.5,0.032,0.064,0.064,1.0,0.0625,1.0,-5.0,S,0,-1.0,S,0,-5.0,S,0,-4.0,S,0,-4.0,S,0,0.0,S,0,-4.0,S,0,0.0,I,1,12245,False
GPS_ES_CAN_3829,10A,2068,GPS,SPAIN,,0.032,0.032,0.25,2.0,0.125,1.0,0.125,0.25,-5.0,S,0,-5.0,S,0,-2.0,S,0,1.0,R,1,-3.0,S,0,0.0,S,0,-3.0,S,0,-2.0,S,0,2068,False
SPE_GB3_874977,22F,433,GPS,UNITED KINGDOM,,0.032,0.032,0.25,0.125,0.125,1.0,0.125,0.25,-5.0,S,0,-5.0,S,0,-2.0,S,0,-3.0,S,0,-3.0,S,0,0.0,S,0,-3.0,S,0,-2.0,S,0,433,False
GPS_NO_NIPH_776,35F,8604,GPS,NORWAY,,0.032,0.032,0.25,2.0,0.125,1.0,0.25,0.25,-5.0,S,0,-5.0,S,0,-2.0,S,0,1.0,R,1,-3.0,S,0,0.0,S,0,-2.0,S,0,-2.0,S,0,8604,False
GPS_NO_NIPH_405,8,53,GPS,NORWAY,,0.032,0.032,0.25,0.125,0.125,1.0,0.25,0.25,-5.0,S,0,-5.0,S,0,-2.0,S,0,-3.0,S,0,-3.0,S,0,0.0,S,0,-2.0,S,0,-2.0,S,0,53,False
GPS_NO_NIPH_700,19F,179,GPS,NORWAY,,2.0,1.0,0.25,2.0,2.0,1.0,0.25,0.25,1.0,R,1,0.0,S,0,-2.0,S,0,1.0,R,1,1.0,R,1,0.0,S,0,-2.0,S,0,-2.0,S,0,179,False
SPE_GB3_877350,11A,62,GPS,UNITED KINGDOM,,0.032,0.032,0.25,0.125,0.125,1.0,0.25,0.25,-5.0,S,0,-5.0,S,0,-2.0,S,0,-3.0,S,0,-3.0,S,0,0.0,S,0,-2.0,S,0,-2.0,S,0,62,False
SPE_GB3_880010,8,53,GPS,UNITED KINGDOM,,0.032,0.032,0.25,0.125,0.125,1.0,0.25,0.25,-5.0,S,0,-5.0,S,0,-2.0,S,0,-3.0,S,0,-3.0,S,0,0.0,S,0,-2.0,S,0,-2.0,S,0,53,False
GPS_NO_NIPH_820,17F,17310,GPS,NORWAY,,0.125,0.125,0.25,2.0,0.125,1.0,0.25,8.0,-3.0,I,1,-3.0,S,0,-2.0,S,0,1.0,R,1,-3.0,S,0,0.0,S,0,-2.0,S,0,3.0,R,1,17310,False
SPE_GB3_869373,8,53,GPS,UNITED KINGDOM,,0.032,0.032,0.25,0.125,0.125,1.0,0.125,0.25,-5.0,S,0,-5.0,S,0,-2.0,S,0,-3.0,S,0,-3.0,S,0,0.0,S,0,-3.0,S,0,-2.0,S,0,53,False
GPS_NO_NIPH_659,16F,30,GPS,NORWAY,,0.032,0.032,0.25,0.125,0.125,1.0,0.25,0.25,-5.0,S,0,-5.0,S,0,-2.0,S,0,-3.0,S,0,-3.0,S,0,0.0,S,0,-2.0,S,0,-2.0,S,0,30,False
SPE_GB3_894530,9N,66,GPS,UNITED KINGDOM,,0.032,0.032,0.25,0.125,0.125,1.0,0.125,0.25,-5.0,S,0,-5.0,S,0,-2.0,S,0,-3.0,S,0,-3.0,S,0,0.0,S,0,-3.0,S,0,-2.0,S,0,66,False
SPE_GB3_873493,15A,3811,GPS,UNITED KINGDOM,,0.032,0.032,0.25,0.125,0.125,1.0,0.25,0.25,-5.0,S,0,-5.0,S,0,-2.0,S,0,-3.0,S,0,-3.0,S,0,0.0,S,0,-2.0,S,0,-2.0,S,0,3811,False
GPS_NO_NIPH_950,17F,392,GPS,NORWAY,,0.032,0.032,0.25,0.125,0.125,1.0,0.0625,0.25,-5.0,S,0,-5.0,S,0,-2.0,S,0,-3.0,S,0,-3.0,S,0,0.0,S,0,-4.0,S,0,-2.0,S,0,392,False
SPE_GB3_888052,3,180,GPS,UNITED KINGDOM,,0.032,0.032,0.25,0.125,0.125,1.0,0.125,0.25,-5.0,S,0,-5.0,S,0,-2.0,S,0,-3.0,S,0,-3.0,S,0,0.0,S,0,-3.0,S,0,-2.0,S,0,180,False
GPS_ZA_8585,8,53,GPS,SOUTH AFRICA,,0.016,0.5,0.032,0.032,0.032,1.0,0.25,0.25,-6.0,S,0,-1.0,S,0,-5.0,S,0,-5.0,S,0,-5.0,S,0,0.0,S,0,-2.0,S,0,-2.0,S,0,53,False
GPS_NO_NIPH_512,22F,433,GPS,NORWAY,,0.032,0.032,0.25,0.125,0.125,1.0,0.125,0.25,-5.0,S,0,-5.0,S,0,-2.0,S,0,-3.0,S,0,-3.0,S,0,0.0,S,0,-3.0,S,0,-2.0,S,0,433,False
SPE_GB3_872240,8,53,GPS,UNITED KINGDOM,,0.032,0.032,0.25,0.125,0.125,1.0,0.125,0.25,-5.0,S,0,-5.0,S,0,-2.0,S,0,-3.0,S,0,-3.0,S,0,0.0,S,0,-3.0,S,0,-2.0,S,0,53,False
SPE_GB3_886743,15A,3811,GPS,UNITED KINGDOM,,0.032,0.032,0.25,0.125,0.125,1.0,0.125,0.25,-5.0,S,0,-5.0,S,0,-2.0,S,0,-3.0,S,0,-3.0,S,0,0.0,S,0,-3.0,S,0,-2.0,S,0,3811,False
SPE_GB3_877942,3,180,GPS,UNITED KINGDOM,,0.032,0.032,0.25,0.125,0.125,1.0,0.0625,0.25,-5.0,S,0,-5.0,S,0,-2.0,S,0,-3.0,S,0,-3.0,S,0,0.0,S,0,-4.0,S,0,-2.0,S,0,180,False
SPE_GB3_896094,24F,162,GPS,UNITED KINGDOM,,0.032,0.032,0.25,0.125,0.125,1.0,0.125,8.0,-5.0,S,0,-5.0,S,0,-2.0,S,0,-3.0,S,0,-3.0,S,0,0.0,S,0,-3.0,S,0,3.0,R,1,162,False
GPS_ZA_8486,12F,2416,GPS,SOUTH AFRICA,,0.032,0.5,0.032,0.032,0.032,1.0,0.0625,0.25,-5.0,S,0,-1.0,S,0,-5.0,S,0,-5.0,S,0,-5.0,S,0,0.0,S,0,-4.0,S,0,-2.0,S,0,2416,False
GPS_NO_NIPH_1057,35F,446,GPS,NORWAY,,0.032,0.032,0.25,2.0,0.125,1.0,0.0625,0.25,-5.0,S,0,-5.0,S,0,-2.0,S,0,1.0,R,1,-3.0,S,0,0.0,S,0,-4.0,S,0,-2.0,S,0,446,False
GPS_NO_NIPH_757,8,404,GPS,NORWAY,,0.032,0.032,0.25,0.125,0.125,1.0,0.125,0.25,-5.0,S,0,-5.0,S,0,-2.0,S,0,-3.0,S,0,-3.0,S,0,0.0,S,0,-3.0,S,0,-2.0,S,0,404,False
GPS_ZA_8451,6C,4084,GPS,SOUTH AFRICA,,0.032,0.5,0.032,0.032,0.064,1.0,0.125,4.0,-5.0,S,0,-1.0,S,0,-5.0,S,0,-5.0,S,0,-4.0,S,0,0.0,S,0,-3.0,S,0,2.0,R,1,4084,False
GPS_NO_NIPH_340,22F,433,GPS,NORWAY,,0.032,0.032,0.25,0.125,0.125,1.0,0.125,0.25,-5.0,S,0,-5.0,S,0,-2.0,S,0,-3.0,S,0,-3.0,S,0,0.0,S,0,-3.0,S,0,-2.0,S,0,433,False
GPS_NO_NIPH_978,17F,392,GPS,NORWAY,,0.032,0.032,0.25,0.125,0.125,1.0,0.25,0.25,-5.0,S,0,-5.0,S,0,-2.0,S,0,-3.0,S,0,-3.0,S,0,0.0,S,0,-2.0,S,0,-2.0,S,0,392,False
SPE_GB3_890568,10A,1551,GPS,UNITED KINGDOM,,0.032,0.032,0.25,0.125,0.125,1.0,0.125,0.25,-5.0,S,0,-5.0,S,0,-2.0,S,0,-3.0,S,0,-3.0,S,0,0.0,S,0,-3.0,S,0,-2.0,S,0,1551,False
GPS_NO_NIPH_919,9N,66,GPS,NORWAY,,0.032,0.032,0.25,0.125,0.125,1.0,0.125,0.25,-5.0,S,0,-5.0,S,0,-2.0,S,0,-3.0,S,0,-3.0,S,0,0.0,S,0,-3.0,S,0,-2.0,S,0,66,False
SPE_GB3_880982,12F,989,GPS,UNITED KINGDOM,,0.032,0.032,0.25,0.125,0.125,1.0,0.25,8.0,-5.0,S,0,-5.0,S,0,-2.0,S,0,-3.0,S,0,-3.0,S,0,0.0,S,0,-2.0,S,0,3.0,R,1,989,False
GPS_NO_NIPH_417,11E,62,GPS,NORWAY,,0.032,0.032,0.25,0.125,0.125,1.0,0.125,0.25,-5.0,S,0,-5.0,S,0,-2.0,S,0,-3.0,S,0,-3.0,S,0,0.0,S,0,-3.0,S,0,-2.0,S,0,62,False
GPS_NO_NIPH_708,9N,517,GPS,NORWAY,,0.032,0.032,0.25,0.125,0.125,1.0,0.125,0.25,-5.0,S,0,-5.0,S,0,-2.0,S,0,-3.0,S,0,-3.0,S,0,0.0,S,0,-3.0,S,0,-2.0,S,0,517,False
GPS_NO_NIPH_764,22F,433,GPS,NORWAY,,0.032,0.032,0.25,0.125,0.125,1.0,0.125,0.25,-5.0,S,0,-5.0,S,0,-2.0,S,0,-3.0,S,0,-3.0,S,0,0.0,S,0,-3.0,S,0,-2.0,S,0,433,False
SPE_GB3_894531,22F,433,GPS,UNITED KINGDOM,,0.032,0.032,0.25,0.125,0.125,1.0,0.125,0.25,-5.0,S,0,-5.0,S,0,-2.0,S,0,-3.0,S,0,-3.0,S,0,0.0,S,0,-3.0,S,0,-2.0,S,0,433,False
GPS_NO_NIPH_1030,6B,138,GPS,NORWAY,,0.032,0.032,0.25,0.125,0.125,1.0,0.125,0.25,-5.0,S,0,-5.0,S,0,-2.0,S,0,-3.0,S,0,-3.0,S,0,0.0,S,0,-3.0,S,0,-2.0,S,0,138,False
SPE_GB3_894509,35B,452,GPS,UNITED KINGDOM,,0.032,0.032,0.25,0.125,0.125,1.0,0.125,0.25,-5.0,S,0,-5.0,S,0,-2.0,S,0,-3.0,S,0,-3.0,S,0,0.0,S,0,-3.0,S,0,-2.0,S,0,452,False
SPE_GB3_897426,16F,570,GPS,UNITED KINGDOM,,0.032,0.032,0.25,0.125,0.125,1.0,0.125,0.25,-5.0,S,0,-5.0,S,0,-2.0,S,0,-3.0,S,0,-3.0,S,0,0.0,S,0,-3.0,S,0,-2.0,S,0,570,False
GPS_NO_NIPH_355,3,180,GPS,NORWAY,,0.032,0.032,0.25,0.125,0.125,1.0,0.125,0.25,-5.0,S,0,-5.0,S,0,-2.0,S,0,-3.0,S,0,-3.0,S,0,0.0,S,0,-3.0,S,0,-2.0,S,0,180,False
GPS_NO_NIPH_557,3,505,GPS,NORWAY,,0.032,0.032,0.25,0.125,0.125,1.0,0.125,0.25,-5.0,S,0,-5.0,S,0,-2.0,S,0,-3.0,S,0,-3.0,S,0,0.0,S,0,-3.0,S,0,-2.0,S,0,505,False
GPS_NO_NIPH_937,3,180,GPS,NORWAY,,0.032,0.032,0.25,0.125,0.125,1.0,0.125,0.25,-5.0,S,0,-5.0,S,0,-2.0,S,0,-3.0,S,0,-3.0,S,0,0.0,S,0,-3.0,S,0,-2.0,S,0,180,False
GPS_NO_NIPH_689,35F,17146,GPS,NORWAY,,0.032,0.032,0.25,2.0,0.125,1.0,0.125,0.25,-5.0,S,0,-5.0,S,0,-2.0,S,0,1.0,R,1,-3.0,S,0,0.0,S,0,-3.0,S,0,-2.0,S,0,17146,False
GPS_ZA_8569,19F,347,GPS,SOUTH AFRICA,,4.0,2.0,1.0,0.064,0.064,1.0,0.25,4.0,2.0,R,1,1.0,S,0,0.0,S,0,-4.0,S,0,-4.0,S,0,0.0,S,0,-2.0,S,0,2.0,R,1,347,False
GPS_ES_CAN_3818,16F,7438,GPS,SPAIN,,0.25,0.125,0.25,0.125,0.125,1.0,0.125,8.0,-2.0,I,1,-3.0,S,0,-2.0,S,0,-3.0,S,0,-3.0,S,0,0.0,S,0,-3.0,S,0,3.0,R,1,7438,False
GPS_NO_NIPH_838,35B,452,GPS,NORWAY,,0.125,0.064,0.25,0.125,0.125,1.0,0.125,0.25,-3.0,I,1,-4.0,S,0,-2.0,S,0,-3.0,S,0,-3.0,S,0,0.0,S,0,-3.0,S,0,-2.0,S,0,452,False
GPS_PK_AKU_NP0138,9V,-,GPS,PAKISTAN,,0.25,0.125,0.25,2.0,2.0,1.0,0.125,8.0,-2.0,I,1,-3.0,S,0,-2.0,S,0,1.0,R,1,1.0,R,1,0.0,S,0,-3.0,S,0,3.0,R,1,-,True
GPS_NO_NIPH_831,15B,2220,GPS,NORWAY,,0.032,0.032,0.25,0.125,0.125,1.0,0.125,0.25,-5.0,S,0,-5.0,S,0,-2.0,S,0,-3.0,S,0,-3.0,S,0,0.0,S,0,-3.0,S,0,-2.0,S,0,2220,False
GPS_NO_NIPH_629,10A,1551,GPS,NORWAY,,0.032,0.032,0.25,0.125,0.125,1.0,0.125,0.25,-5.0,S,0,-5.0,S,0,-2.0,S,0,-3.0,S,0,-3.0,S,0,0.0,S,0,-3.0,S,0,-2.0,S,0,1551,False
GPS_NO_NIPH_373,8,53,GPS,NORWAY,,0.032,0.032,0.25,0.125,0.125,1.0,0.125,0.25,-5.0,S,0,-5.0,S,0,-2.0,S,0,-3.0,S,0,-3.0,S,0,0.0,S,0,-3.0,S,0,-2.0,S,0,53,False
SPE_GB3_891489,20B,1026,GPS,UNITED KINGDOM,,0.032,0.032,0.25,0.125,0.125,1.0,0.125,0.25,-5.0,S,0,-5.0,S,0,-2.0,S,0,-3.0,S,0,-3.0,S,0,0.0,S,0,-3.0,S,0,-2.0,S,0,1026,False
GPS_NO_NIPH_1064,22F,433,GPS,NORWAY,,0.032,0.032,0.25,0.125,0.125,1.0,0.125,0.25,-5.0,S,0,-5.0,S,0,-2.0,S,0,-3.0,S,0,-3.0,S,0,0.0,S,0,-3.0,S,0,-2.0,S,0,433,False
SPE_GB3_901571,10A,97,GPS,UNITED KINGDOM,,0.032,0.032,0.25,0.125,0.125,1.0,0.125,0.25,-5.0,S,0,-5.0,S,0,-2.0,S,0,-3.0,S,0,-3.0,S,0,0.0,S,0,-3.0,S,0,-2.0,S,0,97,False
SPE_GB3_876179,24F,162,GPS,UNITED KINGDOM,,0.032,0.032,0.25,0.125,0.125,1.0,0.25,8.0,-5.0,S,0,-5.0,S,0,-2.0,S,0,-3.0,S,0,-3.0,S,0,0.0,S,0,-2.0,S,0,3.0,R,1,162,False
SPE_GB3_874930,8,53,GPS,UNITED KINGDOM,,0.032,0.032,0.25,0.125,0.125,1.0,0.0625,0.25,-5.0,S,0,-5.0,S,0,-2.0,S,0,-3.0,S,0,-3.0,S,0,0.0,S,0,-4.0,S,0,-2.0,S,0,53,False
GPS_NO_NIPH_619,15B,200,GPS,NORWAY,,0.032,0.032,0.25,0.125,0.125,1.0,0.125,0.25,-5.0,S,0,-5.0,S,0,-2.0,S,0,-3.0,S,0,-3.0,S,0,0.0,S,0,-3.0,S,0,-2.0,S,0,200,False
GPS_NO_NIPH_818,10A,97,GPS,NORWAY,,0.032,0.032,0.25,0.125,0.125,1.0,0.125,0.25,-5.0,S,0,-5.0,S,0,-2.0,S,0,-3.0,S,0,-3.0,S,0,0.0,S,0,-3.0,S,0,-2.0,S,0,97,False
GPS_ZA_8373,13,70,GPS,SOUTH AFRICA,,0.032,0.5,0.032,0.064,0.064,1.0,0.25,0.25,-5.0,S,0,-1.0,S,0,-5.0,S,0,-4.0,S,0,-4.0,S,0,0.0,S,0,-2.0,S,0,-2.0,S,0,70,False
GPS_NO_NIPH_714,23A,4726,GPS,NORWAY,,0.032,0.032,0.25,0.125,0.125,1.0,0.125,8.0,-5.0,S,0,-5.0,S,0,-2.0,S,0,-3.0,S,0,-3.0,S,0,0.0,S,0,-3.0,S,0,3.0,R,1,4726,False
GPS_NO_NIPH_712,35B,373,GPS,NORWAY,,0.25,0.25,0.25,2.0,2.0,1.0,0.125,8.0,-2.0,I,1,-2.0,S,0,-2.0,S,0,1.0,R,1,1.0,R,1,0.0,S,0,-3.0,S,0,3.0,R,1,373,False
SPE_GB3_872202,33F,717,GPS,UNITED KINGDOM,,0.032,0.032,0.25,2.0,2.0,1.0,0.125,0.25,-5.0,S,0,-5.0,S,0,-2.0,S,0,1.0,R,1,1.0,R,1,0.0,S,0,-3.0,S,0,-2.0,S,0,717,False
GPS_NO_NIPH_1062,9N,66,GPS,NORWAY,,0.032,0.032,0.25,0.125,0.125,1.0,0.125,0.25,-5.0,S,0,-5.0,S,0,-2.0,S,0,-3.0,S,0,-3.0,S,0,0.0,S,0,-3.0,S,0,-2.0,S,0,66,False
SPE_GB3_890588,8,53,GPS,UNITED KINGDOM,,0.032,0.032,0.25,0.125,0.125,1.0,0.0625,0.25,-5.0,S,0,-5.0,S,0,-2.0,S,0,-3.0,S,0,-3.0,S,0,0.0,S,0,-4.0,S,0,-2.0,S,0,53,False
GPS_NO_NIPH_345,35B,15434,GPS,NORWAY,,0.032,0.032,0.25,0.125,0.125,1.0,0.125,0.25,-5.0,S,0,-5.0,S,0,-2.0,S,0,-3.0,S,0,-3.0,S,0,0.0,S,0,-3.0,S,0,-2.0,S,0,15434,False
SPE_GB3_886755,22F,433,GPS,UNITED KINGDOM,,0.032,0.032,0.25,0.125,0.125,1.0,0.125,0.25,-5.0,S,0,-5.0,S,0,-2.0,S,0,-3.0,S,0,-3.0,S,0,0.0,S,0,-3.0,S,0,-2.0,S,0,433,False
GPS_NO_NIPH_1063,10A,816,GPS,NORWAY,,0.032,0.032,0.25,2.0,0.125,1.0,0.125,0.25,-5.0,S,0,-5.0,S,0,-2.0,S,0,1.0,R,1,-3.0,S,0,0.0,S,0,-3.0,S,0,-2.0,S,0,816,False
SPE_GB3_897379,8,53,GPS,UNITED KINGDOM,,0.032,0.032,0.25,0.125,0.125,1.0,0.125,0.25,-5.0,S,0,-5.0,S,0,-2.0,S,0,-3.0,S,0,-3.0,S,0,0.0,S,0,-3.0,S,0,-2.0,S,0,53,False
GPS_NO_NIPH_706,22F,433,GPS,NORWAY,,0.032,0.032,0.25,0.125,0.125,1.0,0.25,0.25,-5.0,S,0,-5.0,S,0,-2.0,S,0,-3.0,S,0,-3.0,S,0,0.0,S,0,-2.0,S,0,-2.0,S,0,433,False
SPE_GB3_886740,15A,11161,GPS,UNITED KINGDOM,,0.032,0.032,0.25,0.125,0.125,16.0,2.0,0.25,-5.0,S,0,-5.0,S,0,-2.0,S,0,-3.0,S,0,-3.0,S,0,4.0,R,1,1.0,I,1,-2.0,S,0,11161,False
GPS_NO_NIPH_828,8,53,GPS,NORWAY,,0.032,0.032,0.25,0.125,0.125,1.0,0.125,0.25,-5.0,S,0,-5.0,S,0,-2.0,S,0,-3.0,S,0,-3.0,S,0,0.0,S,0,-3.0,S,0,-2.0,S,0,53,False
GPS_ZA_8453,8,53,GPS,SOUTH AFRICA,,0.008,0.5,0.016,0.032,0.064,1.0,0.25,0.25,-7.0,S,0,-1.0,S,0,-6.0,S,0,-5.0,S,0,-4.0,S,0,0.0,S,0,-2.0,S,0,-2.0,S,0,53,False
GPS_NO_NIPH_375,35B,2690,GPS,NORWAY,,0.032,0.032,0.25,2.0,0.125,1.0,0.25,0.25,-5.0,S,0,-5.0,S,0,-2.0,S,0,1.0,R,1,-3.0,S,0,0.0,S,0,-2.0,S,0,-2.0,S,0,2690,False
SPE_GB3_890516,23A,17646,GPS,UNITED KINGDOM,,0.032,0.032,0.25,0.125,0.125,1.0,0.25,0.25,-5.0,S,0,-5.0,S,0,-2.0,S,0,-3.0,S,0,-3.0,S,0,0.0,S,0,-2.0,S,0,-2.0,S,0,17646,False
GPS_NO_NIPH_758,8,53,GPS,NORWAY,,0.032,0.032,0.25,0.125,0.125,1.0,0.0625,0.25,-5.0,S,0,-5.0,S,0,-2.0,S,0,-3.0,S,0,-3.0,S,0,0.0,S,0,-4.0,S,0,-2.0,S,0,53,False
GPS_NO_NIPH_984,9N,834,GPS,NORWAY,,0.032,0.032,0.25,0.125,0.125,1.0,0.25,0.25,-5.0,S,0,-5.0,S,0,-2.0,S,0,-3.0,S,0,-3.0,S,0,0.0,S,0,-2.0,S,0,-2.0,S,0,834,False
SPE_GB3_897351,7C,177,GPS,UNITED KINGDOM,,0.032,0.032,0.25,0.125,0.125,1.0,0.125,8.0,-5.0,S,0,-5.0,S,0,-2.0,S,0,-3.0,S,0,-3.0,S,0,0.0,S,0,-3.0,S,0,3.0,R,1,177,False
GPS_ZA_8503,6C,4084,GPS,SOUTH AFRICA,,0.016,0.5,0.032,0.032,0.064,1.0,0.125,4.0,-6.0,S,0,-1.0,S,0,-5.0,S,0,-5.0,S,0,-4.0,S,0,0.0,S,0,-3.0,S,0,2.0,R,1,4084,False
GPS_NO_NIPH_330,8,3500,GPS,NORWAY,,0.032,0.032,0.25,0.125,0.125,1.0,0.125,0.25,-5.0,S,0,-5.0,S,0,-2.0,S,0,-3.0,S,0,-3.0,S,0,0.0,S,0,-3.0,S,0,-2.0,S,0,3500,False
SPE_GB3_873515,3,180,GPS,UNITED KINGDOM,,0.032,0.032,0.25,0.125,0.125,1.0,0.0625,0.25,-5.0,S,0,-5.0,S,0,-2.0,S,0,-3.0,S,0,-3.0,S,0,0.0,S,0,-4.0,S,0,-2.0,S,0,180,False
SPE_GB3_894525,8,53,GPS,UNITED KINGDOM,,0.032,0.032,0.25,0.125,0.125,1.0,0.125,0.25,-5.0,S,0,-5.0,S,0,-2.0,S,0,-3.0,S,0,-3.0,S,0,0.0,S,0,-3.0,S,0,-2.0,S,0,53,False
SPE_GB3_900706,31,1684,GPS,UNITED KINGDOM,,0.032,0.032,0.25,0.125,0.125,1.0,0.25,0.25,-5.0,S,0,-5.0,S,0,-2.0,S,0,-3.0,S,0,-3.0,S,0,0.0,S,0,-2.0,S,0,-2.0,S,0,1684,False
SPE_GB3_874976,11A,62,GPS,UNITED KINGDOM,,0.032,0.032,0.25,0.125,0.125,1.0,0.125,0.25,-5.0,S,0,-5.0,S,0,-2.0,S,0,-3.0,S,0,-3.0,S,0,0.0,S,0,-3.0,S,0,-2.0,S,0,62,False
GPS_ZA_8596,4,5410,GPS,SOUTH AFRICA,,0.016,0.5,0.016,0.032,0.032,1.0,0.25,0.25,-6.0,S,0,-1.0,S,0,-6.0,S,0,-5.0,S,0,-5.0,S,0,0.0,S,0,-2.0,S,0,-2.0,S,0,5410,False
GPS_ZA_8588,19A,2062,GPS,SOUTH AFRICA,,0.25,0.5,0.25,0.064,0.064,1.0,0.125,0.25,-2.0,I,1,-1.0,S,0,-2.0,S,0,-4.0,S,0,-4.0,S,0,0.0,S,0,-3.0,S,0,-2.0,S,0,2062,False
SPE_GB3_880990,8,53,GPS,UNITED KINGDOM,,0.032,0.032,0.25,0.125,0.125,1.0,0.125,0.25,-5.0,S,0,-5.0,S,0,-2.0,S,0,-3.0,S,0,-3.0,S,0,0.0,S,0,-3.0,S,0,-2.0,S,0,53,False
GPS_ZA_8590,9N,3983,GPS,SOUTH AFRICA,,0.032,0.5,0.032,0.064,0.064,1.0,0.25,0.25,-5.0,S,0,-1.0,S,0,-5.0,S,0,-4.0,S,0,-4.0,S,0,0.0,S,0,-2.0,S,0,-2.0,S,0,3983,False
GPS_NO_NIPH_811,23B,1349,GPS,NORWAY,,0.25,0.064,0.25,0.125,0.125,1.0,0.125,8.0,-2.0,I,1,-4.0,S,0,-2.0,S,0,-3.0,S,0,-3.0,S,0,0.0,S,0,-3.0,S,0,3.0,R,1,1349,False
GPS_NO_NIPH_996,8,53,GPS,NORWAY,,0.032,0.032,0.25,0.125,0.125,1.0,0.125,0.25,-5.0,S,0,-5.0,S,0,-2.0,S,0,-3.0,S,0,-3.0,S,0,0.0,S,0,-3.0,S,0,-2.0,S,0,53,False
GPS_NO_NIPH_887,3,180,GPS,NORWAY,,0.032,0.032,0.25,0.125,0.125,1.0,0.25,0.25,-5.0,S,0,-5.0,S,0,-2.0,S,0,-3.0,S,0,-3.0,S,0,0.0,S,0,-2.0,S,0,-2.0,S,0,180,False
GPS_NO_NIPH_948,8,53,GPS,NORWAY,,0.032,0.032,0.25,0.125,0.125,1.0,0.25,0.25,-5.0,S,0,-5.0,S,0,-2.0,S,0,-3.0,S,0,-3.0,S,0,0.0,S,0,-2.0,S,0,-2.0,S,0,53,False
GPS_NO_NIPH_1047,15A,63,GPS,NORWAY,,0.25,0.032,0.25,2.0,2.0,1.0,0.25,0.25,-2.0,I,1,-5.0,S,0,-2.0,S,0,1.0,R,1,1.0,R,1,0.0,S,0,-2.0,S,0,-2.0,S,0,63,False
SPE_GB3_880945,7C,177,GPS,UNITED KINGDOM,,0.032,0.032,0.25,0.125,0.125,1.0,0.125,8.0,-5.0,S,0,-5.0,S,0,-2.0,S,0,-3.0,S,0,-3.0,S,0,0.0,S,0,-3.0,S,0,3.0,R,1,177,False
SPE_GB3_896084,8,53,GPS,UNITED KINGDOM,,0.032,0.032,0.25,0.125,0.125,1.0,0.125,0.25,-5.0,S,0,-5.0,S,0,-2.0,S,0,-3.0,S,0,-3.0,S,0,0.0,S,0,-3.0,S,0,-2.0,S,0,53,False
SPE_GB3_875000,8,53,GPS,UNITED KINGDOM,,0.032,0.032,0.25,0.125,0.125,1.0,0.125,0.25,-5.0,S,0,-5.0,S,0,-2.0,S,0,-3.0,S,0,-3.0,S,0,0.0,S,0,-3.0,S,0,-2.0,S,0,53,False
GPS_NO_NIPH_413,35F,446,GPS,NORWAY,,0.032,0.032,0.25,2.0,0.125,1.0,0.0625,0.25,-5.0,S,0,-5.0,S,0,-2.0,S,0,1.0,R,1,-3.0,S,0,0.0,S,0,-4.0,S,0,-2.0,S,0,446,False
GPS_ES_CAN_2691,10A,97,GPS,SPAIN,,0.032,0.032,0.25,0.125,0.125,1.0,0.25,0.25,-5.0,S,0,-5.0,S,0,-2.0,S,0,-3.0,S,0,-3.0,S,0,0.0,S,0,-2.0,S,0,-2.0,S,0,97,False
SPE_GB3_871172,3,180,GPS,UNITED KINGDOM,,0.032,0.032,0.25,0.125,0.125,1.0,0.125,0.25,-5.0,S,0,-5.0,S,0,-2.0,S,0,-3.0,S,0,-3.0,S,0,0.0,S,0,-3.0,S,0,-2.0,S,0,180,False
SPE_GB3_880004,8,4338,GPS,UNITED KINGDOM,,0.032,0.032,0.25,0.125,0.125,1.0,0.125,0.25,-5.0,S,0,-5.0,S,0,-2.0,S,0,-3.0,S,0,-3.0,S,0,0.0,S,0,-3.0,S,0,-2.0,S,0,4338,False
SPE_GB3_901569,19F,162,GPS,UNITED KINGDOM,,0.032,0.032,0.25,0.125,0.125,1.0,0.125,0.25,-5.0,S,0,-5.0,S,0,-2.0,S,0,-3.0,S,0,-3.0,S,0,0.0,S,0,-3.0,S,0,-2.0,S,0,162,False
GPS_NO_NIPH_432,8,53,GPS,NORWAY,,0.032,0.032,0.25,0.125,0.125,1.0,0.25,0.25,-5.0,S,0,-5.0,S,0,-2.0,S,0,-3.0,S,0,-3.0,S,0,0.0,S,0,-2.0,S,0,-2.0,S,0,53,False
GPS_NO_NIPH_929,11F,62,GPS,NORWAY,,0.032,0.032,0.25,0.125,0.125,1.0,0.125,0.25,-5.0,S,0,-5.0,S,0,-2.0,S,0,-3.0,S,0,-3.0,S,0,0.0,S,0,-3.0,S,0,-2.0,S,0,62,False
SPE_GB3_893912,22F,433,GPS,UNITED KINGDOM,,0.032,0.032,0.25,0.125,0.125,1.0,0.125,0.25,-5.0,S,0,-5.0,S,0,-2.0,S,0,-3.0,S,0,-3.0,S,0,0.0,S,0,-3.0,S,0,-2.0,S,0,433,False
GPS_TW_NHRI_SPN136,34,9395,GPS,TAIWAN,,2.0,4.0,1.0,0.125,0.125,1.0,0.125,0.25,1.0,R,1,2.0,I,1,0.0,S,0,-3.0,S,0,-3.0,S,0,0.0,S,0,-3.0,S,0,-2.0,S,0,9395,False
GPS_ZA_8481,9V,4881,GPS,SOUTH AFRICA,,0.032,0.5,0.032,0.032,0.032,1.0,0.125,8.0,-5.0,S,0,-1.0,S,0,-5.0,S,0,-5.0,S,0,-5.0,S,0,0.0,S,0,-3.0,S,0,3.0,R,1,4881,False
GPS_NO_NIPH_531,35F,1635,GPS,NORWAY,,0.032,0.032,0.25,2.0,0.125,1.0,0.25,0.25,-5.0,S,0,-5.0,S,0,-2.0,S,0,1.0,R,1,-3.0,S,0,0.0,S,0,-2.0,S,0,-2.0,S,0,1635,False
SPE_GB3_892844,15A,17861,GPS,UNITED KINGDOM,,0.032,0.032,0.25,0.125,0.125,1.0,0.125,0.25,-5.0,S,0,-5.0,S,0,-2.0,S,0,-3.0,S,0,-3.0,S,0,0.0,S,0,-3.0,S,0,-2.0,S,0,17861,False
GPS_NO_NIPH_549,23B,439,GPS,NORWAY,,0.032,0.032,0.25,0.125,0.125,1.0,0.25,0.25,-5.0,S,0,-5.0,S,0,-2.0,S,0,-3.0,S,0,-3.0,S,0,0.0,S,0,-2.0,S,0,-2.0,S,0,439,False
SPE_GB3_872225,1,306,GPS,UNITED KINGDOM,,0.032,0.032,0.25,0.125,0.125,1.0,0.125,0.25,-5.0,S,0,-5.0,S,0,-2.0,S,0,-3.0,S,0,-3.0,S,0,0.0,S,0,-3.0,S,0,-2.0,S,0,306,False
GPS_NO_NIPH_540,8,53,GPS,NORWAY,,0.032,0.032,0.25,0.125,0.125,1.0,0.125,0.25,-5.0,S,0,-5.0,S,0,-2.0,S,0,-3.0,S,0,-3.0,S,0,0.0,S,0,-3.0,S,0,-2.0,S,0,53,False
SPE_GB3_891494,7C,177,GPS,UNITED KINGDOM,,0.032,0.032,0.25,0.125,0.125,1.0,0.25,8.0,-5.0,S,0,-5.0,S,0,-2.0,S,0,-3.0,S,0,-3.0,S,0,0.0,S,0,-2.0,S,0,3.0,R,1,177,False
SPE_GB3_891461,3,180,GPS,UNITED KINGDOM,,0.032,0.032,0.25,0.125,0.125,1.0,0.125,0.25,-5.0,S,0,-5.0,S,0,-2.0,S,0,-3.0,S,0,-3.0,S,0,0.0,S,0,-3.0,S,0,-2.0,S,0,180,False
GPS_NO_NIPH_848,23A,1448,GPS,NORWAY,,0.032,0.032,0.25,0.125,0.125,1.0,0.25,0.25,-5.0,S,0,-5.0,S,0,-2.0,S,0,-3.0,S,0,-3.0,S,0,0.0,S,0,-2.0,S,0,-2.0,S,0,1448,False
GPS_NO_NIPH_428,3,180,GPS,NORWAY,,0.032,0.032,0.25,0.125,0.125,1.0,0.125,0.25,-5.0,S,0,-5.0,S,0,-2.0,S,0,-3.0,S,0,-3.0,S,0,0.0,S,0,-3.0,S,0,-2.0,S,0,180,False
SPE_GB3_876194,3,16383,GPS,UNITED KINGDOM,,0.032,0.032,0.25,0.125,0.125,1.0,0.125,0.25,-5.0,S,0,-5.0,S,0,-2.0,S,0,-3.0,S,0,-3.0,S,0,0.0,S,0,-3.0,S,0,-2.0,S,0,16383,False
GPS_NO_NIPH_747,22F,433,GPS,NORWAY,,0.032,0.032,0.25,0.125,0.125,1.0,0.125,0.25,-5.0,S,0,-5.0,S,0,-2.0,S,0,-3.0,S,0,-3.0,S,0,0.0,S,0,-3.0,S,0,-2.0,S,0,433,False
SPE_GB3_886767,31,10468,GPS,UNITED KINGDOM,,0.032,0.032,0.25,0.125,0.125,1.0,0.125,0.25,-5.0,S,0,-5.0,S,0,-2.0,S,0,-3.0,S,0,-3.0,S,0,0.0,S,0,-3.0,S,0,-2.0,S,0,10468,False
GPS_NO_NIPH_1003,19F,654,GPS,NORWAY,,0.032,0.032,0.25,0.125,0.125,1.0,0.125,0.25,-5.0,S,0,-5.0,S,0,-2.0,S,0,-3.0,S,0,-3.0,S,0,0.0,S,0,-3.0,S,0,-2.0,S,0,654,False
GPS_ZA_8587,8,53,GPS,SOUTH AFRICA,,0.016,0.5,0.008,0.032,0.064,1.0,0.125,0.25,-6.0,S,0,-1.0,S,0,-7.0,S,0,-5.0,S,0,-4.0,S,0,0.0,S,0,-3.0,S,0,-2.0,S,0,53,False
GPS_NO_NIPH_864,19A,3017,GPS,NORWAY,,0.032,0.032,0.25,0.125,0.125,1.0,0.0625,0.25,-5.0,S,0,-5.0,S,0,-2.0,S,0,-3.0,S,0,-3.0,S,0,0.0,S,0,-4.0,S,0,-2.0,S,0,3017,False
SPE_GB3_874931,23A,438,GPS,UNITED KINGDOM,,0.032,0.032,0.25,0.125,0.125,1.0,0.125,0.25,-5.0,S,0,-5.0,S,0,-2.0,S,0,-3.0,S,0,-3.0,S,0,0.0,S,0,-3.0,S,0,-2.0,S,0,438,False
SPE_AU1_AUSMDU00074022,3,4149,GPS,AUSTRALIA,,2.0,2.0,1.0,2.0,2.0,1.0,0.125,8.0,1.0,R,1,1.0,S,0,0.0,S,0,1.0,R,1,1.0,R,1,0.0,S,0,-3.0,S,0,3.0,R,1,4149,False
GPS_ZA_8508,38,393,GPS,SOUTH AFRICA,,0.004,0.5,0.008,0.032,0.032,1.0,0.125,0.125,-8.0,S,0,-1.0,S,0,-7.0,S,0,-5.0,S,0,-5.0,S,0,0.0,S,0,-3.0,S,0,-3.0,S,0,393,False
SPE_GB3_872181,7F,191,GPS,UNITED KINGDOM,,0.032,0.032,0.25,0.125,0.125,1.0,0.125,0.25,-5.0,S,0,-5.0,S,0,-2.0,S,0,-3.0,S,0,-3.0,S,0,0.0,S,0,-3.0,S,0,-2.0,S,0,191,False
GPS_NO_NIPH_490,8,53,GPS,NORWAY,,0.032,0.032,0.25,0.125,0.125,1.0,0.125,0.25,-5.0,S,0,-5.0,S,0,-2.0,S,0,-3.0,S,0,-3.0,S,0,0.0,S,0,-3.0,S,0,-2.0,S,0,53,False
GPS_NO_NIPH_1008,17F,392,GPS,NORWAY,,0.032,0.032,0.25,0.125,0.125,1.0,0.125,0.25,-5.0,S,0,-5.0,S,0,-2.0,S,0,-3.0,S,0,-3.0,S,0,0.0,S,0,-3.0,S,0,-2.0,S,0,392,False
GPS_NO_NIPH_669,24F,162,GPS,NORWAY,,0.032,0.032,0.25,0.125,0.125,1.0,0.25,8.0,-5.0,S,0,-5.0,S,0,-2.0,S,0,-3.0,S,0,-3.0,S,0,0.0,S,0,-2.0,S,0,3.0,R,1,162,False
SPE_GB3_900752,8,53,GPS,UNITED KINGDOM,,0.032,0.032,0.25,0.125,0.125,1.0,0.125,0.25,-5.0,S,0,-5.0,S,0,-2.0,S,0,-3.0,S,0,-3.0,S,0,0.0,S,0,-3.0,S,0,-2.0,S,0,53,False
GPS_ZA_8474,19F,347,GPS,SOUTH AFRICA,,4.0,4.0,2.0,0.064,0.064,1.0,0.125,8.0,2.0,R,1,2.0,I,1,1.0,I,1,-4.0,S,0,-4.0,S,0,0.0,S,0,-3.0,S,0,3.0,R,1,347,False
SPE_GB3_876151,21,1877,GPS,UNITED KINGDOM,,0.032,0.032,0.25,0.125,0.125,1.0,0.125,0.25,-5.0,S,0,-5.0,S,0,-2.0,S,0,-3.0,S,0,-3.0,S,0,0.0,S,0,-3.0,S,0,-2.0,S,0,1877,False
SPE_GB3_874990,16F,15427,GPS,UNITED KINGDOM,,0.032,0.032,0.25,0.125,0.125,1.0,0.25,0.25,-5.0,S,0,-5.0,S,0,-2.0,S,0,-3.0,S,0,-3.0,S,0,0.0,S,0,-2.0,S,0,-2.0,S,0,15427,False
SPE_GB3_897420,10A,97,GPS,UNITED KINGDOM,,0.032,0.032,0.25,0.125,0.125,1.0,0.125,0.25,-5.0,S,0,-5.0,S,0,-2.0,S,0,-3.0,S,0,-3.0,S,0,0.0,S,0,-3.0,S,0,-2.0,S,0,97,False
SPE_GB3_873488,8,53,GPS,UNITED KINGDOM,,0.032,0.032,0.25,0.125,0.125,1.0,0.125,0.25,-5.0,S,0,-5.0,S,0,-2.0,S,0,-3.0,S,0,-3.0,S,0,0.0,S,0,-3.0,S,0,-2.0,S,0,53,False
GPS_NO_NIPH_824,8,53,GPS,NORWAY,,0.032,0.032,0.25,0.125,0.125,1.0,0.125,0.25,-5.0,S,0,-5.0,S,0,-2.0,S,0,-3.0,S,0,-3.0,S,0,0.0,S,0,-3.0,S,0,-2.0,S,0,53,False
GPS_NO_NIPH_861,3,180,GPS,NORWAY,,0.032,0.032,0.25,0.125,0.125,1.0,0.125,0.25,-5.0,S,0,-5.0,S,0,-2.0,S,0,-3.0,S,0,-3.0,S,0,0.0,S,0,-3.0,S,0,-2.0,S,0,180,False
GPS_NO_NIPH_603,12F,6945,GPS,NORWAY,,0.032,0.032,0.25,0.125,0.125,1.0,0.125,0.25,-5.0,S,0,-5.0,S,0,-2.0,S,0,-3.0,S,0,-3.0,S,0,0.0,S,0,-3.0,S,0,-2.0,S,0,6945,False
SPE_GB3_880953,24F,162,GPS,UNITED KINGDOM,,0.032,0.032,0.25,0.125,0.125,1.0,0.125,8.0,-5.0,S,0,-5.0,S,0,-2.0,S,0,-3.0,S,0,-3.0,S,0,0.0,S,0,-3.0,S,0,3.0,R,1,162,False
SPE_GB3_890569,9N,66,GPS,UNITED KINGDOM,,0.032,0.032,0.25,0.125,0.125,1.0,0.125,0.25,-5.0,S,0,-5.0,S,0,-2.0,S,0,-3.0,S,0,-3.0,S,0,0.0,S,0,-3.0,S,0,-2.0,S,0,66,False
SPE_GB3_883913,8,53,GPS,UNITED KINGDOM,,0.032,0.032,0.25,0.125,0.125,1.0,0.25,0.25,-5.0,S,0,-5.0,S,0,-2.0,S,0,-3.0,S,0,-3.0,S,0,0.0,S,0,-2.0,S,0,-2.0,S,0,53,False
GPS_NO_NIPH_792,23A,42,GPS,NORWAY,,0.032,0.032,0.25,0.125,0.125,1.0,0.125,0.25,-5.0,S,0,-5.0,S,0,-2.0,S,0,-3.0,S,0,-3.0,S,0,0.0,S,0,-3.0,S,0,-2.0,S,0,42,False
GPS_ZA_8438,4,1221,GPS,SOUTH AFRICA,,0.008,0.5,0.016,0.032,0.032,0.5,0.125,0.125,-7.0,S,0,-1.0,S,0,-6.0,S,0,-5.0,S,0,-5.0,S,0,-1.0,S,0,-3.0,S,0,-3.0,S,0,1221,False
SPE_GB3_886768,9N,66,GPS,UNITED KINGDOM,,0.032,0.032,0.25,0.125,0.125,1.0,0.125,0.25,-5.0,S,0,-5.0,S,0,-2.0,S,0,-3.0,S,0,-3.0,S,0,0.0,S,0,-3.0,S,0,-2.0,S,0,66,False
GPS_NO_NIPH_967,35F,1635,GPS,NORWAY,,0.032,0.032,0.25,2.0,0.125,1.0,0.25,0.25,-5.0,S,0,-5.0,S,0,-2.0,S,0,1.0,R,1,-3.0,S,0,0.0,S,0,-2.0,S,0,-2.0,S,0,1635,False
GPS_NO_NIPH_543,22F,433,GPS,NORWAY,,0.032,0.032,0.25,0.125,0.125,1.0,0.0625,0.25,-5.0,S,0,-5.0,S,0,-2.0,S,0,-3.0,S,0,-3.0,S,0,0.0,S,0,-4.0,S,0,-2.0,S,0,433,False
SPE_GB3_890571,35F,8604,GPS,UNITED KINGDOM,,0.032,0.032,0.25,2.0,0.125,1.0,0.25,0.25,-5.0,S,0,-5.0,S,0,-2.0,S,0,1.0,R,1,-3.0,S,0,0.0,S,0,-2.0,S,0,-2.0,S,0,8604,False
GPS_NO_NIPH_804,15A,63,GPS,NORWAY,,0.25,0.032,0.25,2.0,2.0,1.0,0.0625,0.25,-2.0,I,1,-5.0,S,0,-2.0,S,0,1.0,R,1,1.0,R,1,0.0,S,0,-4.0,S,0,-2.0,S,0,63,False
GPS_ZA_8484,8,53,GPS,SOUTH AFRICA,,2.0,2.0,1.0,16.0,2.0,1.0,0.125,0.25,1.0,R,1,1.0,S,0,0.0,S,0,4.0,R,1,1.0,R,1,0.0,S,0,-3.0,S,0,-2.0,S,0,53,False
GPS_NO_NIPH_314,10A,1551,GPS,NORWAY,,0.032,0.032,0.25,0.125,0.125,1.0,0.125,0.25,-5.0,S,0,-5.0,S,0,-2.0,S,0,-3.0,S,0,-3.0,S,0,0.0,S,0,-3.0,S,0,-2.0,S,0,1551,False
SPE_GB3_872243,22F,433,GPS,UNITED KINGDOM,,0.032,0.032,0.25,0.125,0.125,4.0,0.5,0.25,-5.0,S,0,-5.0,S,0,-2.0,S,0,-3.0,S,0,-3.0,S,0,2.0,I,1,-1.0,S,0,-2.0,S,0,433,False
SPE_GB3_898695,19A,246,GPS,UNITED KINGDOM,,0.032,0.032,0.25,0.125,0.125,1.0,0.125,0.25,-5.0,S,0,-5.0,S,0,-2.0,S,0,-3.0,S,0,-3.0,S,0,0.0,S,0,-3.0,S,0,-2.0,S,0,246,False
SPE_GB3_891432,8,53,GPS,UNITED KINGDOM,,0.032,0.032,0.25,0.125,0.125,1.0,0.125,0.25,-5.0,S,0,-5.0,S,0,-2.0,S,0,-3.0,S,0,-3.0,S,0,0.0,S,0,-3.0,S,0,-2.0,S,0,53,False
GPS_NO_NIPH_985,9N,834,GPS,NORWAY,,0.032,0.032,0.25,0.125,0.125,1.0,0.125,0.25,-5.0,S,0,-5.0,S,0,-2.0,S,0,-3.0,S,0,-3.0,S,0,0.0,S,0,-3.0,S,0,-2.0,S,0,834,False
SPE_GB3_890537,23B,11167,GPS,UNITED KINGDOM,,0.25,0.064,0.25,0.125,0.125,1.0,0.0625,8.0,-2.0,I,1,-4.0,S,0,-2.0,S,0,-3.0,S,0,-3.0,S,0,0.0,S,0,-4.0,S,0,3.0,R,1,11167,False
SPE_GB3_890567,19A,199,GPS,UNITED KINGDOM,,0.032,0.032,0.25,0.125,0.125,1.0,0.0625,0.25,-5.0,S,0,-5.0,S,0,-2.0,S,0,-3.0,S,0,-3.0,S,0,0.0,S,0,-4.0,S,0,-2.0,S,0,199,False
GPS_NO_NIPH_964,3,180,GPS,NORWAY,,0.032,0.032,0.25,0.125,0.125,1.0,0.125,0.25,-5.0,S,0,-5.0,S,0,-2.0,S,0,-3.0,S,0,-3.0,S,0,0.0,S,0,-3.0,S,0,-2.0,S,0,180,False
GPS_PK_AKU_NP0102,13,-,GPS,PAKISTAN,,0.032,0.032,0.25,0.125,0.125,1.0,0.125,8.0,-5.0,S,0,-5.0,S,0,-2.0,S,0,-3.0,S,0,-3.0,S,0,0.0,S,0,-3.0,S,0,3.0,R,1,-,True
GPS_NO_NIPH_469,17F,392,GPS,NORWAY,,0.032,0.032,0.25,0.125,0.125,1.0,0.125,0.25,-5.0,S,0,-5.0,S,0,-2.0,S,0,-3.0,S,0,-3.0,S,0,0.0,S,0,-3.0,S,0,-2.0,S,0,392,False
SPE_GB3_877923,3,180,GPS,UNITED KINGDOM,,0.032,0.032,0.25,0.125,0.125,1.0,0.25,0.25,-5.0,S,0,-5.0,S,0,-2.0,S,0,-3.0,S,0,-3.0,S,0,0.0,S,0,-2.0,S,0,-2.0,S,0,180,False
SPE_GB3_880002,3,180,GPS,UNITED KINGDOM,,0.032,0.032,0.25,0.125,0.125,1.0,0.25,0.25,-5.0,S,0,-5.0,S,0,-2.0,S,0,-3.0,S,0,-3.0,S,0,0.0,S,0,-2.0,S,0,-2.0,S,0,180,False
GPS_NO_NIPH_272,3,505,GPS,NORWAY,,0.032,0.032,0.25,0.125,0.125,1.0,0.125,0.25,-5.0,S,0,-5.0,S,0,-2.0,S,0,-3.0,S,0,-3.0,S,0,0.0,S,0,-3.0,S,0,-2.0,S,0,505,False
SPE_GB3_874935,19F,3423,GPS,UNITED KINGDOM,,0.032,0.032,0.25,0.125,0.125,1.0,0.125,0.25,-5.0,S,0,-5.0,S,0,-2.0,S,0,-3.0,S,0,-3.0,S,0,0.0,S,0,-3.0,S,0,-2.0,S,0,3423,False
SPE_GB3_893973,24F,177,GPS,UNITED KINGDOM,,0.032,0.032,0.25,0.125,0.125,1.0,0.125,0.25,-5.0,S,0,-5.0,S,0,-2.0,S,0,-3.0,S,0,-3.0,S,0,0.0,S,0,-3.0,S,0,-2.0,S,0,177,False
GPS_NO_NIPH_1027,8,53,GPS,NORWAY,,0.032,0.032,0.25,0.125,0.125,1.0,0.25,0.25,-5.0,S,0,-5.0,S,0,-2.0,S,0,-3.0,S,0,-3.0,S,0,0.0,S,0,-2.0,S,0,-2.0,S,0,53,False
SPE_GB3_879997,19A,2062,GPS,UNITED KINGDOM,,0.25,0.25,0.25,0.125,0.125,1.0,0.0625,8.0,-2.0,I,1,-2.0,S,0,-2.0,S,0,-3.0,S,0,-3.0,S,0,0.0,S,0,-4.0,S,0,3.0,R,1,2062,False
GPS_TW_NHRI_SPN129,34,1439,GPS,TAIWAN,,0.032,0.032,0.25,2.0,0.125,1.0,0.125,0.25,-5.0,S,0,-5.0,S,0,-2.0,S,0,1.0,R,1,-3.0,S,0,0.0,S,0,-3.0,S,0,-2.0,S,0,1439,False
GPS_ZA_8513,19A,17030,GPS,SOUTH AFRICA,,0.25,0.5,0.125,0.064,0.064,0.5,0.125,1.0,-2.0,I,1,-1.0,S,0,-3.0,S,0,-4.0,S,0,-4.0,S,0,-1.0,S,0,-3.0,S,0,0.0,I,1,17030,False
SPE_GB3_876200,3,180,GPS,UNITED KINGDOM,,0.032,0.032,0.25,0.125,0.125,1.0,0.25,0.25,-5.0,S,0,-5.0,S,0,-2.0,S,0,-3.0,S,0,-3.0,S,0,0.0,S,0,-2.0,S,0,-2.0,S,0,180,False
SPE_GB3_877367,3,180,GPS,UNITED KINGDOM,,0.032,0.032,0.25,0.125,0.125,1.0,0.25,0.25,-5.0,S,0,-5.0,S,0,-2.0,S,0,-3.0,S,0,-3.0,S,0,0.0,S,0,-2.0,S,0,-2.0,S,0,180,False
GPS_NO_NIPH_955,8,53,GPS,NORWAY,,0.032,0.032,0.25,0.125,0.125,1.0,0.25,0.25,-5.0,S,0,-5.0,S,0,-2.0,S,0,-3.0,S,0,-3.0,S,0,0.0,S,0,-2.0,S,0,-2.0,S,0,53,False
SPE_GB3_871168,8,53,GPS,UNITED KINGDOM,,0.032,0.032,0.25,0.125,0.125,1.0,0.125,0.25,-5.0,S,0,-5.0,S,0,-2.0,S,0,-3.0,S,0,-3.0,S,0,0.0,S,0,-3.0,S,0,-2.0,S,0,53,False
GPS_NO_NIPH_973,6C,481,GPS,NORWAY,,0.032,0.032,0.25,0.125,0.125,1.0,0.125,0.25,-5.0,S,0,-5.0,S,0,-2.0,S,0,-3.0,S,0,-3.0,S,0,0.0,S,0,-3.0,S,0,-2.0,S,0,481,False
GPS_NO_NIPH_788,35B,452,GPS,NORWAY,,0.032,0.032,0.25,0.125,0.125,1.0,0.125,0.25,-5.0,S,0,-5.0,S,0,-2.0,S,0,-3.0,S,0,-3.0,S,0,0.0,S,0,-3.0,S,0,-2.0,S,0,452,False
GPS_NO_NIPH_746,35F,446,GPS,NORWAY,,0.032,0.032,0.25,2.0,0.125,1.0,0.25,0.25,-5.0,S,0,-5.0,S,0,-2.0,S,0,1.0,R,1,-3.0,S,0,0.0,S,0,-2.0,S,0,-2.0,S,0,446,False
SPE_GB3_879925,8,53,GPS,UNITED KINGDOM,,0.032,0.032,0.25,0.125,0.125,1.0,0.125,0.25,-5.0,S,0,-5.0,S,0,-2.0,S,0,-3.0,S,0,-3.0,S,0,0.0,S,0,-3.0,S,0,-2.0,S,0,53,False
SPE_GB3_869339,31,1766,GPS,UNITED KINGDOM,,0.032,0.032,0.25,0.125,0.125,1.0,0.125,0.25,-5.0,S,0,-5.0,S,0,-2.0,S,0,-3.0,S,0,-3.0,S,0,0.0,S,0,-3.0,S,0,-2.0,S,0,1766,False
GPS_NO_NIPH_875,3,180,GPS,NORWAY,,0.032,0.032,0.25,0.125,0.125,1.0,0.25,0.25,-5.0,S,0,-5.0,S,0,-2.0,S,0,-3.0,S,0,-3.0,S,0,0.0,S,0,-2.0,S,0,-2.0,S,0,180,False
GPS_NO_NIPH_458,38,393,GPS,NORWAY,,0.032,0.032,0.25,0.125,0.125,1.0,0.125,0.25,-5.0,S,0,-5.0,S,0,-2.0,S,0,-3.0,S,0,-3.0,S,0,0.0,S,0,-3.0,S,0,-2.0,S,0,393,False
GPS_NO_NIPH_797,9N,405,GPS,NORWAY,,0.032,0.032,0.25,0.125,0.125,1.0,0.125,0.25,-5.0,S,0,-5.0,S,0,-2.0,S,0,-3.0,S,0,-3.0,S,0,0.0,S,0,-3.0,S,0,-2.0,S,0,405,False
SPE_GB3_876159,19F,162,GPS,UNITED KINGDOM,,0.064,0.064,0.25,2.0,0.125,1.0,0.125,0.25,-4.0,I,1,-4.0,S,0,-2.0,S,0,1.0,R,1,-3.0,S,0,0.0,S,0,-3.0,S,0,-2.0,S,0,162,False
GPS_NO_NIPH_339,22F,433,GPS,NORWAY,,0.032,0.032,0.25,0.125,0.125,1.0,0.125,0.25,-5.0,S,0,-5.0,S,0,-2.0,S,0,-3.0,S,0,-3.0,S,0,0.0,S,0,-3.0,S,0,-2.0,S,0,433,False
SPE_GB3_886764,8,53,GPS,UNITED KINGDOM,,0.032,0.032,0.25,0.125,0.125,1.0,0.5,0.25,-5.0,S,0,-5.0,S,0,-2.0,S,0,-3.0,S,0,-3.0,S,0,0.0,S,0,-1.0,S,0,-2.0,S,0,53,False
SPE_GB3_871171,10A,816,GPS,UNITED KINGDOM,,0.032,0.032,0.25,2.0,0.125,1.0,0.25,0.25,-5.0,S,0,-5.0,S,0,-2.0,S,0,1.0,R,1,-3.0,S,0,0.0,S,0,-2.0,S,0,-2.0,S,0,816,False
GPS_NO_NIPH_926,23B,9579,GPS,NORWAY,,0.032,0.032,0.25,0.125,0.125,1.0,0.0625,0.25,-5.0,S,0,-5.0,S,0,-2.0,S,0,-3.0,S,0,-3.0,S,0,0.0,S,0,-4.0,S,0,-2.0,S,0,9579,False
SPE_GB3_876189,23B,439,GPS,UNITED KINGDOM,,0.032,0.032,0.25,0.125,0.125,1.0,0.125,0.25,-5.0,S,0,-5.0,S,0,-2.0,S,0,-3.0,S,0,-3.0,S,0,0.0,S,0,-3.0,S,0,-2.0,S,0,439,False
SPE_GB3_900734,38,393,GPS,UNITED KINGDOM,,0.032,0.032,0.25,0.125,0.125,1.0,0.125,0.25,-5.0,S,0,-5.0,S,0,-2.0,S,0,-3.0,S,0,-3.0,S,0,0.0,S,0,-3.0,S,0,-2.0,S,0,393,False
GPS_NO_NIPH_588,8,53,GPS,NORWAY,,0.032,0.032,0.25,0.125,0.125,1.0,0.125,0.25,-5.0,S,0,-5.0,S,0,-2.0,S,0,-3.0,S,0,-3.0,S,0,0.0,S,0,-3.0,S,0,-2.0,S,0,53,False
GPS_NO_NIPH_1016,8,53,GPS,NORWAY,,0.032,0.032,0.25,0.125,0.125,1.0,0.25,0.25,-5.0,S,0,-5.0,S,0,-2.0,S,0,-3.0,S,0,-3.0,S,0,0.0,S,0,-2.0,S,0,-2.0,S,0,53,False
SPE_GB3_897405,9N,66,GPS,UNITED KINGDOM,,0.032,0.032,0.25,0.125,0.125,1.0,0.5,0.25,-5.0,S,0,-5.0,S,0,-2.0,S,0,-3.0,S,0,-3.0,S,0,0.0,S,0,-1.0,S,0,-2.0,S,0,66,False
SPE_GB3_891417,3,180,GPS,UNITED KINGDOM,,0.032,0.032,0.25,0.125,0.125,1.0,0.125,0.25,-5.0,S,0,-5.0,S,0,-2.0,S,0,-3.0,S,0,-3.0,S,0,0.0,S,0,-3.0,S,0,-2.0,S,0,180,False
GPS_NO_NIPH_344,9N,834,GPS,NORWAY,,0.032,0.032,0.25,0.125,0.125,1.0,0.25,0.25,-5.0,S,0,-5.0,S,0,-2.0,S,0,-3.0,S,0,-3.0,S,0,0.0,S,0,-2.0,S,0,-2.0,S,0,834,False
GPS_NO_NIPH_276,8,53,GPS,NORWAY,,0.032,0.032,0.25,0.125,0.125,1.0,0.125,0.25,-5.0,S,0,-5.0,S,0,-2.0,S,0,-3.0,S,0,-3.0,S,0,0.0,S,0,-3.0,S,0,-2.0,S,0,53,False
GPS_PK_AKU_NP0470,10C,16130,GPS,PAKISTAN,,0.032,0.032,0.25,0.125,0.125,4.0,1.0,8.0,-5.0,S,0,-5.0,S,0,-2.0,S,0,-3.0,S,0,-3.0,S,0,2.0,I,1,0.0,S,0,3.0,R,1,16130,False
SPE_GB3_883009,8,53,GPS,UNITED KINGDOM,,0.032,0.032,0.25,0.125,0.125,1.0,0.125,0.25,-5.0,S,0,-5.0,S,0,-2.0,S,0,-3.0,S,0,-3.0,S,0,0.0,S,0,-3.0,S,0,-2.0,S,0,53,False
SPE_GB3_871151,23A,18413,GPS,UNITED KINGDOM,,0.032,0.032,0.25,0.125,0.125,1.0,0.125,0.25,-5.0,S,0,-5.0,S,0,-2.0,S,0,-3.0,S,0,-3.0,S,0,0.0,S,0,-3.0,S,0,-2.0,S,0,18413,False
SPE_GB3_900750,19A,3214,GPS,UNITED KINGDOM,,0.25,0.125,0.25,2.0,0.125,1.0,0.125,8.0,-2.0,I,1,-3.0,S,0,-2.0,S,0,1.0,R,1,-3.0,S,0,0.0,S,0,-3.0,S,0,3.0,R,1,3214,False
GPS_NO_NIPH_488,3,180,GPS,NORWAY,,0.032,0.032,0.25,0.125,0.125,1.0,0.25,0.25,-5.0,S,0,-5.0,S,0,-2.0,S,0,-3.0,S,0,-3.0,S,0,0.0,S,0,-2.0,S,0,-2.0,S,0,180,False
GPS_NO_NIPH_349,8,53,GPS,NORWAY,,0.032,0.032,0.25,0.125,0.125,1.0,0.125,0.25,-5.0,S,0,-5.0,S,0,-2.0,S,0,-3.0,S,0,-3.0,S,0,0.0,S,0,-3.0,S,0,-2.0,S,0,53,False
GPS_NO_NIPH_367,22F,433,GPS,NORWAY,,0.032,0.032,0.25,0.125,0.125,1.0,0.125,0.25,-5.0,S,0,-5.0,S,0,-2.0,S,0,-3.0,S,0,-3.0,S,0,0.0,S,0,-3.0,S,0,-2.0,S,0,433,False
GPS_ZA_8553,8,53,GPS,SOUTH AFRICA,,0.032,0.5,0.032,0.064,0.064,1.0,0.0625,0.25,-5.0,S,0,-1.0,S,0,-5.0,S,0,-4.0,S,0,-4.0,S,0,0.0,S,0,-4.0,S,0,-2.0,S,0,53,False
GPS_NO_NIPH_644,23A,42,GPS,NORWAY,,0.032,0.032,0.25,0.125,0.125,1.0,0.125,0.25,-5.0,S,0,-5.0,S,0,-2.0,S,0,-3.0,S,0,-3.0,S,0,0.0,S,0,-3.0,S,0,-2.0,S,0,42,False
SPE_GB3_877345,8,53,GPS,UNITED KINGDOM,,0.032,0.032,0.25,0.125,0.125,1.0,0.125,0.25,-5.0,S,0,-5.0,S,0,-2.0,S,0,-3.0,S,0,-3.0,S,0,0.0,S,0,-3.0,S,0,-2.0,S,0,53,False
