drug,featset,task,feature,mean_gain
PEN,kmer,reg,k_CGACTACCCA,1509.9019531249999
PEN,kmer,reg,k_ATGCATTATG,1201.105224609375
PEN,kmer,reg,k_TACCGCTCTA,1093.590966796875
PEN,kmer,reg,k_GAAACGTCCC,955.2964599609375
PEN,kmer,reg,k_ACCGAATCAG,891.4050018310547
PEN,kmer,reg,k_AGGCGGCGAC,767.7439903259277
PEN,kmer,reg,k_CAGGTGCTAC,699.6306373596191
PEN,kmer,reg,k_TGGAGCCTAA,340.49570922851564
PEN,kmer,reg,k_CCACAGCACA,208.8338607788086
PEN,kmer,reg,k_AGAGCCAACG,188.68798828125
PEN,kmer,reg,k_GACGGTTAGA,188.13533668518068
PEN,kmer,reg,k_CCCCGTAGGC,128.66641845703126
PEN,kmer,reg,k_GCATGCATTA,112.51244201660157
PEN,kmer,reg,k_ATGTCTGATG,110.74275512695311
PEN,kmer,clf,k_ATGTCTGATG,106.53735466003418
PEN,kmer,reg,k_CCCGACTGTC,97.17005615234375
PEN,kmer,reg,k_TACCGTTAGA,90.95226440429687
PEN,kmer,reg,k_CTCGGGACCC,89.14917297363282
PEN,kmer,reg,k_CCGACACAAG,78.4485107421875
PEN,kmer,reg,k_AGTCTAACTC,76.98193969726563
PEN,kmer,reg,k_GAAGCGTGGA,58.562329101562504
PEN,kmer,reg,k_CCGTTCCCAG,51.6607177734375
PEN,kmer,reg,k_CAGGCTTACG,47.34306640625
PEN,kmer,reg,k_GGGGTCCCGA,45.9762451171875
PEN,kmer,reg,k_CGTATAGCCA,45.118771362304685
PEN,kmer,reg,k_CCCTGTCTTA,43.20994262695312
PEN,kmer,reg,k_AGTTTCGTCG,43.17355041503906
PEN,kmer,reg,k_ATGCGGCAAG,42.0779296875
PEN,kmer,clf,k_CCCGACTGTC,39.993246459960936
PEN,kmer,reg,k_CAGTGGACGC,39.46790771484375
PEN,kmer,reg,k_CCGCTCCCAC,39.12310028076172
PEN,kmer,reg,k_GGCTTTCGCA,39.01963500976562
PEN,kmer,reg,k_TACAGACCGA,37.8984130859375
PEN,kmer,clf,k_CCCCGTAGGC,37.72303123474121
PEN,kmer,clf,k_CCCTGTCTTA,37.64547271728516
PEN,kmer,reg,k_CGTTTGCATA,35.7870849609375
PEN,kmer,clf,k_GGGGTCCCGA,35.1217529296875
PEN,kmer,reg,k_CCCGTTTGAA,32.671896362304686
PEN,kmer,clf,k_CCGACACAAG,29.89931640625
PEN,kmer,reg,k_CCCTAAGACC,29.8042236328125
PEN,kmer,reg,k_GACCGTACTA,29.5849609375
PEN,kmer,reg,k_GTCGGACTCA,28.07544860839844
PEN,kmer,reg,k_CCTTGCCGCA,27.12529296875
PEN,kmer,reg,k_GTAGCCCCTA,26.281982421875
PEN,kmer,reg,k_GTGTTCAGCA,25.670294189453124
PEN,kmer,reg,k_GTTTGTCCGA,21.297166442871095
PEN,kmer,clf,k_AGTTTCGTCG,19.084274578094483
PEN,kmer,clf,k_GCTGAATCGA,18.75775909423828
PEN,kmer,reg,k_GGGTCTACAA,18.61472854614258
PEN,kmer,reg,k_AGCGGTCCAA,18.470335388183592
PEN,kmer,reg,k_ATACAGTACG,17.54616775512695
PEN,kmer,reg,k_GGTCAGTGCA,17.475750732421876
PEN,kmer,reg,k_CACGGGTTTC,16.99910888671875
PEN,kmer,reg,k_GCAACTCTGA,15.613525390625
PEN,kmer,reg,k_GTTTCGCTCA,15.453340530395508
PEN,kmer,clf,k_ATTCCGCTGG,15.191996669769287
PEN,kmer,reg,k_GCACTAGACA,15.0635009765625
PEN,kmer,reg,k_GAAAGCCACA,14.167312622070312
PEN,kmer,clf,k_TAACCGACTA,13.732706642150879
PEN,kmer,reg,k_CTATGCTCCC,13.466793537139893
PEN,kmer,reg,k_ACTCCACCTA,13.317869758605957
PEN,kmer,reg,k_GCACCACAAC,13.189027118682862
PEN,kmer,reg,k_ATACGTTAGA,12.525896453857422
PEN,kmer,reg,k_TAACCGACTA,12.339520263671876
PEN,kmer,reg,k_ACTGCAGTAC,12.149148941040039
PEN,kmer,reg,k_GTCGTCCAAA,12.064208984375
PEN,kmer,reg,k_ACTGCCCCCA,11.826362323760986
PEN,kmer,reg,k_CCGTCCCCTC,11.517022705078125
PEN,kmer,reg,k_AGCCGTCTGC,11.418154859542847
PEN,kmer,reg,k_CCTGACCTCA,11.343310546875
PEN,kmer,reg,k_CACGATTCGA,11.220246887207031
PEN,kmer,clf,k_CTCGGGACCC,10.944536781311035
PEN,kmer,reg,k_ATCGGATAAG,10.93433837890625
PEN,kmer,reg,k_ACGTTGGATG,10.694199371337891
PEN,kmer,reg,k_CAGTGACACA,10.619433975219728
PEN,kmer,reg,k_GAGAGCATCC,10.10302276611328
PEN,kmer,reg,k_AGAGGGAGCG,10.045809936523437
PEN,kmer,reg,k_ACCAATAGGC,10.031298828125
PEN,kmer,reg,k_TGCGCAATAA,9.84079818725586
PEN,kmer,reg,k_GGGTGGCTAA,9.549493408203125
PEN,kmer,clf,k_ATACGTTAGA,9.529271697998047
PEN,kmer,reg,k_AGGACGGTTG,8.867378616333008
PEN,kmer,reg,k_GGGAGCTGAA,8.83221435546875
PEN,kmer,clf,k_TACAGACCGA,8.787835311889648
PEN,kmer,reg,k_AATACGGCCT,8.590410804748535
PEN,kmer,reg,k_AGACATTTAT,8.4451416015625
PEN,kmer,reg,k_CTGTGCATCA,8.437014961242676
PEN,kmer,reg,k_GTGTGAGAAC,8.199847412109374
PEN,kmer,reg,k_AAGTTAGCCA,8.154660034179688
PEN,kmer,reg,k_CACAGTACAA,8.0914306640625
PEN,kmer,reg,k_CGAATCTCGC,7.92142333984375
PEN,kmer,reg,k_ACCTAGTCGC,7.863507080078125
PEN,kmer,reg,k_CCCTGTGAAG,7.850537109375
PEN,kmer,reg,k_GGGCATTTAA,7.8462687015533445
PEN,kmer,reg,k_AGAATCGTCT,7.817807006835937
PEN,kmer,clf,k_GAAAGCCACA,7.65036964416504
PEN,kmer,reg,k_GCCCATGGTA,7.647781181335449
PEN,kmer,reg,k_GCTGAGACCC,7.560865020751953
PEN,kmer,reg,k_AGTAGACACG,7.505218505859375
PEN,kmer,reg,k_ACTTGATACG,7.5051176071166985
PEN,kmer,reg,k_CGGATGGTAG,7.463359069824219
PEN,kmer,reg,k_AGATTGCCGA,7.412896728515625
PEN,kmer,reg,k_GGACCTACTA,7.409977674484253
PEN,kmer,reg,k_CCATGAATCG,7.312235021591187
PEN,kmer,reg,k_ACTTTAATTC,7.255279541015625
PEN,kmer,clf,k_CAGTGACACA,7.083265590667725
PEN,kmer,reg,k_ACTCGTCTCT,7.068573713302612
PEN,kmer,reg,k_ACAAACGCTA,6.977477264404297
PEN,kmer,reg,k_TGACGTGGCA,6.976401519775391
PEN,kmer,clf,k_CAGTGACGTA,6.911900329589844
PEN,kmer,reg,k_ATTGCCTACC,6.87860107421875
PEN,kmer,reg,k_GATCAGCCGC,6.688873291015625
PEN,kmer,reg,k_GTACCCCTTA,6.636960029602051
PEN,kmer,reg,k_AAGTCGTACG,6.600774765014648
PEN,kmer,reg,k_CCTATGTGAA,6.535166931152344
PEN,kmer,reg,k_ATCTTTCCCG,6.518383026123047
PEN,kmer,reg,k_AATTCTGCCC,6.416534328460694
PEN,kmer,reg,k_AGTGACACAG,6.366571044921875
PEN,kmer,reg,k_TAAAAGTCTA,6.327347946166992
PEN,kmer,clf,k_CATCCAATTA,6.308864593505859
PEN,kmer,reg,k_AATGTCCGCT,6.2434539794921875
PEN,kmer,reg,k_CTTAAATAGC,6.243350219726563
PEN,kmer,reg,k_CTCACACATA,6.153486251831055
PEN,kmer,reg,k_AGTGTGGACA,6.139727783203125
PEN,kmer,reg,k_AATATGTGCG,5.830691146850587
PEN,kmer,reg,k_GAGCTAGTAC,5.81120719909668
PEN,kmer,reg,k_GCATATGTTA,5.762762641906738
PEN,kmer,reg,k_CTGAACTTAC,5.759086418151856
PEN,kmer,reg,k_ACGAGGGGAC,5.67613410949707
PEN,kmer,reg,k_ACGACAGAAT,5.649938583374023
PEN,kmer,reg,k_AGGGGCTTAA,5.636381530761719
PEN,kmer,reg,k_ACAGTGCTGG,5.625390148162842
PEN,kmer,reg,k_AAAAAAAAAA,5.619405937194824
PEN,kmer,reg,k_CACAAATTTA,5.594512939453125
PEN,kmer,reg,k_CAGAAGGCGG,5.533319091796875
PEN,kmer,reg,k_GAGGCTTCAA,5.521742630004883
PEN,kmer,reg,k_GAAAGGACGA,5.412017822265625
PEN,kmer,reg,k_ATCCGAAGTG,5.3898262023925785
PEN,kmer,reg,k_GTCAGTGCTA,5.333229827880859
PEN,kmer,reg,k_ATTGTAATTC,5.2458244323730465
PEN,kmer,reg,k_AGGACCCTTG,5.213949966430664
PEN,kmer,reg,k_ATTCCAGCCC,5.176212882995605
PEN,kmer,clf,k_GGGACGTTAA,5.161418342590332
PEN,kmer,reg,k_CCATGGTCAG,5.100387954711914
PEN,kmer,reg,k_ACCCTCTTAC,5.072299194335938
PEN,kmer,reg,k_GAACCCTACC,5.056092834472656
PEN,kmer,reg,k_TCTACTCACA,5.036544132232666
PEN,kmer,reg,k_ATTCGGAAGA,4.974828052520753
PEN,kmer,reg,k_AGCCGAATAG,4.968544006347656
PEN,kmer,reg,k_TTAGTCCGAA,4.9022369384765625
PEN,kmer,reg,k_AACGTTATAT,4.892838668823242
PEN,kmer,reg,k_AGTCCGAACC,4.884545135498047
PEN,kmer,reg,k_ATTAACGTCC,4.861249732971191
PEN,kmer,reg,k_CCTCTGTTGC,4.833954238891602
PEN,kmer,reg,k_CAATCTGTCG,4.832075881958008
PEN,kmer,reg,k_ATTCCGCTGG,4.801176452636719
PEN,kmer,reg,k_AACCGAAGTA,4.770068359375
PEN,kmer,reg,k_AAGTTGGGCG,4.653148651123047
PEN,kmer,reg,k_TACGAGACAA,4.638656330108643
PEN,kmer,reg,k_AGGACTCCAA,4.591662406921387
PEN,kmer,reg,k_ATTATAGAAC,4.552079772949218
PEN,kmer,reg,k_GCTCAAGTAC,4.538052368164062
PEN,kmer,reg,k_AGGTAGGCTG,4.527764892578125
PEN,kmer,reg,k_ACTCAAAGTG,4.509458303451538
PEN,kmer,reg,k_ACCCCCTACA,4.509335327148437
PEN,kmer,reg,k_TGACTGATCA,4.500205993652344
PEN,kmer,reg,k_GCAGAATGAC,4.4313499450683596
PEN,kmer,reg,k_TATGCGATAA,4.399881744384766
PEN,kmer,reg,k_TCCAGCCACA,4.389783525466919
PEN,kmer,reg,k_GCGATCAAAC,4.388800048828125
PEN,kmer,reg,k_AGTTGGGCGA,4.385849380493164
PEN,kmer,reg,k_CCCTAACAAA,4.380105209350586
PEN,kmer,reg,k_GATAAACCCC,4.367902660369873
PEN,kmer,reg,k_GTAAATGCCA,4.227380752563477
PEN,kmer,reg,k_AGTCATGTAT,4.179084420204163
PEN,kmer,reg,k_AACCCGTGGA,4.173295974731445
PEN,kmer,reg,k_CACCACCCCC,4.151994323730468
PEN,kmer,reg,k_ACGAAATAGA,4.139813709259033
PEN,kmer,reg,k_AACGATGCTA,4.106324481964111
PEN,kmer,reg,k_AGTTAATCGC,4.035724639892578
PEN,kmer,reg,k_ATATCTCAAT,4.026291704177856
PEN,kmer,reg,k_GAATCGATTC,4.014072418212891
PEN,kmer,reg,k_ATCTAACCCA,4.005096435546875
PEN,kmer,reg,k_GATCTAGAAC,3.9625673294067383
PEN,kmer,reg,k_AAGTCTAAGT,3.8956704139709473
PEN,kmer,clf,k_AATACGCCCT,3.8945905685424806
PEN,kmer,reg,k_AAAACCCCTG,3.8494740009307864
PEN,kmer,reg,k_AGAATGGGGA,3.849140167236328
PEN,kmer,reg,k_AGCAACTTAA,3.8464675903320313
PEN,kmer,reg,k_AGCTTAAAAC,3.833235740661621
PEN,kmer,reg,k_ACTACTGACA,3.829698944091797
PEN,kmer,reg,k_AACCGCAGCT,3.828464889526367
PEN,kmer,reg,k_CGACCTGCAC,3.8060319423675537
PEN,kmer,reg,k_ATCGACCAGC,3.802428436279297
PEN,kmer,reg,k_ACAACGTGAT,3.7885066986083986
PEN,kmer,reg,k_GGCTAGAATA,3.7179191589355467
PEN,kmer,reg,k_CTCCGCTCTC,3.716012477874756
PEN,kmer,reg,k_CGCACCAAGA,3.6991600036621093
PEN,kmer,reg,k_CCCAATTAAG,3.6956783294677735
PEN,kmer,reg,k_GGTGACGCTA,3.6956048488616946
PEN,combined,reg,k_CGACTACCCA,1982.4715576171875
PEN,combined,reg,k_TACCGCTCTA,1378.7224487304688
PEN,combined,reg,k_ATGCATTATG,838.5368408203126
PEN,combined,reg,k_GACGGTTAGA,744.3290069580078
PEN,combined,reg,k_CCACAGCACA,573.5730728149414
PEN,combined,reg,k_TACCGTTAGA,558.7783203125
PEN,combined,reg,k_CAGGTGCTAC,525.0793060302734
PEN,combined,reg,k_CGTATAGCCA,434.604280090332
PEN,combined,reg,k_ACCGAATCAG,406.7626037597657
PEN,combined,reg,k_GCATAACTCC,337.0077880859375
PEN,combined,reg,k_AGGCGGCGAC,330.451498413086
PEN,combined,reg,k_CAGGGTAAGA,231.763427734375
PEN,combined,reg,k_TGGAGCCTAA,219.49242248535154
PEN,combined,reg,k_GAAACGTCCC,179.48760986328125
PEN,combined,reg,k_ATGTCTGATG,139.9445068359375
PEN,combined,reg,k_CCCTGTCTTA,122.194091796875
PEN,combined,reg,k_AGAGCCAACG,119.94481201171874
PEN,combined,reg,k_CGCCCGATTC,118.434716796875
PEN,combined,clf,k_ATGTCTGATG,102.45146026611327
PEN,combined,reg,k_CCCCGTAGGC,91.9325439453125
PEN,combined,reg,k_CTCGGGACCC,84.70520935058593
PEN,combined,reg,k_GCATGCATTA,78.60368499755859
PEN,combined,clf,k_CCCTGTCTTA,65.72101364135742
PEN,combined,reg,k_GACCGTACTA,61.1506591796875
PEN,combined,reg,k_CCCTAAGACC,49.917274475097656
PEN,combined,reg,k_CCTTGCCGCA,48.99716796875
PEN,combined,clf,k_CCCGACTGTC,48.30809631347656
PEN,combined,reg,k_CCCGACTGTC,44.447412109375
PEN,combined,clf,k_CCCCGTAGGC,43.71893920898438
PEN,combined,reg,k_ATGCGGCAAG,43.3362548828125
PEN,combined,reg,k_CGTTTGCATA,42.90209350585937
PEN,combined,reg,k_GAAAGCCACA,41.11414642333985
PEN,combined,reg,k_AGTCTAACTC,37.47884521484375
PEN,combined,reg,k_CCCGTTTGAA,37.44165573120117
PEN,combined,reg,k_GAAGCGTGGA,36.521002197265624
PEN,combined,reg,k_TAACCGACTA,34.365625
PEN,combined,clf,k_CGGATAACTA,34.31849060058594
PEN,combined,reg,k_CCCCCATTGA,31.890625
PEN,combined,reg,k_GAAACATTAC,29.3133056640625
PEN,combined,reg,k_GGGTCTACAA,28.732342529296876
PEN,combined,reg,k_AGCGGTCCAA,28.46223678588867
PEN,combined,reg,k_CAGGCTTACG,28.117205810546874
PEN,combined,reg,k_CGATTCTAGA,26.1931640625
PEN,combined,reg,k_CCGCTCCCAC,25.92143859863281
PEN,combined,reg,k_GCATAATGCA,25.78439636230469
PEN,combined,reg,k_GTTTCGCTCA,25.644834136962892
PEN,combined,reg,k_ATGGTTACGG,25.516030883789064
PEN,combined,reg,k_AATACGCCCT,24.50439453125
PEN,combined,reg,k_AAGCGTTAAT,24.238589477539062
PEN,combined,reg,k_GCGTGCATAA,23.5436279296875
PEN,combined,reg,k_CCGACACAAG,22.811367797851563
PEN,combined,reg,k_GTAGCCCCTA,22.718896484375
PEN,combined,clf,k_CCGACACAAG,22.248699951171876
PEN,combined,reg,k_GGCTTGCTAA,21.65152587890625
PEN,combined,clf,k_CTCGGGACCC,20.637978076934814
PEN,combined,clf,k_GCGCTCGGGA,20.469462585449218
PEN,combined,reg,k_TCACCGAACA,20.278975677490234
PEN,combined,reg,k_AGAGGTCCCT,19.69864501953125
PEN,combined,reg,k_CAGTGACACA,19.493772888183592
PEN,combined,reg,k_ATACGTTAGA,19.318083190917967
PEN,combined,reg,k_ACCTCATGAG,18.455764770507812
PEN,combined,reg,k_CGGTGAGTTA,18.32818603515625
PEN,combined,reg,k_GCGGCGACCA,18.26314697265625
PEN,combined,reg,k_GCAACAAGTA,17.8949462890625
PEN,combined,reg,k_ACAGGGTGGA,17.168295288085936
PEN,combined,clf,k_AGAGGTCCCT,16.781365966796876
PEN,combined,clf,k_TAACCGACTA,16.224404525756835
PEN,combined,reg,k_AATTAGGCGT,16.112548828125
PEN,combined,reg,k_AAGATCGCAG,15.82613067626953
PEN,combined,reg,k_AGATGGAGCC,15.65213394165039
PEN,combined,reg,k_ACCACAGCAC,15.5248046875
PEN,combined,reg,k_GTAACTTAGA,15.32213363647461
PEN,combined,reg,k_ATTCCGCTGG,14.7244140625
PEN,combined,reg,k_GTTTGTCCGA,14.668158340454102
PEN,combined,reg,k_CACAGTACAA,14.584823608398438
PEN,combined,reg,k_AGCTCTATCC,14.509138488769532
PEN,combined,clf,k_GAAAGCCACA,13.481074094772339
PEN,combined,reg,k_AGTTTCGTCG,12.71680335998535
PEN,combined,reg,k_ACTACATTAG,12.548670196533203
PEN,combined,reg,k_AACGGCTCCC,12.423870849609376
PEN,combined,reg,k_CCATCGGTAC,12.337144470214843
PEN,combined,reg,k_GGTCAGTGCA,12.07635955810547
PEN,combined,reg,k_AGATCCTGGA,11.970281982421875
PEN,combined,reg,k_GTGTTCAGCA,11.80347900390625
PEN,combined,reg,k_GCCTGAGTAC,11.04986572265625
PEN,combined,reg,t_serotype_NVT,11.040354537963868
PEN,combined,reg,k_CCGTTCCCAG,10.810281372070312
PEN,combined,reg,k_ACAGCCCAGG,10.654052734375
PEN,combined,reg,k_TAAAAGTCTA,10.476684474945067
PEN,combined,clf,k_ATTCCGCTGG,10.385564613342284
PEN,combined,reg,k_GTCAGTGCTA,10.358563232421876
PEN,combined,reg,k_ACGATGGATA,10.268901824951172
PEN,combined,reg,t_serotype_19F,10.1219482421875
PEN,combined,reg,k_AGATCCATAT,10.090718841552734
PEN,combined,reg,k_ATAACTCTTA,9.813518524169922
PEN,combined,reg,k_CGTTTCTAAG,9.77616481781006
PEN,combined,reg,k_GCCGGTGCCC,9.63450927734375
PEN,combined,reg,k_GACTAGATCA,9.557369232177734
PEN,combined,reg,k_GGTGCCGGTA,9.482594299316407
PEN,combined,reg,k_CATTAAGCCC,9.435009765625
PEN,combined,reg,k_ATGTCCTAAG,9.405087900161742
PEN,combined,reg,k_CCTGTACATC,9.264131164550781
PEN,combined,reg,k_ACTCCAGAGC,9.145442962646484
PEN,combined,reg,k_AGGTGAATGA,9.073095703125
PEN,combined,reg,k_GCACCACAAC,8.906447219848634
PEN,combined,reg,k_ACTTGTAGTC,8.715496826171876
PEN,combined,reg,k_GGGACGTTAA,8.582814025878907
PEN,combined,reg,k_GTAATAGTAA,8.5020320892334
PEN,combined,reg,k_GTACCCCTTA,8.466295433044433
PEN,combined,reg,k_ATATCTCAAT,8.368845558166505
PEN,combined,reg,k_AGATTGGACT,8.3427001953125
PEN,combined,reg,k_AGTCTCAACG,8.299939727783203
PEN,combined,reg,k_AGAGAGGTAC,8.250886631011962
PEN,combined,clf,k_TACAGACCGA,8.157897186279296
PEN,combined,reg,k_CCGCTATTTA,8.14271812438965
PEN,combined,reg,k_CCAGGATCTA,8.097171020507812
PEN,combined,reg,k_CTCACCGTCA,7.9111572265625
PEN,combined,clf,k_AGTTTCGTCG,7.857766723632812
PEN,combined,reg,k_CGTTGACCTC,7.843761444091797
PEN,combined,reg,k_GACCTCATGA,7.214114379882813
PEN,combined,reg,k_ACTTTAATTC,7.134823608398437
PEN,combined,reg,k_AGTGGACTAC,7.048418807983398
PEN,combined,clf,k_ATACGTTAGA,6.995917510986328
PEN,combined,reg,k_CTCGGCTTAC,6.896551513671875
PEN,combined,reg,k_AGGACGGTTG,6.827881526947021
PEN,combined,reg,k_TCAGCTTAAA,6.759936141967773
PEN,combined,reg,k_CCCTAACAAG,6.746920776367188
PEN,combined,reg,k_AGCGCGGTGG,6.741580200195313
PEN,combined,reg,k_AAAGCCGTTG,6.709679317474365
PEN,combined,reg,k_CATACATATG,6.700834512710571
PEN,combined,reg,k_AGAGACATGA,6.697332763671875
PEN,combined,reg,k_GTCGGCTCTA,6.6249443054199215
PEN,combined,reg,k_ACCCCAGTAC,6.583333969116211
PEN,combined,reg,k_CCTCCTGGAA,6.4592453956604
PEN,combined,reg,k_ACTTGATACG,6.41063175201416
PEN,combined,reg,k_CAGTTCGCCA,6.408837890625
PEN,combined,reg,k_TATCGGATAA,6.384649658203125
PEN,combined,reg,k_GAATCGATTC,6.3459625244140625
PEN,combined,reg,k_ACTCGTGTCA,5.999569702148437
PEN,combined,reg,k_TGCGCAATAA,5.999407863616944
PEN,combined,reg,k_CAATCTGTCG,5.996434020996094
PEN,combined,reg,k_TGGTGCGAAA,5.9819183349609375
PEN,combined,reg,k_CTTAAAACAC,5.916560554504395
PEN,combined,reg,k_GTCGTCCAAA,5.916401672363281
PEN,combined,reg,k_CCGTCCCCTC,5.858075332641602
PEN,combined,reg,k_GATATATGAA,5.806399536132813
PEN,combined,reg,k_GCGCAAACGA,5.761181640625
PEN,combined,reg,k_CGCGTAATCC,5.757766532897949
PEN,combined,clf,k_AATCGTTCAC,5.724094390869141
PEN,combined,reg,k_ACTCAAAGTG,5.717795944213868
PEN,combined,reg,k_TACGAGACAA,5.683896255493164
PEN,combined,reg,k_GCGCTTTAAA,5.6236083984375
PEN,combined,reg,k_TATGCGAAGA,5.572156524658203
PEN,combined,reg,k_GGTTTTTAGA,5.477669143676758
PEN,combined,reg,k_ACTTAGCCCT,5.369723701477051
PEN,combined,reg,k_CCTCTGTTGC,5.3685966491699215
PEN,combined,reg,k_AAAAAAAAAA,5.347860527038574
PEN,combined,reg,k_ATGTCAGACG,5.338929748535156
PEN,combined,reg,t_serotype_19A,5.336433219909669
PEN,combined,reg,k_TTAGCGGGAA,5.3308349609375
PEN,combined,reg,k_GATTCCATGC,5.271273231506347
PEN,combined,reg,k_ACTCGTCTCT,5.264559125900268
PEN,combined,reg,k_CATGGCATGA,5.19459228515625
PEN,combined,reg,k_ATCTAACCCA,5.060853004455566
PEN,combined,reg,k_GAATTATGTA,5.060182285308839
PEN,combined,reg,k_ATGGGACTCG,4.989630126953125
PEN,combined,reg,k_AGGACTCCAA,4.970763921737671
PEN,combined,reg,k_AGAGAACCTA,4.964486694335937
PEN,combined,reg,k_TGACGTGGCA,4.955841064453125
PEN,combined,reg,k_CTGTGCATCA,4.918378829956055
PEN,combined,reg,k_AGTAAGCTCG,4.856224060058594
PEN,combined,reg,k_CATTAGCGGA,4.854327392578125
PEN,combined,reg,k_CCATGGTGCC,4.842181777954101
PEN,combined,reg,k_GCTAACTTCA,4.819905090332031
PEN,combined,reg,k_CAGGCGAGTA,4.8123999595642095
PEN,combined,reg,k_TCGGTTAGAA,4.712774658203125
PEN,combined,reg,k_CACAATACTC,4.703151702880859
PEN,combined,reg,k_CCACTTATAG,4.697694778442383
PEN,combined,reg,k_GCTCAAGTAC,4.659134101867675
PEN,combined,reg,k_GGACCTACTA,4.658889389038086
PEN,combined,reg,k_CCATGGTCAG,4.606743812561035
PEN,combined,reg,k_CGAATCTCGC,4.599549865722656
PEN,combined,reg,k_GTTGCGACTA,4.595759677886963
PEN,combined,reg,k_ACTGCAGTAC,4.583253860473633
PEN,combined,clf,k_AATTCAATAG,4.563036346435547
PEN,combined,reg,k_ACCAATAGGC,4.553050994873047
PEN,combined,reg,k_GACTTAGCCC,4.548780512809754
PEN,combined,reg,k_AACAATGACG,4.532803058624268
PEN,combined,reg,k_CTGGTGCCGA,4.526531982421875
PEN,combined,reg,k_AATACGGCCT,4.506189918518066
PEN,combined,reg,k_TACTCGTCTA,4.499064636230469
PEN,combined,reg,k_ACTATAACGA,4.468597793579102
PEN,combined,reg,k_AACCATCCAG,4.365658473968506
PEN,combined,reg,k_ACCTAACTCC,4.3510864734649655
PEN,combined,reg,k_AACGCTAGCC,4.33965835571289
PEN,combined,reg,k_CTCAACTTGC,4.33787841796875
PEN,combined,reg,k_AAACGGCTTA,4.306544494628906
PEN,combined,reg,k_ATTTGCGAAG,4.304357814788819
PEN,combined,reg,k_CTCGGACTAA,4.238493728637695
PEN,combined,reg,k_CATTGCGAAG,4.2315185546875
AMC,kmer,reg,k_ATGCATTATG,1731.2727294921874
AMC,kmer,reg,k_AGGCGGCGAC,1232.3490661621092
AMC,kmer,reg,k_GCATAACTCC,765.4933593750001
AMC,kmer,reg,k_ACCGAATCAG,562.2430309478194
AMC,kmer,reg,k_AGCATAACTC,442.734765625
AMC,kmer,reg,k_TACCGCTCTA,370.888525390625
AMC,kmer,reg,k_ATTCCGCTGG,322.2103912353516
AMC,kmer,reg,k_CGTATAGCCA,293.4357666015625
AMC,kmer,reg,k_CCCCGTAGGC,273.14935302734375
AMC,kmer,reg,k_CAGGTGCTAC,238.88327028751374
AMC,kmer,reg,k_GACGGTTAGA,230.34249877929688
AMC,kmer,reg,k_GTCCGTCCCA,215.7856201171875
AMC,kmer,reg,k_AGCGGTCCAA,168.6368896484375
AMC,kmer,reg,k_CGCTGATGAG,158.96762619018554
AMC,kmer,reg,k_CCGCTCCCAC,146.94236755371094
AMC,kmer,reg,k_ATCGGATAAG,137.53866539001464
AMC,kmer,reg,k_GCGTGCATAA,132.566259765625
AMC,kmer,reg,k_GACCGTACTA,120.84469604492188
AMC,kmer,reg,k_AGCGAGACCT,114.8941650390625
AMC,kmer,clf,k_GATGATCCCC,112.3858154296875
AMC,kmer,clf,k_AGACGGGGAC,105.56282196044921
AMC,kmer,reg,k_CAGTGACGTA,103.760888671875
AMC,kmer,reg,k_CAGGCTTACG,101.47552795410155
AMC,kmer,clf,k_CGCCATCTGA,100.88837280273438
AMC,kmer,clf,k_CTTCTGAGTA,91.85150756835938
AMC,kmer,clf,k_GAAACTGATC,85.59805297851562
AMC,kmer,clf,k_AGCGAGACCT,77.45151977539062
AMC,kmer,reg,k_CGGATAACTA,77.095166015625
AMC,kmer,reg,k_AAGCGTTCCC,76.4118896484375
AMC,kmer,reg,k_AGGCTAACAG,74.9169921875
AMC,kmer,reg,k_CGCTGTAGCA,73.4625244140625
AMC,kmer,reg,k_GTGTTCAGCA,73.38426818847655
AMC,kmer,reg,k_GAAGCGTGGA,71.5088607788086
AMC,kmer,clf,k_CTGGATCGAA,71.14913940429688
AMC,kmer,clf,k_CCGCTCCCAC,66.71007232666017
AMC,kmer,reg,k_AGTGGCTCAT,65.5319091796875
AMC,kmer,reg,k_CCTTGCCGCA,64.6000244140625
AMC,kmer,reg,k_CCACAGCACA,64.2252685546875
AMC,kmer,reg,k_CGAGTGTTAG,64.11522331237794
AMC,kmer,reg,k_CCGACACAAG,62.86054992675781
AMC,kmer,reg,k_AGTAGACCAC,62.47421875
AMC,kmer,reg,k_CCTAAACGAG,61.442867767810824
AMC,kmer,clf,k_CATTGAAGTC,60.944482421875
AMC,kmer,clf,k_CAGGTGCTAC,59.604803466796874
AMC,kmer,reg,k_CTATGCTCCC,49.244485473632814
AMC,kmer,reg,k_AACCATCCAG,49.18083834424615
AMC,kmer,reg,k_ATGTCTGATG,48.61568603515625
AMC,kmer,clf,k_CGATGAGTAG,47.770775604248044
AMC,kmer,clf,k_ATGTGGCTGG,47.23392333984375
AMC,kmer,clf,k_GCCTGTAACC,46.660748672485354
AMC,kmer,reg,k_GTCGCGAGCA,46.4392578125
AMC,kmer,reg,k_CCCTAAGACC,46.00081176757813
AMC,kmer,clf,k_ACCATTTAGG,44.738949584960935
AMC,kmer,reg,k_GGGTCTACAA,44.089300537109374
AMC,kmer,clf,k_GGTCAGTGCA,42.99000854492188
AMC,kmer,clf,k_CTTCTGCACA,42.751885986328126
AMC,kmer,reg,k_CGATGAGTAG,40.7438232421875
AMC,kmer,clf,k_GTAACTTAGA,40.03285522460938
AMC,kmer,reg,k_CACTATTGCG,38.6660888671875
AMC,kmer,clf,k_CACTACAGAC,36.691619873046875
AMC,kmer,reg,k_GAAAGCCACA,36.450869750976565
AMC,kmer,reg,k_GACGTGCGAA,35.6236328125
AMC,kmer,reg,k_ATAACCTCGG,31.65857849121094
AMC,kmer,reg,k_GGGACGTTAA,30.879417276382448
AMC,kmer,reg,k_AGACCGAGTA,30.092657470703124
AMC,kmer,clf,k_AGGGGTCATA,29.946588134765626
AMC,kmer,clf,k_CCTTAATCCC,29.571536254882812
AMC,kmer,clf,k_ATTCAGTGAA,28.289697265625
AMC,kmer,reg,k_CATCGCTTAG,28.216796875
AMC,kmer,reg,k_GCACTAGACA,27.9107666015625
AMC,kmer,clf,k_AAGCATGCAT,27.493588256835938
AMC,kmer,reg,k_CCTCCTTGAG,27.376629638671876
AMC,kmer,reg,k_CTCACACATA,26.989826965332032
AMC,kmer,reg,k_GCCAGTCGTA,26.3400390625
AMC,kmer,reg,k_GCATGCATTA,26.036434936523438
AMC,kmer,clf,k_ATAGGGCCGA,24.31574249267578
AMC,kmer,clf,k_CATTAGCGGA,23.846549987792965
AMC,kmer,clf,k_ACTTGCGCCC,22.466221618652344
AMC,kmer,reg,k_CTTCTGAGTA,21.63021240234375
AMC,kmer,reg,k_CGGATCAACC,21.252470397949217
AMC,kmer,clf,k_CCAGGGAGGA,21.125570678710936
AMC,kmer,clf,k_CTAAGTCGCC,21.050862121582032
AMC,kmer,clf,k_CAGGGTAAGA,21.0278076171875
AMC,kmer,reg,k_CCATGCGCTC,20.521708679199218
AMC,kmer,reg,k_AACTATGTAA,20.409305572509766
AMC,kmer,reg,k_AGGACCTTCC,20.09520263671875
AMC,kmer,reg,k_CAGTTCGTAG,19.50880126953125
AMC,kmer,reg,k_ACCTATTGCT,18.816619873046875
AMC,kmer,clf,k_GACGGTTAGA,18.623410797119142
AMC,kmer,reg,k_AGATCAGCCG,18.58095855712891
AMC,kmer,reg,k_AGATCCATAT,18.29006423950195
AMC,kmer,clf,k_ATCCCACCTA,18.205949354171754
AMC,kmer,reg,k_CGCCATCTGA,18.17449951171875
AMC,kmer,reg,k_CCTGTACATC,17.73008441925049
AMC,kmer,reg,k_ATGACGTAAA,17.556704711914062
AMC,kmer,reg,k_ACTCTATACC,17.324825286865234
AMC,kmer,reg,k_CACAGTTACG,17.223443603515626
AMC,kmer,reg,k_CACCTAACTC,17.103363037109375
AMC,kmer,reg,k_CGGATTACTA,16.266091918945314
AMC,kmer,clf,k_CGACTTCCGC,16.235075378417967
AMC,kmer,clf,k_ATAATGCATG,16.114118576049805
AMC,kmer,clf,k_AGGTAGGCTG,16.05653510093689
AMC,kmer,reg,k_GGGAGCTGAA,15.84960479736328
AMC,kmer,reg,k_ATCGTTTAAG,15.433416748046875
AMC,kmer,reg,k_GTAACTTAGA,15.252105712890625
AMC,kmer,clf,k_GCTGAGAGGA,15.216355895996093
AMC,kmer,reg,k_CTAGGCGCAG,14.780603027343751
AMC,kmer,reg,k_CATGTCTTAG,14.090829467773437
AMC,kmer,clf,k_CTGTGGACAC,13.999114990234375
AMC,kmer,reg,k_ACCATTGGAG,13.80869998931885
AMC,kmer,clf,k_TAGGGTTCAA,13.787460327148438
AMC,kmer,reg,k_GGTCAGTGCA,13.533538818359375
AMC,kmer,reg,k_TCACCGAACA,13.44292755126953
AMC,kmer,clf,k_CATCTGCCCG,13.347930908203125
AMC,kmer,clf,k_GAAAGGACGA,13.31950511932373
AMC,kmer,reg,k_GGACAGCTTA,12.972483825683593
AMC,kmer,reg,k_CAGTGACATC,12.9532470703125
AMC,kmer,reg,k_TATCGGATAA,12.952392387390137
AMC,kmer,reg,k_ACTCAAACCG,12.908551025390626
AMC,kmer,reg,k_ATCGAGAGTG,12.70627670288086
AMC,kmer,clf,k_CCAAACCTTA,12.683206176757812
AMC,kmer,reg,k_CAATCTGTCG,12.48900146484375
AMC,kmer,clf,k_CGGATTACTA,12.252180480957032
AMC,kmer,reg,k_TTACGCCGAA,12.092584228515625
AMC,kmer,clf,k_ACTCAAAGTG,12.047133445739748
AMC,kmer,reg,k_ATTAACGTCC,12.004400634765625
AMC,kmer,reg,k_GGGAGCTCAA,11.882571411132812
AMC,kmer,reg,k_AGAAAGTGGC,11.517684936523438
AMC,kmer,clf,k_CTACAGATCC,11.415718078613281
AMC,kmer,reg,k_TCGTTATACA,11.394021606445312
AMC,kmer,reg,k_CGCCTGTACA,11.350459671020507
AMC,kmer,reg,k_AATAACACAC,11.344443893432619
AMC,kmer,reg,k_ATATTCACCG,11.240170288085938
AMC,kmer,reg,k_AACCTACCCT,11.19918212890625
AMC,kmer,reg,k_CTTACGCCGA,11.182663726806641
AMC,kmer,reg,k_TCACTAGGCA,11.16126708984375
AMC,kmer,reg,k_AGCCACAGGA,10.919821166992188
AMC,kmer,reg,k_AGAGCGACCA,10.861837768554688
AMC,kmer,reg,k_CCATCCAGGA,10.724221801757812
AMC,kmer,clf,k_CTAACGATTC,10.656375885009766
AMC,kmer,clf,k_CTCAAAGCTC,10.596531963348388
AMC,kmer,clf,k_ATACATCGCC,10.469472503662109
AMC,kmer,reg,k_TGACTGATCA,10.432940673828124
AMC,kmer,clf,k_ATGCATTATG,10.351814079284669
AMC,kmer,clf,k_CTTGTGTACA,10.210903930664063
AMC,kmer,reg,k_GGCTGCATTA,10.208738231658936
AMC,kmer,reg,k_CAGGGCTACA,10.203385925292968
AMC,kmer,reg,k_CCCACAGTAC,10.165618133544921
AMC,kmer,reg,k_GTCAGCTTAA,10.119646263122558
AMC,kmer,clf,k_AGTGCGAGAA,10.117229843139649
AMC,kmer,clf,k_CACTATGTAC,10.025071716308593
AMC,kmer,clf,k_ACCGGATTTA,10.013468170166016
AMC,kmer,reg,k_ATTTGACCTA,9.951213073730468
AMC,kmer,reg,k_ATGCACAGGC,9.549642944335938
AMC,kmer,reg,k_AGTAGAACTG,9.442571296542884
AMC,kmer,reg,k_TGAACTAACA,9.417693662643433
AMC,kmer,reg,k_GATCTTGTAC,9.388031005859375
AMC,kmer,reg,k_AACTCCCTTC,9.22672472000122
AMC,kmer,reg,k_TGCCCATACA,9.210107612609864
AMC,kmer,reg,k_CTACAGTAAG,9.205751037597656
AMC,kmer,reg,k_AGGGTCATAC,9.150097846984863
AMC,kmer,clf,k_AGCTGTAGCG,9.075224113464355
AMC,kmer,reg,k_ATGACTCATA,8.985848426818848
AMC,kmer,reg,k_CCGCTATTTA,8.875772857666016
AMC,kmer,clf,k_AATGTCCGCT,8.708990478515625
AMC,kmer,reg,k_CGGAAGTACA,8.70178850516677
AMC,kmer,clf,k_CTATTTGTTA,8.693988037109374
AMC,kmer,reg,k_CCCAATTAAG,8.66671142578125
AMC,kmer,reg,k_AACGTATGCT,8.637557983398438
AMC,kmer,clf,k_AGCGTTAACA,8.600548553466798
AMC,kmer,clf,k_ATGACGCCAC,8.541104888916015
AMC,kmer,clf,k_AAACTAAGCG,8.512162780761718
AMC,kmer,reg,k_ACAGGGTGGA,8.488417053222657
AMC,kmer,clf,k_ACGGCTGGGA,8.259434509277344
AMC,kmer,reg,k_ACCGGCTGCA,8.2395263671875
AMC,kmer,clf,k_TATCCGATAA,8.0594970703125
AMC,kmer,reg,k_CTAGTCAAAG,8.0405029296875
AMC,kmer,reg,k_GGACAATCTA,8.03985366821289
AMC,kmer,reg,k_ACAAAGACGA,8.035330548882484
AMC,kmer,reg,k_AAGTCTAAGT,7.958743286132813
AMC,kmer,clf,k_AACGGGAGAG,7.947155094146728
AMC,kmer,reg,k_ACCCTCTATA,7.816609954833984
AMC,kmer,clf,k_AGTTCACAGC,7.811497497558594
AMC,kmer,reg,k_AGGTATACCA,7.803456497192382
AMC,kmer,reg,k_GTGTGAGAAC,7.763877868652344
AMC,kmer,clf,k_GCTTAAGATA,7.680389404296875
AMC,kmer,clf,k_GGGGCTTCTA,7.598648643493652
AMC,kmer,clf,k_AGAATGGGGA,7.593822288513184
AMC,kmer,reg,k_GGGTGGCTAA,7.564790344238281
AMC,kmer,reg,k_ACTCAAAGTG,7.535631981492042
AMC,kmer,clf,k_AGTGAACTAA,7.503216552734375
AMC,kmer,clf,k_AGGCGGCGAC,7.492577743530273
AMC,kmer,clf,k_ACCAGGGCTA,7.475340819358825
AMC,kmer,clf,k_GCTGGGCCAA,7.351580810546875
AMC,kmer,reg,k_ATACGTTAGA,7.323082733154297
AMC,kmer,reg,k_TGTGTGAGAA,7.304076766967773
AMC,kmer,clf,k_ATGATGTCCC,7.263831329345703
AMC,kmer,clf,k_GTTCCGGGGA,7.230455780029297
AMC,kmer,reg,k_TGCGACGGAA,7.2263596169650555
AMC,kmer,clf,k_GTCTTCCGTA,7.161055660247802
AMC,combined,reg,k_ATGCATTATG,1979.7578979492187
AMC,combined,reg,k_AGGCGGCGAC,828.1869140624999
AMC,combined,reg,k_GCATAACTCC,660.7393798828125
AMC,combined,reg,k_CAGGCTTACG,497.62109375
AMC,combined,reg,k_TACCGCTCTA,453.71416015625
AMC,combined,reg,k_CCCCGTAGGC,425.62713928222655
AMC,combined,reg,k_AGCATAACTC,406.8180236816406
AMC,combined,reg,k_CAAGGCGGCG,396.3457763671875
AMC,combined,reg,k_ATTCCGCTGG,371.57958984375
AMC,combined,reg,k_CAGGTGCTAC,310.01508636474614
AMC,combined,reg,k_GACGGTTAGA,303.74340972900393
AMC,combined,reg,k_ATACGTTAGA,213.6884033203125
AMC,combined,reg,k_CGGATAACTA,194.023876953125
AMC,combined,reg,k_CGTATAGCCA,181.7777099609375
AMC,combined,reg,k_AGCGGTCCAA,177.4241569519043
AMC,combined,reg,k_GTCCGTCCCA,160.6419921875
AMC,combined,reg,k_CGCTGATGAG,143.28684997558594
AMC,combined,reg,k_CCGACACAAG,139.7580322265625
AMC,combined,reg,k_CCGCTCCCAC,137.47631225585937
AMC,combined,clf,k_GATGATCCCC,114.64589347839355
AMC,combined,reg,k_GTGTTCAGCA,111.3249267578125
AMC,combined,reg,k_CACACTTTCC,107.5452392578125
AMC,combined,clf,k_AGCGAGACCT,104.19949951171876
AMC,combined,clf,k_CGATGAGTAG,103.09621868133546
AMC,combined,clf,k_CCGCTCCCAC,102.30495910644532
AMC,combined,reg,k_CCCTAAGACC,100.490185546875
AMC,combined,reg,k_ATCGGATAAG,92.42657140493392
AMC,combined,clf,k_AGACGGGGAC,91.69655380249023
AMC,combined,reg,k_AAGCGTTCCC,83.02124633789063
AMC,combined,reg,k_GGGTCTACAA,79.72340774536133
AMC,combined,clf,k_ACCATTTAGG,79.57601470947264
AMC,combined,reg,k_CCTAAACGAG,74.40505447387694
AMC,combined,reg,k_ACATACAGGA,73.6617645263672
AMC,combined,clf,k_ATCTAGTGTC,69.57894897460938
AMC,combined,clf,k_CATGGCGAAC,66.39981079101562
AMC,combined,reg,k_GAAAGCCACA,64.794482421875
AMC,combined,reg,k_TCACCGAACA,62.28447570800781
AMC,combined,reg,k_GCACTAGACA,62.02283935546875
AMC,combined,reg,k_GACCGTACTA,61.57013854980469
AMC,combined,clf,k_CATTGAAGTC,60.543023681640626
AMC,combined,clf,k_CAGGTGCTAC,59.604803466796874
AMC,combined,reg,k_ACCTATTGCT,59.4410888671875
AMC,combined,reg,k_ACCTGGTAAC,58.101708984375
AMC,combined,clf,k_GCATAACTCC,57.55665283203125
AMC,combined,reg,k_ATCCCTGTAC,56.79739990234375
AMC,combined,reg,k_CGAGTGTTAG,52.421208190917966
AMC,combined,reg,k_GCATGCATTA,51.18948669433594
AMC,combined,clf,k_CGCCATCTGA,50.6243842124939
AMC,combined,clf,k_CCCAAAAACA,50.229739379882815
AMC,combined,reg,k_CTATGCTCCC,48.21459045410156
AMC,combined,clf,k_GTAACTTAGA,42.42361435890197
AMC,combined,reg,k_GAAGCGTGGA,40.72412109375
AMC,combined,reg,k_CCTTGCCGCA,40.36460876464844
AMC,combined,reg,k_CCGACGATTA,39.71384887695312
AMC,combined,reg,k_ACCATTGGAG,39.00341796875
AMC,combined,reg,k_GGGAGCGGAC,38.9486572265625
AMC,combined,reg,k_TCGTTATACA,36.48531494140625
AMC,combined,clf,k_CTTCTGAGTA,36.18967895507812
AMC,combined,clf,k_CATCTGCCCG,36.03507690429687
AMC,combined,reg,k_GGTCAGTGCA,35.30244140625
AMC,combined,clf,k_GAAACGTCCC,34.926899147033694
AMC,combined,reg,k_AGGCTAACAG,34.7281005859375
AMC,combined,clf,k_ATAGTGCTAC,34.16733093261719
AMC,combined,reg,k_AGAGCGACCA,32.310205078125
AMC,combined,reg,k_CAGTTCGTAG,29.92142333984375
AMC,combined,reg,k_GTAACTTAGA,29.85255126953125
AMC,combined,reg,k_GACTAGATCA,29.443359375
AMC,combined,reg,k_ACAGGGTGGA,29.056396484375
AMC,combined,reg,k_CGCCATCTGA,28.2861328125
AMC,combined,reg,k_GGACAGCTTA,27.521695709228513
AMC,combined,reg,k_CGATGAGTAG,27.054541015625
AMC,combined,clf,k_AACTAGCGAC,26.98671875
AMC,combined,reg,k_AACTATGTAA,26.948158264160156
AMC,combined,clf,k_GGTCAGTGCA,26.776434326171874
AMC,combined,reg,k_GCCAGTCGTA,26.551902377605437
AMC,combined,reg,k_AATCGTCGGG,26.327508544921876
AMC,combined,reg,k_ATTAACGTCC,25.04481201171875
AMC,combined,clf,k_ATAGGGCCGA,24.761471557617188
AMC,combined,reg,k_ACTACATTAG,24.71505126953125
AMC,combined,reg,k_CGTGGTCAGC,23.56207275390625
AMC,combined,reg,k_CGGATTACTA,22.361210632324216
AMC,combined,reg,k_AGATCAGCCG,22.356401443481445
AMC,combined,reg,k_GGGAGCTGAA,21.96214599609375
AMC,combined,reg,k_CGATCAGGAG,21.894970703125
AMC,combined,clf,k_ACTTGCGCCC,21.45930633544922
AMC,combined,clf,k_AAACCCCATC,21.322583770751955
AMC,combined,reg,k_GAGCGTACGC,19.380560302734374
AMC,combined,clf,k_ATAATGCATG,19.327110481262206
AMC,combined,reg,k_ATATGTGTGA,19.091247606277467
AMC,combined,reg,k_GGAAATCTAA,18.9567626953125
AMC,combined,reg,k_TAAGCCGATA,18.8161376953125
AMC,combined,clf,k_CTTACATGTA,18.413482666015625
AMC,combined,reg,k_CTTCGGGCAA,18.11073942184448
AMC,combined,reg,k_ATTTGACCTA,16.872227096557616
AMC,combined,clf,k_GCTGGTCTAA,16.6705431163311
AMC,combined,reg,k_CCTGTACATC,16.41935920715332
AMC,combined,reg,k_CTCGGGACCC,16.234259033203124
AMC,combined,reg,k_GTCAGCTTAA,15.950326538085937
AMC,combined,reg,k_TGAACTAACA,15.816548919677734
AMC,combined,reg,k_AGTGTTCGTC,15.715139770507813
AMC,combined,reg,k_TGTGTGAGAA,14.721496963500977
AMC,combined,reg,k_AAAGTGCGAT,14.225103759765625
AMC,combined,clf,k_GGAGCCTAAA,14.1530029296875
AMC,combined,clf,k_TATCCGATAA,14.125082397460938
AMC,combined,clf,k_AGCCGTACCG,14.104678344726562
AMC,combined,reg,t_serotype_19F,14.09169979095459
AMC,combined,clf,k_GCACTAGACA,14.080078125
AMC,combined,clf,k_CTGTGGACAC,13.999114990234375
AMC,combined,clf,k_CTGGTGCCTC,13.81749267578125
AMC,combined,reg,k_ATTCAGTTCG,13.29822998046875
AMC,combined,reg,k_TACGTAGAGA,12.905859375
AMC,combined,reg,k_GACGTGAACA,12.8927001953125
AMC,combined,reg,k_CGCTGTAGCA,12.890338134765624
AMC,combined,reg,k_CGCCTGTACA,12.797602653503418
AMC,combined,clf,k_ACTCAAAGTG,12.730464267730714
AMC,combined,reg,k_ATCGAGCTTC,12.547268676757813
AMC,combined,clf,k_GACGAAATGC,12.469088077545166
AMC,combined,clf,k_ACGATGGATA,12.419948709011077
AMC,combined,clf,k_CCAGGGAGGA,12.310970306396484
AMC,combined,clf,k_ACCGGATTTA,12.1203369140625
AMC,combined,reg,t_serotype_NVT,11.818096351623534
AMC,combined,reg,k_AGAAAGTGGC,11.726138305664062
AMC,combined,clf,k_AAGCACTGGT,11.541801452636719
AMC,combined,reg,k_TTACGCCGAA,11.52021484375
AMC,combined,reg,k_CTCCACGTAA,11.454981231689453
AMC,combined,clf,k_AGTGCGAGAA,11.442425155639649
AMC,combined,reg,k_ATGACTCATA,11.39031388759613
AMC,combined,clf,k_CGGACATTGA,10.991729736328125
AMC,combined,reg,k_AGAATGTCCG,10.946205484867095
AMC,combined,reg,k_AAGTCGTTGA,10.925708007812501
AMC,combined,clf,k_CGAGCTTTGA,10.870359230041503
AMC,combined,clf,k_CATTAGCGGA,10.717361164093019
AMC,combined,reg,k_TAGCGATGCA,10.681187438964844
AMC,combined,reg,k_AGTGGCTCAT,10.679437255859375
AMC,combined,clf,k_AGGCAGACGG,10.641925811767578
AMC,combined,reg,k_CTGCTGTTCA,10.523919677734375
AMC,combined,reg,k_TGGTGCGAAA,10.43371124267578
AMC,combined,clf,k_ACTCGTTGAC,10.188997197151183
AMC,combined,reg,k_ATGCAAGCGG,10.17652702331543
AMC,combined,clf,k_CAAGGACTCA,10.156587982177735
AMC,combined,clf,k_AACAAGCGCA,10.115191650390624
AMC,combined,reg,k_CCCACAGTAC,9.88544921875
AMC,combined,clf,k_ACTTTAATTC,9.718070220947265
AMC,combined,reg,k_AATAGAATCG,9.702468872070312
AMC,combined,clf,k_CACGTTTTCA,9.689224004745483
AMC,combined,clf,k_CTAACGATTC,9.67260971069336
AMC,combined,reg,k_AATGGCGTGA,9.618211364746093
AMC,combined,reg,k_ACTCAAAGTG,9.613945960998535
AMC,combined,reg,k_ACAAACTACC,9.605039978027344
AMC,combined,clf,k_GCTGAGAGGA,9.582044982910157
AMC,combined,clf,k_GCCTGTAACC,9.57222694158554
AMC,combined,reg,k_ATGCACAGGC,9.559817504882812
AMC,combined,reg,k_AACTCCCTTC,9.478643798828124
AMC,combined,clf,k_GGCGTTGATA,9.446804022789001
AMC,combined,clf,k_AATTCCCGGA,9.415487670898438
AMC,combined,reg,k_CACCTAACTC,9.172016906738282
AMC,combined,clf,k_AGTTGTGTTA,9.09461669921875
AMC,combined,reg,k_ACCGGTAGTA,9.089727783203125
AMC,combined,clf,k_CACTTGACGA,9.061415231227876
AMC,combined,reg,k_CCCTGCAAGG,9.024275970458984
AMC,combined,clf,k_GAACCCTACC,8.995112109184266
AMC,combined,clf,k_GAAAGGACGA,8.951482701301575
AMC,combined,reg,k_CGCTATCTAA,8.715594935417176
AMC,combined,clf,k_AATGTCCGCT,8.708990478515625
AMC,combined,reg,k_CGTTCTCAAG,8.691200256347656
AMC,combined,clf,k_AGCCGCTCCT,8.648830795288085
AMC,combined,clf,k_AGGTAGGCTG,8.608170205354691
AMC,combined,reg,k_CGCTTATATA,8.596025085449218
AMC,combined,reg,k_CCTCTGTTGC,8.52171630859375
AMC,combined,clf,k_AACTCTCATA,8.359748548269271
AMC,combined,clf,k_GGATACCCAC,8.330691528320312
AMC,combined,reg,k_ATGAGTCTAC,8.24139404296875
AMC,combined,reg,k_CTAGGCGCAG,8.22231740951538
AMC,combined,clf,k_CCAGGGCTAC,8.210835886001586
AMC,combined,clf,k_AACGTTATAT,8.156540679931641
AMC,combined,reg,k_CCCTACCATC,8.148338317871094
AMC,combined,clf,k_GACTTGTGAC,8.138305509090424
AMC,combined,clf,k_CATGGACTAA,8.13668212890625
AMC,combined,clf,k_AGGCGGCGAC,8.078616333007812
AMC,combined,reg,k_AGCGTTTCGG,7.991008758544922
AMC,combined,clf,k_TTAGTCCGAA,7.9779682636260985
AMC,combined,reg,k_CGAGGAAATC,7.9375144958496096
AMC,combined,reg,k_AAGCCGACCT,7.8703125
AMC,combined,reg,k_CTCACACATA,7.779293823242187
AMC,combined,reg,k_AATAACACAC,7.737905883789063
AMC,combined,clf,k_AGGAATCCTA,7.526614379882813
AMC,combined,reg,k_AACTATTCGG,7.495797729492187
AMC,combined,reg,k_CTATAGTATC,7.452703857421875
AMC,combined,clf,k_GTCAGTGCAA,7.449260711669922
AMC,combined,reg,k_ATATTCACCG,7.362725830078125
AMC,combined,reg,k_GACGCTACAC,7.3417510986328125
AMC,combined,clf,k_GTATAATCAC,7.34049425125122
AMC,combined,clf,k_ACCCCTAATC,7.303883361816406
AMC,combined,clf,k_CATACTCTCG,7.2570549011230465
AMC,combined,clf,k_AAGCATGCAT,7.24663233757019
AMC,combined,clf,k_CACAGTGATA,7.243959736824036
AMC,combined,reg,k_AGGATCATTC,7.17276611328125
AMC,combined,reg,k_ACTAACTAAC,7.152124309539794
AMC,combined,clf,k_AGCCGAGCTG,7.124716949462891
AMC,combined,clf,k_AACATGTAAG,7.116905212402344
CRO,kmer,reg,k_ATGCATTATG,299.8854705810547
CRO,kmer,reg,k_AGGCGGCGAC,227.2337127685547
CRO,kmer,reg,k_ATCATTCGAG,172.41416015625
CRO,kmer,clf,k_GCTGCCGATA,168.99422912597657
CRO,kmer,reg,k_CCACAGCACA,164.1816604614258
CRO,kmer,clf,k_GGGCTCGACC,101.03493957519531
CRO,kmer,clf,k_GCTTGCCGCA,82.58271484375
CRO,kmer,clf,k_AAGCTAAATG,82.42061767578124
CRO,kmer,reg,k_AGACGGGGAC,70.1918212890625
CRO,kmer,clf,k_ACTGATCAAG,62.989035034179686
CRO,kmer,clf,k_AAGCCTCGTC,62.77378158569336
CRO,kmer,reg,k_TATCTGAACA,60.05955352783204
CRO,kmer,clf,k_CCGGACGGAC,57.00679931640625
CRO,kmer,reg,k_GAAACGTCCC,54.52439422607422
CRO,kmer,clf,k_CTTCTGAGTA,53.827685546875
CRO,kmer,reg,k_AGTCTAACTC,51.16317443847656
CRO,kmer,clf,k_ATACTATTGG,50.644921875
CRO,kmer,reg,k_AATACGCCCT,47.91746826171875
CRO,kmer,clf,k_CCCAAAAACA,47.31147766113281
CRO,kmer,clf,k_ACGACAGAAT,37.92093048095703
CRO,kmer,reg,k_CGTTTTGTAC,36.023329162597655
CRO,kmer,clf,k_GGAGCTAACC,35.787896728515626
CRO,kmer,reg,k_GAGGTCGTGC,35.74104614257813
CRO,kmer,clf,k_TAACGTCCCA,33.623712158203126
CRO,kmer,clf,k_CCATACATTC,33.37226257324219
CRO,kmer,clf,k_GTTTACCGAA,33.285647583007815
CRO,kmer,clf,k_GAATGTGCCC,32.268462371826175
CRO,kmer,reg,k_GACGGTTAGA,31.267461395263673
CRO,kmer,clf,k_TCGGGATTAA,31.17359619140625
CRO,kmer,clf,k_ACCGTTAGAA,30.418295288085936
CRO,kmer,clf,k_AAGATCGTCT,28.508295392990114
CRO,kmer,reg,k_CGTACAGTTC,27.70888900756836
CRO,kmer,clf,k_ATTCCGCAGG,26.590151977539065
CRO,kmer,reg,k_ATCGTGCGAC,26.55372314453125
CRO,kmer,clf,k_GACGTTTCGC,25.946514129638672
CRO,kmer,reg,k_GCCGAATAGC,25.065548551082614
CRO,kmer,clf,k_CTGCTTACGC,25.058743286132813
CRO,kmer,reg,k_TACCGTTAGA,24.296405029296874
CRO,kmer,reg,k_GGTCAGTGCA,24.155445861816407
CRO,kmer,reg,k_ACCGTCGCTA,22.829025268554688
CRO,kmer,reg,k_AGGCTAACAG,22.611264622211454
CRO,kmer,clf,k_ATAACAGCGA,21.66151580810547
CRO,kmer,reg,k_ATCACTACAC,21.101760864257812
CRO,kmer,reg,k_AATAAACGTG,21.08726806640625
CRO,kmer,clf,k_ACGTCCACAA,20.119772338867186
CRO,kmer,reg,k_GCATGCATTA,19.314826202392577
CRO,kmer,clf,k_AAGCACTATG,18.956787109375
CRO,kmer,clf,k_CAATCCTTAG,18.860903930664062
CRO,kmer,clf,k_AATGCATGCT,18.706439208984374
CRO,kmer,clf,k_CAGCATTTCG,18.125228786468508
CRO,kmer,clf,k_ACTATTAGTC,18.100735473632813
CRO,kmer,reg,k_CGACTACCCA,17.794432067871092
CRO,kmer,clf,k_ATCCTAGTAA,17.538850402832033
CRO,kmer,clf,k_CTTACGCCGA,17.478128242492676
CRO,kmer,reg,k_GACGTTTCGC,16.418141174316407
CRO,kmer,clf,k_ATAATGCATG,16.37860984802246
CRO,kmer,clf,k_GGAGATCCCC,16.290803527832033
CRO,kmer,reg,k_AAGGGTGTAA,16.12254638671875
CRO,kmer,clf,k_AGTGACACAT,15.820831298828125
CRO,kmer,clf,k_ATATGGCCTC,15.81434326171875
CRO,kmer,clf,k_CCTACAGCAA,15.594834899902343
CRO,kmer,clf,k_GAACCGCACA,15.273478698730468
CRO,kmer,reg,k_TAACGTCATA,15.149184417724609
CRO,kmer,reg,k_ACGGTCTAGC,15.001554870605467
CRO,kmer,clf,k_ACGCCGAAAT,14.617591857910156
CRO,kmer,clf,k_CATAATCCAG,14.354841613769532
CRO,kmer,clf,k_CATACATTCC,14.270338439941407
CRO,kmer,reg,k_GCATAACTCC,13.984119510650634
CRO,kmer,clf,k_ACAGGTATAA,13.856663513183594
CRO,kmer,reg,k_CCTAGAGTAG,13.734763073921203
CRO,kmer,reg,k_CCTGTACATC,13.53227767944336
CRO,kmer,clf,k_ATCCCACCTA,13.344088745117187
CRO,kmer,clf,k_ACGGATCAAC,13.319754028320313
CRO,kmer,clf,k_CGACCTGTTA,13.23742971420288
CRO,kmer,clf,k_GAAGCATTAC,12.90682373046875
CRO,kmer,reg,k_ACTTAACCAC,12.731070709228515
CRO,kmer,reg,k_AATGCATGCT,12.69821548461914
CRO,kmer,clf,k_CTCGGTTAGC,12.424063873291015
CRO,kmer,clf,k_TCGCGTCAAA,12.303426265716553
CRO,kmer,clf,k_CTGCAGTGTA,12.131522369384765
CRO,kmer,clf,k_ATCATTCCCC,12.079363250732422
CRO,kmer,clf,k_ATAAGGCTCC,12.036595916748047
CRO,kmer,reg,k_GCCCTCACGC,11.971512520313263
CRO,kmer,clf,k_CGTGTGCTAA,11.934418487548829
CRO,kmer,clf,k_AGCGGTTTCC,11.90793228149414
CRO,kmer,clf,k_TCGCCCTAAA,11.827238464355469
CRO,kmer,clf,k_AGTATATAAG,11.785679626464844
CRO,kmer,clf,k_CCGTCCGACC,11.766812896728515
CRO,kmer,reg,k_CGGAAGTCGC,11.765953063964844
CRO,kmer,reg,k_AATAAATGTC,11.333012199401857
CRO,kmer,reg,k_ACCATTGGAG,11.252831649780275
CRO,kmer,reg,k_ACCTACAGTG,11.218496322631836
CRO,kmer,reg,k_TCAGAGGTCA,11.047869873046874
CRO,kmer,clf,k_TGCAGACCCA,10.894511413574218
CRO,kmer,clf,k_ACGACTTTAA,10.517642211914062
CRO,kmer,reg,k_GCGCTCGGGA,10.465812683105469
CRO,kmer,clf,k_AATTCCCGGA,10.447589111328124
CRO,kmer,clf,k_GAACCCTACC,10.43790397644043
CRO,kmer,clf,k_ATGGAATCAG,10.248936462402344
CRO,kmer,clf,k_AATTCTTGTA,10.178765106201173
CRO,kmer,clf,k_GGCAAATGCC,10.090460968017577
CRO,kmer,clf,k_AGGTTCGGGC,10.047596740722657
CRO,kmer,reg,k_ACAGACAGTA,10.037802886962892
CRO,kmer,reg,k_CTAAACGAGC,10.032598876953125
CRO,kmer,clf,k_CTAACTTACC,9.960235595703125
CRO,kmer,clf,k_ATCTATCACA,9.874922370910644
CRO,kmer,clf,k_CTTACCCTGA,9.866683959960938
CRO,kmer,reg,k_TCTCCCGAAA,9.861261749267578
CRO,kmer,clf,k_GCTGGTCTAA,9.840164184570312
CRO,kmer,clf,k_ATTCGTTCTA,9.743880462646484
CRO,kmer,reg,k_AGCCGAATAG,9.667416381835938
CRO,kmer,clf,k_ACCTAACATG,9.574630737304688
CRO,kmer,clf,k_TGGGCGTGAA,9.563461923599244
CRO,kmer,clf,k_ACGACTCTGG,9.374957275390624
CRO,kmer,clf,k_AGGCGGCGAC,9.374506759643555
CRO,kmer,reg,k_GGTTGTACAA,9.200100708007813
CRO,kmer,reg,k_GTTTCGCTCA,9.151110076904297
CRO,kmer,reg,k_AGAGAACGCT,9.110694122314452
CRO,kmer,reg,k_ACCTATTGCT,9.056466674804687
CRO,kmer,reg,k_AAGCATGCAT,8.99981061220169
CRO,kmer,reg,k_CCGTCCGCTA,8.996684646606445
CRO,kmer,clf,k_AGTGCGTCGG,8.922511291503906
CRO,kmer,clf,k_CAGGATGGCG,8.820993804931641
CRO,kmer,clf,k_TAGAGCTACA,8.7193208694458
CRO,kmer,clf,k_ACATTCATGC,8.705437469482423
CRO,kmer,clf,k_GTCGGCTTCA,8.569962310791016
CRO,kmer,clf,k_AATTACGGGA,8.545094299316407
CRO,kmer,reg,k_AAACCCCTGA,8.456242752075195
CRO,kmer,clf,k_AGTCTCAGTA,8.391167831420898
CRO,kmer,reg,k_GAGAGACTCC,8.28065528869629
CRO,kmer,clf,k_ATGCATTATG,8.257614898681641
CRO,kmer,clf,k_ACGGGGCTGG,8.23950424194336
CRO,kmer,clf,k_ATAAGTTCCC,8.16611557006836
CRO,kmer,clf,k_AATAAACGTG,8.016946411132812
CRO,kmer,reg,k_AGGTCAGGGG,8.01198501586914
CRO,kmer,clf,k_ATCGGATAAG,7.968594360351563
CRO,kmer,clf,k_GCTTATACAA,7.880368041992187
CRO,kmer,reg,k_ATAGATATCG,7.870565795898438
CRO,kmer,clf,k_AGTTCCGAAA,7.8212502002716064
CRO,kmer,clf,k_CATGGGGGAC,7.74398422241211
CRO,kmer,reg,k_ACAAACTACC,7.706292152404785
CRO,kmer,reg,k_GCAAGTCCCC,7.682853698730469
CRO,kmer,clf,k_AACCGTTACA,7.637006378173828
CRO,kmer,clf,k_GAATGTCAGA,7.624266815185547
CRO,kmer,clf,k_ACTACTGGCA,7.613301086425781
CRO,kmer,clf,k_AGTGAATTCC,7.43261947631836
CRO,kmer,clf,k_AAGTTAGGTG,7.398973083496093
CRO,kmer,clf,k_AAGTGGCCGG,7.393708801269531
CRO,kmer,clf,k_CACAGTACAA,7.356248474121093
CRO,kmer,reg,k_GTGGGTTATA,7.355336761474609
CRO,kmer,reg,k_CTATCCGGGA,7.290644836425781
CRO,kmer,clf,k_GACCTACCTC,7.242914199829102
CRO,kmer,clf,k_CGATGTCGCG,7.207986450195312
CRO,kmer,clf,k_CTGATATAGC,7.20520248413086
CRO,kmer,clf,k_CGACATACCA,7.1373046875
CRO,kmer,reg,k_AGATGTAACT,7.127407335489989
CRO,kmer,clf,k_ATATGACCCC,6.989020538330078
CRO,kmer,clf,k_CCATAGATGA,6.980197143554688
CRO,kmer,reg,k_GGAAATTACC,6.928961181640625
CRO,kmer,reg,k_ATGAGTCTAC,6.912902069091797
CRO,kmer,clf,k_TGTCACCACA,6.90634765625
CRO,kmer,clf,k_GTAATAAGCA,6.863637161254882
CRO,kmer,clf,k_CCTGTACATC,6.808404231071472
CRO,kmer,clf,k_GAAAGCCTAA,6.801371765136719
CRO,kmer,reg,k_AGATCTATAA,6.797415161132813
CRO,kmer,clf,k_CGTGCCGCCC,6.779066467285157
CRO,kmer,clf,k_CAGTTTAGGC,6.771183013916016
CRO,kmer,reg,k_AGTCTCAACG,6.734780216217041
CRO,kmer,clf,k_ACGTACTAGA,6.73314094543457
CRO,kmer,clf,k_CTCAGCAAGC,6.685825347900391
CRO,kmer,clf,k_ATATACGGAA,6.668096923828125
CRO,kmer,clf,k_CTCCTATCAC,6.6619518280029295
CRO,kmer,reg,k_TAACCCACTA,6.649021911621094
CRO,kmer,reg,k_ATAAGATCTA,6.58900089263916
CRO,kmer,reg,k_ATAATTACAG,6.579742431640625
CRO,kmer,clf,k_ATTAGCGTTG,6.564521026611328
CRO,kmer,reg,k_AGGACGGTTG,6.557101683318614
CRO,kmer,clf,k_CTATGCGCTC,6.539599609374999
CRO,kmer,reg,k_ATAATGCATG,6.5253551483154295
CRO,kmer,clf,k_AATCGTCAGG,6.515571594238281
CRO,kmer,clf,k_TAACAGATCA,6.51514892578125
CRO,kmer,clf,k_CTGGATCGAA,6.492404174804688
CRO,kmer,clf,k_GACGGAGTAA,6.4687744140625
CRO,kmer,reg,k_AACCTGGTTA,6.45596923828125
CRO,kmer,clf,k_ATTGGCGGTG,6.443920135498047
CRO,kmer,reg,k_AGCGCACGAC,6.43158221244812
CRO,kmer,reg,k_CTGCATTGAA,6.356961059570312
CRO,kmer,clf,k_AAGGCTAGAC,6.3260009765625
CRO,kmer,clf,k_ATGATAACTA,6.322735977172852
CRO,kmer,clf,k_ATATTAACTG,6.286810302734375
CRO,kmer,clf,k_AGAATGTATA,6.275811004638672
CRO,kmer,clf,k_CCCCCCACTA,6.264437484741211
CRO,kmer,reg,k_ACCCCTAATG,6.244768810272217
CRO,kmer,clf,k_GGTAGTTGAA,6.219541549682617
CRO,kmer,clf,k_AGAGTTCGGC,6.1471435546875
CRO,kmer,clf,k_AGCTACCCCT,6.0834705352783205
CRO,kmer,clf,k_GGACGGATCA,6.0797789096832275
CRO,kmer,reg,k_AGCCCTGTGC,6.077669334411622
CRO,kmer,reg,k_AACTATGTAA,6.068099212646484
CRO,kmer,reg,k_CTCGGGACCC,6.0596672058105465
CRO,combined,reg,k_GCGACCGGAA,352.66676940917966
CRO,combined,reg,k_AGGCGGCGAC,248.39423828125
CRO,combined,reg,k_TACCGTTAGA,217.2194091796875
CRO,combined,clf,k_GCTGCCGATA,196.3591735839844
CRO,combined,clf,k_GGGCTCGACC,189.58916931152345
CRO,combined,clf,k_ACTGATCAAG,107.70010175704957
CRO,combined,reg,k_ATGCATTATG,100.12824859619141
CRO,combined,reg,k_CAAGGCGGCG,94.62203063964843
CRO,combined,clf,k_GCTTGCCGCA,87.42070617675782
CRO,combined,reg,k_GAAACGTCCC,85.25597381591797
CRO,combined,clf,k_ATACTATTGG,81.9881805419922
CRO,combined,clf,k_AAGATCGTCT,77.67301330566406
CRO,combined,reg,k_GCACTACAGA,73.98646850585938
CRO,combined,clf,k_AAGCTAAATG,71.3433349609375
CRO,combined,reg,k_CAACCAGGCC,68.05667114257812
CRO,combined,reg,k_TATCTGAACA,66.48038482666016
CRO,combined,clf,k_ATAATGCATG,66.15851669311523
CRO,combined,clf,k_TACACTTTAA,61.01588745117188
CRO,combined,reg,k_ACGGTCTAGC,60.44273204803467
CRO,combined,clf,k_GAATGTGCCC,58.616705322265624
CRO,combined,reg,k_CGACTACCCA,53.65474720001221
CRO,combined,reg,k_GGTCTGGCTA,53.44091396331787
CRO,combined,reg,k_GCCGAATAGC,51.75062599182129
CRO,combined,clf,k_CCGGACGGAC,51.10582580566406
CRO,combined,reg,k_AGACGGGGAC,47.507147216796874
CRO,combined,clf,k_TCGATCGGAA,45.07064514160156
CRO,combined,reg,k_GCATGCATTA,44.8730972290039
CRO,combined,clf,k_ACGCCGAAAT,43.87123861312866
CRO,combined,reg,k_AGGACACCTC,38.99002685546875
CRO,combined,clf,k_ACGACAGAAT,38.821887207031246
CRO,combined,clf,k_CCCAAAAACA,37.34135437011719
CRO,combined,clf,k_ATGATGTCCC,32.74925231933594
CRO,combined,clf,k_CCGCATAATA,32.26329040527344
CRO,combined,reg,k_CCACAGCACA,31.601107215881346
CRO,combined,reg,k_GCCCTCACGC,29.11460418701172
CRO,combined,reg,k_ACCGTCGCTA,28.801831054687497
CRO,combined,clf,k_AGCCGAATAG,28.385775756835937
CRO,combined,clf,k_GTTTACCGAA,27.50823974609375
CRO,combined,reg,k_ATTCTTTCGG,27.3244873046875
CRO,combined,clf,k_AGGCGGCGAC,25.566984558105467
CRO,combined,reg,k_AGACATTTAT,25.34182815551758
CRO,combined,clf,k_CTGCTTACGC,24.31780548095703
CRO,combined,clf,k_AAGGGAGGGA,22.86007537841797
CRO,combined,clf,k_GGTCCGTCCA,22.77745819091797
CRO,combined,clf,k_CCATACATTC,22.603221130371093
CRO,combined,clf,k_AGTTCAGAGA,21.749725341796875
CRO,combined,reg,k_AACTCTCCCG,21.605181884765624
CRO,combined,clf,k_ACATTCATGC,21.389154052734376
CRO,combined,reg,k_AGCCGAATAG,20.073331451416013
CRO,combined,reg,k_GGTCAGTGCA,20.049668884277345
CRO,combined,clf,k_CTATACCAAA,19.95171203613281
CRO,combined,clf,k_AGGTAGGCTG,19.78349494934082
CRO,combined,clf,k_GGACAATAGA,19.51811981201172
CRO,combined,clf,k_AAGCCTCGTC,18.57349090576172
CRO,combined,reg,k_CCTGTACATC,18.381438350677488
CRO,combined,clf,k_GACGGATCAA,17.883868408203124
CRO,combined,clf,k_CGTCAGGGTA,16.58539733886719
CRO,combined,clf,k_ATGCACAGGC,16.297060203552245
CRO,combined,reg,k_ATGCACAGGC,15.72675323486328
CRO,combined,reg,k_AATACGCCCT,15.335731506347656
CRO,combined,clf,k_CATTACTCTA,15.277512359619141
CRO,combined,clf,k_ACGGATCAAC,15.153048706054687
CRO,combined,clf,k_ATGCATTATG,15.023452758789062
CRO,combined,clf,k_ATATAGTAAC,14.380229187011718
CRO,combined,clf,k_GTAACTTAGA,14.2422607421875
CRO,combined,clf,k_GAACCGCACA,14.209312438964844
CRO,combined,clf,k_GACGTTTCGC,14.160704421997071
CRO,combined,clf,k_AACTCTGGTG,13.405326843261719
CRO,combined,clf,k_ATATTAACTG,13.373516845703126
CRO,combined,clf,k_GCGCCAGACA,12.861456298828125
CRO,combined,reg,k_AATTACGGGA,12.73633623123169
CRO,combined,clf,k_ATAGTTCTCC,12.704206848144532
CRO,combined,clf,k_GAATGTCAGA,12.545627975463866
CRO,combined,clf,k_GATATGGCGA,12.424805855751037
CRO,combined,reg,k_AAACCCCTGA,12.335908031463624
CRO,combined,clf,k_ACACGCCCAT,12.14410629272461
CRO,combined,clf,k_CAGGATGGCG,12.096813201904297
CRO,combined,clf,k_GTTACATCTA,11.688725852966309
CRO,combined,clf,k_ATCCCACCTA,11.456251907348634
CRO,combined,clf,t_serotype_19F,11.25468397140503
CRO,combined,clf,k_TAGGGTTCAA,11.243474578857422
CRO,combined,clf,k_ACGACTCTAG,11.212703704833984
CRO,combined,clf,k_ACCCCTCACT,11.18370361328125
CRO,combined,reg,k_CGAATCTCGC,11.109427452087402
CRO,combined,reg,k_GAGCGAAACC,10.768893432617187
CRO,combined,reg,k_CAGTGACACA,10.652674102783203
CRO,combined,reg,k_AGGTTATCTA,10.4177490234375
CRO,combined,reg,k_AGTCTAACTC,10.318737030029297
CRO,combined,clf,k_AGTGGGACGA,10.248374938964844
CRO,combined,reg,k_ACCATTGGAG,10.11744556427002
CRO,combined,reg,k_GACGAAATGC,10.101861572265625
CRO,combined,reg,k_TAACGTCATA,10.06873779296875
CRO,combined,reg,k_TAATTCCGCA,10.020015716552734
CRO,combined,clf,k_ACTTACTATC,9.985452270507812
CRO,combined,clf,k_CCTCGTCATA,9.702360534667969
CRO,combined,clf,k_AAGTTGGACG,9.676557159423828
CRO,combined,clf,k_TGGTGAGTAA,9.558249473571777
CRO,combined,clf,k_TCCACCGAGA,9.463058471679688
CRO,combined,clf,k_CTAATCCCGA,9.393145751953124
CRO,combined,clf,k_AAGTTGGCCC,9.2405517578125
CRO,combined,clf,k_AGTCTCAACG,9.11471576690674
CRO,combined,clf,k_AATCGGCATC,9.093746185302734
CRO,combined,clf,k_CCATAGATGA,8.96690330505371
CRO,combined,clf,k_ACATAACTAC,8.8397216796875
CRO,combined,reg,k_ATAATGCATG,8.833222961425781
CRO,combined,clf,k_GCTATTCGCA,8.810110473632813
CRO,combined,clf,k_CGTCGGCTTC,8.744184398651123
CRO,combined,clf,k_TAGAGCTACA,8.645576524734496
CRO,combined,clf,k_AGTGCGATAT,8.624153137207031
CRO,combined,clf,k_CATTAGTCAC,8.586941528320313
CRO,combined,clf,k_AGGTATAGCG,8.5781005859375
CRO,combined,reg,k_CAATGCTCCC,8.55408329963684
CRO,combined,reg,k_TACCGCTCTA,8.50310821533203
CRO,combined,reg,k_CTTAAGCCCA,8.471326446533203
CRO,combined,clf,k_CGATCAATAC,8.424333190917968
CRO,combined,clf,k_ATCACATGAT,8.313122177124022
CRO,combined,clf,k_GGAGCCTAAA,8.283055877685547
CRO,combined,clf,k_AGGAAAGATC,8.24644775390625
CRO,combined,reg,k_GGACCTATAC,8.14874725341797
CRO,combined,clf,k_AATTACGGGA,8.127691650390625
CRO,combined,clf,k_ATTAAGGAGC,8.067431640625
CRO,combined,clf,k_AGGCTCTATA,8.03645362854004
CRO,combined,reg,k_CTGTATATTA,8.005361938476563
CRO,combined,clf,k_GTGACTATAA,7.96883635520935
CRO,combined,clf,k_TGGTGCGAAA,7.911871337890625
CRO,combined,reg,k_CGTGATAGTC,7.8836112976074215
CRO,combined,clf,k_GCCCTCACGC,7.842404174804687
CRO,combined,clf,k_AGCCTCCCAG,7.828927612304687
CRO,combined,clf,k_ATCGGCATCA,7.827023315429687
CRO,combined,clf,k_ACCCTCTTAC,7.817436218261719
CRO,combined,clf,k_ACCTACAGTG,7.748725891113281
CRO,combined,clf,k_AGCCGCTCCT,7.740190124511718
CRO,combined,reg,k_GTTTGTCCGA,7.5836137473583225
CRO,combined,clf,k_CGTCAACGAG,7.573291826248169
CRO,combined,reg,k_CGCTAACCAA,7.442278289794922
CRO,combined,clf,k_AGGCTAACAG,7.43487548828125
CRO,combined,reg,k_GGGAGCTCAA,7.385006070137024
CRO,combined,clf,k_AGGGTGTGGC,7.382734680175782
CRO,combined,reg,k_TCCCATAAGA,7.3693712085485465
CRO,combined,clf,k_ATGCAAAGCC,7.242145442962647
CRO,combined,reg,k_AAGGGAGGGA,7.240585565567017
CRO,combined,clf,k_ACTTTAGGCT,7.211759090423584
CRO,combined,reg,k_CATGGGGGAC,7.206211280822754
CRO,combined,clf,k_GTATAATCAC,7.201083374023438
CRO,combined,reg,k_GGAGCCTAAA,7.192716979980469
CRO,combined,clf,k_ATAACAAACG,7.18509120941162
CRO,combined,clf,k_CCTACAGCAA,7.123039245605469
CRO,combined,clf,k_AGCGACGAGG,7.122525024414062
CRO,combined,clf,k_GTTAGTCGTA,7.115715026855469
CRO,combined,clf,k_AAGCGTTCCC,7.092064189910889
CRO,combined,clf,k_ACCAATAGGT,7.064131546020508
CRO,combined,reg,k_GAGGGAGTGC,7.0155387878417965
CRO,combined,clf,k_CAGCTAGCCG,6.997976684570313
CRO,combined,reg,k_ATGCTGTGGA,6.890332955121994
CRO,combined,clf,k_AGATGTAACT,6.805193138122558
CRO,combined,clf,k_AGGGATCGTA,6.80460205078125
CRO,combined,reg,k_ATATGACCCC,6.800268936157227
CRO,combined,reg,k_AGCGCACGAC,6.7975299835205085
CRO,combined,clf,k_CCGATGTCGC,6.783419799804688
CRO,combined,clf,k_CATGTTTAGG,6.763784790039063
CRO,combined,reg,k_TAACCCACTA,6.746117401123047
CRO,combined,clf,k_ATATGCTATG,6.658499908447265
CRO,combined,reg,k_CCATAAGATC,6.648140239715577
CRO,combined,clf,k_AAAGTTCCGA,6.623982524871826
CRO,combined,reg,k_AGTTATAGCG,6.514424133300781
CRO,combined,clf,k_TATACGAAAA,6.49310302734375
CRO,combined,clf,k_ACCTCACAAA,6.483567428588867
CRO,combined,clf,k_AACTCTCATA,6.477806091308594
CRO,combined,clf,k_TCGACGAACA,6.439870452880859
CRO,combined,reg,k_GTTTACCGAA,6.3634033203125
CRO,combined,clf,k_TGCTCTCCCA,6.33571195602417
CRO,combined,clf,k_CTAGAACGAA,6.289494323730469
CRO,combined,clf,k_CTGATGTGAC,6.279223155975342
CRO,combined,reg,k_CTCGGGACCC,6.2240337371826175
CRO,combined,clf,k_GATCTTGGCA,6.206189823150635
CRO,combined,clf,k_GGACGGATCA,6.203653717041016
CRO,combined,reg,k_AAATGGTCGC,6.19352445602417
CRO,combined,reg,k_ATGAGTCTAC,6.167695713043213
CRO,combined,clf,k_CATATAAGGC,6.079057312011718
CRO,combined,clf,k_CGGATCAGTA,6.067160415649415
CRO,combined,clf,k_AGCGAGCCAT,6.0460266113281245
CRO,combined,clf,k_TAATCGGCCA,6.041940307617187
CRO,combined,clf,k_CGAGTGAGGA,6.027201843261719
CRO,combined,clf,k_AGCAGAGTGG,6.012918090820312
CRO,combined,clf,k_AAACGGCTTA,5.999170017242432
CRO,combined,clf,k_CATAATCCAG,5.991588592529297
CRO,combined,clf,k_CGGATCCTGA,5.99056396484375
CRO,combined,clf,k_GAATAGGCGA,5.985250854492188
CRO,combined,reg,k_AAGATCCCAG,5.972234916687011
CRO,combined,clf,k_ATTCTAGATA,5.965120029449462
CRO,combined,clf,k_AGTCTCAGTA,5.949311447143554
CRO,combined,reg,k_GTTTCGCTCA,5.934913444519043
CRO,combined,reg,k_AAGCATGCAT,5.893024063110352
CRO,combined,clf,k_AGATGGAGCC,5.842364501953125
CRO,combined,reg,k_GAGAGACTCC,5.825660276412964
CRO,combined,clf,k_CTCAAAGCTC,5.799079895019531
CRO,combined,clf,k_CTCCCTCTGC,5.7984668731689455
CRO,combined,clf,k_AGTTCCGAAA,5.752515077590942
CRO,combined,clf,k_AATTATACGA,5.747263956069946
CRO,combined,reg,k_TCTCCCGAAA,5.7430664062500005
ERY,kmer,reg,k_AGTTTCGTCG,774.3251708984375
ERY,kmer,reg,k_GGGGTCCCGA,663.346923828125
ERY,kmer,reg,k_GCGCTCGGGA,558.2335918426513
ERY,kmer,reg,k_ATTCCGCTGG,538.1955680847168
ERY,kmer,reg,k_CAGTGACGTA,479.7536254882813
ERY,kmer,reg,k_GCTGAATCGA,448.846044921875
ERY,kmer,reg,k_CTCGGGACCC,369.3873291015625
ERY,kmer,clf,k_GGGGTCCCGA,71.45083465576172
ERY,kmer,clf,k_ATTCCGCTGG,70.28130416870117
ERY,kmer,clf,k_CCCCGTAGGC,67.17443084716797
ERY,kmer,clf,k_GCGCTCGGGA,61.26727561950684
ERY,kmer,reg,k_GAATTTAGGC,53.427941703796385
ERY,kmer,reg,k_GGGGAACGGA,49.16845932006836
ERY,kmer,clf,k_AGTTTCGTCG,43.583575630187994
ERY,kmer,reg,k_AGAGGTCCCT,43.336376953125
ERY,kmer,reg,k_AAACCTACAG,41.45122262835503
ERY,kmer,reg,k_GCATTCTATA,39.88211441040039
ERY,kmer,reg,k_CCCCGTAGGC,39.663021850585935
ERY,kmer,reg,k_CCGACACAAG,39.32676098719239
ERY,kmer,clf,k_CTCGGGACCC,36.08784770965576
ERY,kmer,reg,k_AATTGCTACC,33.79345855712891
ERY,kmer,reg,k_AACTGCCACT,27.617810058593747
ERY,kmer,clf,k_ACATGATACT,27.129505157470703
ERY,kmer,reg,k_CTCCAGCCCC,25.885769641399385
ERY,kmer,reg,k_CTCGATATAC,25.74190673828125
ERY,kmer,reg,k_ACCTAGTCGC,24.9516622543335
ERY,kmer,reg,k_ATATATAGAC,24.273541259765626
ERY,kmer,reg,k_CCGTAATAGA,23.163562011718753
ERY,kmer,reg,k_AGGTCCATAG,22.48267822265625
ERY,kmer,reg,k_TACTCACATA,22.342822265625
ERY,kmer,reg,k_AGATACGGGG,22.10378408432007
ERY,kmer,reg,k_AACAGAGGGT,21.634809827804567
ERY,kmer,reg,k_AATCGTTCAC,21.33837890625
ERY,kmer,reg,k_CTGCTATGTA,21.250387573242186
ERY,kmer,clf,k_GCTGAATCGA,21.00193634033203
ERY,kmer,reg,k_ACATGATACT,20.528598403930665
ERY,kmer,reg,k_GCCGCTAACA,20.42799949645996
ERY,kmer,reg,k_GTGTTCTACA,19.06943359375
ERY,kmer,reg,k_CTGTAGCGGC,19.011035919189453
ERY,kmer,reg,k_CCTTACCACA,18.431635189056397
ERY,kmer,reg,k_ATAACTGCGG,18.245970153808592
ERY,kmer,reg,k_GCTCCCACTA,17.322461009025574
ERY,kmer,reg,k_ATCGGATAAG,17.124404907226562
ERY,kmer,reg,k_ATTGTACCCG,17.11603546142578
ERY,kmer,reg,k_CACTTTGGTA,16.570654296875
ERY,kmer,reg,k_CAGCTCGAGA,15.9375
ERY,kmer,reg,k_AATTCGGCAG,15.9161865234375
ERY,kmer,reg,k_AGAGACATGA,15.661083984375
ERY,kmer,reg,k_ACGACCTACA,15.5446533203125
ERY,kmer,reg,k_CGCACCAAGA,14.987433433532715
ERY,kmer,reg,k_CCGTCAGAAG,14.321080207824707
ERY,kmer,reg,k_ATGCAGCATG,14.303924560546875
ERY,kmer,reg,k_AAGTTAGGTG,14.26197509765625
ERY,kmer,reg,k_AGCTCTAGGG,13.695334768295288
ERY,kmer,reg,k_GAAAGCCACA,13.669061279296875
ERY,kmer,reg,k_GAAGGGTATA,13.333819580078124
ERY,kmer,reg,k_GCACCAGTGC,12.919207763671874
ERY,kmer,reg,k_CAGGGTCTAG,12.502099609375
ERY,kmer,reg,k_AAAGTGTATA,12.488951110839844
ERY,kmer,reg,k_CTTACATTAA,12.333203125
ERY,kmer,reg,k_CGTTTTTCAC,12.285209655761719
ERY,kmer,reg,k_TCTATAGTCA,11.697428894042968
ERY,kmer,reg,k_AGTGTACAAT,11.3782470703125
ERY,kmer,reg,k_GATCAAGGGA,10.573342764377594
ERY,kmer,reg,k_AGTGTTCGTC,10.523869323730468
ERY,kmer,reg,k_AAATCCGTAG,10.516377544403078
ERY,kmer,reg,k_GGACTGCATA,10.466891479492187
ERY,kmer,reg,k_GTACGTCATA,10.40761604309082
ERY,kmer,reg,k_GGTTGTACAA,10.042742919921874
ERY,kmer,reg,k_AGTCTTACAG,9.887484741210937
ERY,kmer,reg,k_AACTCCTCCC,9.657060241699218
ERY,kmer,clf,k_GTCGGCATAA,9.403905487060547
ERY,kmer,reg,k_GCCCATACGA,9.211500549316407
ERY,kmer,reg,k_ATGTCGCGTC,9.134804391860962
ERY,kmer,reg,k_CTCCCTAGCA,9.065048217773438
ERY,kmer,reg,k_AGCACCTCCT,9.064244842529298
ERY,kmer,clf,k_CAGTGACGTA,9.040453338623047
ERY,kmer,reg,k_AAACTTAACT,8.958586621284484
ERY,kmer,reg,k_CTAAACGAGC,8.875281238555907
ERY,kmer,reg,k_AACACCCTAA,8.856263772398233
ERY,kmer,reg,k_AATAACACAT,8.67501220703125
ERY,kmer,reg,k_CACCAGTGCA,8.27877197265625
ERY,kmer,reg,k_AACAATTAGT,8.265881443023682
ERY,kmer,reg,k_CGCCTTCTGA,8.123150634765626
ERY,kmer,clf,k_GGCGAAGACA,8.121055340766906
ERY,kmer,reg,k_CACTATGCGC,7.920455096662044
ERY,kmer,reg,k_AGTTCGTATA,7.784709930419922
ERY,kmer,reg,k_GCGATAATTA,7.746240234375
ERY,kmer,reg,k_ACGAATACAT,7.658526611328125
ERY,kmer,reg,k_ATTTCGGCAG,7.65600814819336
ERY,kmer,reg,k_CTAGCTTCGC,7.361163330078125
ERY,kmer,reg,k_GTCAGCACGA,7.3406494140625
ERY,kmer,reg,k_CATTAGCCTC,7.040185546875
ERY,kmer,reg,k_CCCACATACG,6.921168518066406
ERY,kmer,reg,k_CAGATGGCCC,6.8913818359375
ERY,kmer,reg,k_GCGTTGACGA,6.750263357162476
ERY,kmer,reg,k_AATAACACAC,6.697623443603516
ERY,kmer,reg,k_CTGATCTACC,6.603392028808594
ERY,kmer,clf,k_AATTGCTACC,6.506138896942139
ERY,kmer,reg,k_AATAGCTCTA,6.473641204833984
ERY,kmer,reg,k_ACCTCATATA,6.46241455078125
ERY,kmer,reg,k_ACTCACTGAG,6.275856018066406
ERY,kmer,reg,k_AAGGGAGGGA,6.209571075439453
ERY,kmer,reg,k_ATCCCACCTA,6.195525741577148
ERY,kmer,clf,k_TACTTCCCTA,6.131112670898437
ERY,kmer,reg,k_TTACGAGGAA,6.113671875
ERY,kmer,reg,k_AGAGTGGTAC,6.010646057128906
ERY,kmer,reg,k_AAGCACCAGT,6.006077408790588
ERY,kmer,reg,k_ATAAATCGGA,5.937548828125
ERY,kmer,reg,k_GACTACATAC,5.878115844726562
ERY,kmer,reg,k_ACCCCCATAA,5.7794921875
ERY,kmer,reg,k_CTCGACCAAA,5.752036285400391
ERY,kmer,reg,k_CAGAGCGATA,5.701774907112122
ERY,kmer,clf,k_CGCCAAAGTA,5.68982048034668
ERY,kmer,reg,k_ATGTAACTAC,5.6029052734375
ERY,kmer,clf,k_GGACGTGATA,5.59278507232666
ERY,kmer,reg,k_AGAACTCGCC,5.501973342895508
ERY,kmer,reg,k_GGACTATTAA,5.3857421875
ERY,kmer,reg,k_GGATACCCAC,5.377071380615234
ERY,kmer,reg,k_CCTCAACCCG,5.277130126953125
ERY,kmer,reg,k_CTGTTGGTGC,5.266793632507324
ERY,kmer,reg,k_ATGATTCCAC,5.26142578125
ERY,kmer,reg,k_CTCAGATAGA,5.23803825378418
ERY,kmer,reg,k_AAAGGCGCAG,5.211434936523437
ERY,kmer,reg,k_GGTGGGCAGA,5.2098236083984375
ERY,kmer,reg,k_CAGCAAGCAC,5.140331056714058
ERY,kmer,reg,k_CACGGTCTAA,4.9785400390625
ERY,kmer,reg,k_ACTAAGAGAT,4.941733551025391
ERY,kmer,reg,k_GAAACCATCC,4.891773462295532
ERY,kmer,reg,k_TGCGACACAA,4.805227649211884
ERY,kmer,reg,k_GGCCTGGTAC,4.794409942626953
ERY,kmer,reg,k_GTACCTGCGA,4.721671295166016
ERY,kmer,reg,k_AACTACACTT,4.67450065612793
ERY,kmer,reg,k_TGAGCACTAA,4.638274073600769
ERY,kmer,reg,k_ACGCGCCGCG,4.49949951171875
ERY,kmer,reg,k_GACATCGGAC,4.489151954650879
ERY,kmer,reg,k_ACAGGCAGTG,4.412201309204102
ERY,kmer,reg,k_AGGGTCTACA,4.333313369750977
ERY,kmer,reg,k_ATCGAGTCAT,4.302288055419922
ERY,kmer,reg,k_CAATCCCCTA,4.269212341308593
ERY,kmer,reg,k_AGGAACGGAG,4.208410513401032
ERY,kmer,clf,k_TCACCGAACA,4.1754638671875
ERY,kmer,reg,k_ACGCCTGAAT,4.158587646484375
ERY,kmer,reg,k_CCATAAGATC,4.1442416429519655
ERY,kmer,reg,k_CGCATAAGAA,4.129647827148437
ERY,kmer,reg,k_AGCCATTAGC,3.9793937683105467
ERY,kmer,reg,k_ATCACTTAGA,3.974476623535156
ERY,kmer,reg,k_ACAGAATACA,3.9552162170410154
ERY,kmer,reg,k_GTAACTTACA,3.923735427856445
ERY,kmer,reg,k_GCTGAGACCC,3.874087315797806
ERY,kmer,reg,k_AGTGCTGGGG,3.799688720703125
ERY,kmer,reg,k_ATAAGTGGAA,3.7814254760742188
ERY,kmer,clf,k_ATTCCCCGTA,3.7599742889404295
ERY,kmer,reg,k_AACATATATC,3.6843753814697267
ERY,kmer,reg,k_GAAGACAGAC,3.649755859375
ERY,kmer,reg,k_ACTTACACCA,3.6335643768310546
ERY,kmer,reg,k_TGGGCCTACA,3.632056212425232
ERY,kmer,reg,k_GTGCGTCTGA,3.626540327072144
ERY,kmer,reg,k_AAGCCGCTAA,3.6243062019348145
ERY,kmer,reg,k_CGAGCGCACA,3.590652847290039
ERY,kmer,reg,k_AGCTAATCAG,3.582729244232178
ERY,kmer,reg,k_CAAGTACGTC,3.563685989379883
ERY,kmer,clf,k_GAGTATGCTA,3.520322513580322
ERY,kmer,reg,k_CGCCTGTGCA,3.5124557495117186
ERY,kmer,reg,k_AGTCTTCGCA,3.5042877197265625
ERY,kmer,reg,k_AAGTCCGAAC,3.4994968414306644
ERY,kmer,reg,k_AATCCCTACC,3.495697784423828
ERY,kmer,reg,k_GCGATCAAAC,3.4774532318115234
ERY,kmer,reg,k_GAGTACTTGC,3.4662933349609375
ERY,kmer,reg,k_CGTATATAGA,3.452569580078125
ERY,kmer,reg,k_CGACGATAAG,3.443543529510498
ERY,kmer,reg,k_CGCGATGACC,3.44066162109375
ERY,kmer,reg,k_CCTAAACAAA,3.434015655517578
ERY,kmer,reg,k_CTGTCCATCC,3.4067779541015626
ERY,kmer,reg,k_AGCTATGGGC,3.3851998329162596
ERY,kmer,reg,k_CTCCACGTAA,3.3748499751091003
ERY,kmer,reg,k_AACCTCACGA,3.3718170166015624
ERY,kmer,reg,k_CGTCAACGCC,3.362799441814423
ERY,kmer,reg,k_AAGTTCTATA,3.3349376678466798
ERY,kmer,reg,k_AAGCACAAGT,3.314629507064819
ERY,kmer,reg,k_GAGGAACGGA,3.303815072774887
ERY,kmer,reg,k_TACAGAGTGA,3.2838770627975467
ERY,kmer,reg,k_GGATCAGACA,3.27852783203125
ERY,kmer,reg,k_AACACTGATA,3.2653980255126953
ERY,kmer,reg,k_ATATCTCTTC,3.2604835510253904
ERY,kmer,reg,k_CGGAAACGTA,3.2255786895751952
ERY,kmer,reg,k_GAACAACGAA,3.1874156951904298
ERY,kmer,clf,k_GTATAATCAC,3.1825510978698732
ERY,kmer,reg,k_CTTAGGAACC,3.1762345314025877
ERY,kmer,reg,k_GTTATATACA,3.16895751953125
ERY,kmer,reg,k_AGTCTGTTAG,3.140655517578125
ERY,kmer,clf,k_GAATTTAGGC,3.1386231899261476
ERY,kmer,reg,k_GATACGTTTA,3.137084197998047
ERY,kmer,reg,k_AAGGATTCTG,3.129228115081787
ERY,kmer,reg,k_CATCTTTCGA,3.0833450317382813
ERY,kmer,reg,k_GTATACTCCA,3.0391320228576664
ERY,kmer,reg,k_GTGGTTAGTA,3.01697998046875
ERY,kmer,reg,k_TAGCGTTAAA,3.0091293334960936
ERY,kmer,reg,k_ACTGACGACG,3.000957074761391
ERY,kmer,reg,k_ATTCAGACGC,2.9888278961181642
ERY,combined,reg,k_GGGGTCCCGA,1298.09873046875
ERY,combined,reg,k_GCGCTCGGGA,985.6658691406249
ERY,combined,reg,k_CTCGGGACCC,858.5012939453125
ERY,combined,reg,k_AGTAGACCAC,776.068115234375
ERY,combined,reg,k_CAGTGACGTA,609.7921508789062
ERY,combined,reg,k_ATTCCGCTGG,573.1022857666015
ERY,combined,reg,k_GCTGAATCGA,501.361474609375
ERY,combined,reg,k_AGTTTCGTCG,457.8495269775391
ERY,combined,reg,k_AGAGGTCCCT,228.6939697265625
ERY,combined,reg,k_CCGACACAAG,195.86259384155272
ERY,combined,reg,k_CCATCGGTAC,90.72102661132813
ERY,combined,clf,k_ATTCCGCTGG,82.51435317993165
ERY,combined,clf,k_CTCGGGACCC,79.9793930053711
ERY,combined,reg,k_CCCCGTAGGC,78.3141845703125
ERY,combined,clf,k_GCGCTCGGGA,65.4142059326172
ERY,combined,reg,k_GTACCTGCGA,65.03153076171876
ERY,combined,reg,k_ACCTAGTCGC,62.0588134765625
ERY,combined,reg,k_TCACCGAACA,55.120428466796874
ERY,combined,reg,k_AATTGCTACC,49.84529552459717
ERY,combined,clf,k_GGGGTCCCGA,47.34984130859375
ERY,combined,clf,k_GTACCTGCGA,43.523958969116215
ERY,combined,reg,k_CGGATAACTA,40.94092712402344
ERY,combined,clf,k_AGTTTCGTCG,40.28211212158203
ERY,combined,reg,k_AAACCTACAG,39.963536977767944
ERY,combined,reg,k_AATCGTTCAC,35.59760437011719
ERY,combined,reg,k_CCCGTTTGAA,34.30918978452682
ERY,combined,reg,k_CTGTAGCGGC,34.1061279296875
ERY,combined,reg,k_GGGGAACGGA,33.986428833007814
ERY,combined,reg,k_GGACTGCATA,31.61200866699219
ERY,combined,reg,k_ATATATAGAC,31.023574066162112
ERY,combined,reg,k_CAGCTCGAGA,30.201248168945312
ERY,combined,reg,k_GCCGCTAACA,28.497065734863284
ERY,combined,reg,k_AATAACACAT,26.59130859375
ERY,combined,reg,k_GACTACATAC,26.117185211181642
ERY,combined,reg,k_CTCGATATAC,25.43704833984375
ERY,combined,clf,k_AGAGGTCCCT,25.278225708007813
ERY,combined,clf,k_ACATGATACT,25.245842361450194
ERY,combined,reg,k_CTTTAGGCGA,24.59521026611328
ERY,combined,reg,k_ATCACTTAGA,24.13546142578125
ERY,combined,reg,k_AACGAACTAA,23.9260009765625
ERY,combined,reg,k_AGGTCCATAG,23.130090332031248
ERY,combined,reg,k_GCATTCTATA,23.02099609375
ERY,combined,reg,k_CTTACATTAA,23.005163574218752
ERY,combined,clf,k_ATACGTTAGA,22.31378173828125
ERY,combined,reg,k_AACTGCCACT,21.93996810913086
ERY,combined,reg,k_GTACGTCATA,21.88863754272461
ERY,combined,reg,k_ATTACGCTGA,21.31896629333496
ERY,combined,reg,k_AAGATCACCA,20.9373291015625
ERY,combined,reg,k_TACTCACATA,20.906406021118165
ERY,combined,reg,k_GAATTTAGGC,20.74174599647522
ERY,combined,reg,k_ACATGATACT,20.616153717041016
ERY,combined,reg,k_ATTCCCCGTA,20.26079406738281
ERY,combined,clf,k_CCCCGTAGGC,20.140219497680665
ERY,combined,reg,k_ATCCCACCTA,19.925531005859376
ERY,combined,reg,k_CATTACAAAG,19.89019775390625
ERY,combined,reg,k_CGAGAAAGGA,19.8318359375
ERY,combined,reg,k_GTGTTCTACA,19.75357666015625
ERY,combined,reg,k_AGTGTTCGTC,19.531473922729493
ERY,combined,reg,k_GGACGTGATA,19.206434631347655
ERY,combined,reg,k_GCACCAGTGC,18.222625732421875
ERY,combined,reg,k_ACTGGACAGC,18.2102783203125
ERY,combined,reg,k_CTGCTATGTA,17.74307861328125
ERY,combined,reg,k_CCCGACTGTC,17.682357788085938
ERY,combined,clf,k_GCTGAATCGA,17.51946258544922
ERY,combined,reg,k_GAAGGGTATA,17.333935546875
ERY,combined,reg,k_CAGTAAGTAA,16.86337890625
ERY,combined,reg,k_ATCGGATAAG,16.766656494140626
ERY,combined,reg,k_ATAGATAGTG,16.6424560546875
ERY,combined,reg,k_CGTGTGCCAA,16.46676025390625
ERY,combined,reg,k_ACGCCAAAGT,16.37659087181091
ERY,combined,reg,k_AGCTACGGAT,15.7595947265625
ERY,combined,reg,k_ATAACTGCGG,15.62393798828125
ERY,combined,reg,k_CTTAAGCCCA,15.60196533203125
ERY,combined,clf,k_CTTTAGGCGA,15.200502014160156
ERY,combined,reg,k_AACTTCCGAA,14.9426513671875
ERY,combined,reg,k_CGCACCAAGA,14.88911018371582
ERY,combined,reg,k_ATTGTACCCG,14.77423553466797
ERY,combined,reg,k_CGTTTTTCAC,14.355998229980468
ERY,combined,reg,k_AGCCGCTAAC,14.341001850366593
ERY,combined,reg,k_CCGTAATAGA,14.25032958984375
ERY,combined,reg,k_GAGTATGCTA,14.2353759765625
ERY,combined,reg,k_GTCAGACGCA,14.207307434082031
ERY,combined,reg,k_GGTTGTACAA,14.03924560546875
ERY,combined,reg,k_CAGAGCGATA,13.879133331775664
ERY,combined,clf,k_AGTAGACCAC,13.522785949707032
ERY,combined,reg,k_AGGGAGTCAG,13.4603515625
ERY,combined,reg,k_ATATCAGGGG,13.197894287109374
ERY,combined,reg,k_ATTTCGGCAG,13.02403030395508
ERY,combined,reg,k_TGCCGCTACA,12.809375
ERY,combined,reg,k_CACGAAAGTC,12.59071044921875
ERY,combined,reg,k_AGCACCTCCT,12.435318374633788
ERY,combined,reg,k_ACCTCCAGTC,12.340625
ERY,combined,reg,k_AGATACGGGG,12.218185424804688
ERY,combined,reg,k_AGCGCTAAAT,12.066730499267578
ERY,combined,reg,k_ACATCCGCAC,11.977187347412109
ERY,combined,clf,k_TACTTCCCTA,11.96444320678711
ERY,combined,reg,k_GTGTTCCTTA,11.360223388671875
ERY,combined,reg,k_AAGCTTAGCT,10.82177963256836
ERY,combined,reg,k_GATGGTGCTA,10.625738525390625
ERY,combined,reg,k_CGTGAAACTA,10.4169677734375
ERY,combined,reg,k_GATCTTACAA,10.23524169921875
ERY,combined,reg,k_CCATAAGATC,10.058256912231446
ERY,combined,reg,k_GCCCATACGA,9.911191654205322
ERY,combined,reg,k_AGCTAATCAG,9.897276592254638
ERY,combined,reg,k_AAGCACCAGT,9.896630477905273
ERY,combined,reg,k_CTAAACGAGC,9.894609260559083
ERY,combined,reg,k_GCGTTGACGA,9.825561904907227
ERY,combined,reg,k_CTGGGTCTTC,9.75936279296875
ERY,combined,reg,k_AGGGCTCGAC,9.56033935546875
ERY,combined,reg,k_CTCCCTAGCA,9.529461669921876
ERY,combined,reg,k_CGCCACTATA,9.177215576171875
ERY,combined,reg,k_AGCACCAGTG,9.137969970703125
ERY,combined,reg,k_CACTATGCGC,8.97229290008545
ERY,combined,reg,k_AATAACACAC,8.860923862457277
ERY,combined,reg,k_AGCTCTAGGG,8.752588272094727
ERY,combined,reg,k_CAAGCTTAGC,8.722216856479644
ERY,combined,reg,k_CAACATTCTG,8.539147138595581
ERY,combined,reg,k_AACCAGGCCG,8.28349723815918
ERY,combined,reg,k_GAGACGCATA,8.216458892822265
ERY,combined,clf,k_GTCGGCATAA,8.15502700805664
ERY,combined,reg,k_AGAACACCTC,8.13642578125
ERY,combined,reg,k_GTCAGCCTCA,7.972647094726563
ERY,combined,reg,k_ACAGGCCTTA,7.852714347839356
ERY,combined,reg,k_TCTATAGTCA,7.791107177734375
ERY,combined,reg,k_AAGTTAGGTG,7.782147216796875
ERY,combined,reg,k_AATAGCTCTA,7.677364540100098
ERY,combined,reg,k_AGTATGACCC,7.675784301757813
ERY,combined,reg,k_ACAGGAAGGG,7.670722961425781
ERY,combined,reg,k_CAGCATTATA,7.64207763671875
ERY,combined,reg,k_CGAAAGCATA,7.562437438964844
ERY,combined,reg,k_ACCGGAAAAT,7.55870361328125
ERY,combined,reg,k_CGCCTGTGCA,7.532315063476562
ERY,combined,reg,k_CTGATCTACC,7.492787086963653
ERY,combined,reg,k_AGTTACCGTA,7.455908203125
ERY,combined,reg,k_ACCTAACTTG,7.210015869140625
ERY,combined,reg,k_AACTAACGAT,7.064190673828125
ERY,combined,reg,k_CTTATGGGAC,6.957776212692261
ERY,combined,reg,k_ATATCTACCC,6.95140380859375
ERY,combined,reg,k_CGATGTCGCG,6.921450996398926
ERY,combined,reg,k_AGATGGAGCC,6.856391143798828
ERY,combined,reg,k_ACTACCTAAG,6.664398956298828
ERY,combined,reg,k_ACCTCATATA,6.55887451171875
ERY,combined,reg,k_TGCCGTATAA,6.530038452148437
ERY,combined,reg,k_GTCAGCACGA,6.415369009971619
ERY,combined,reg,k_ACCCCCTACA,6.40679178237915
ERY,combined,reg,k_AACACTGATA,6.4014892578125
ERY,combined,reg,k_GGATCAGACA,6.331149101257324
ERY,combined,clf,k_CAGTGACGTA,6.30419921875
ERY,combined,reg,k_AGTAACGTAC,6.274658203125
ERY,combined,reg,k_GCTCCAATCC,6.255914306640625
ERY,combined,reg,k_CGAGTGCGAC,6.242282295227051
ERY,combined,reg,k_AACAATTAGT,6.2096820831298825
ERY,combined,reg,k_AGAGACATGA,6.193009948730468
ERY,combined,reg,k_AGTGGCGATG,6.190140151977539
ERY,combined,reg,k_AATAGAGACT,6.10028076171875
ERY,combined,reg,k_CCAGTTAAGA,6.091945648193359
ERY,combined,reg,k_GAGCGACACA,5.9939208984375
ERY,combined,reg,k_CTGAATCGGC,5.823233032226563
ERY,combined,reg,k_AGGTGTAAGA,5.809659194946289
ERY,combined,reg,k_GCAGGGAAGC,5.8022705078125
ERY,combined,reg,k_TCAATGCCGA,5.727186965942383
ERY,combined,clf,k_AGACACTCAC,5.704059982299805
ERY,combined,reg,k_ATTCAGAATG,5.692104339599609
ERY,combined,reg,k_GATCCATATA,5.67437744140625
ERY,combined,reg,k_AAGGGAGGGA,5.658498859405517
ERY,combined,reg,k_GGATACCCAC,5.5977836608886715
ERY,combined,clf,k_ATTCCCCGTA,5.581515550613404
ERY,combined,clf,k_AATTGCTACC,5.523935317993164
ERY,combined,reg,k_AAACCCCCAT,5.390703582763672
ERY,combined,reg,k_GAGCACCTCC,5.298358154296875
ERY,combined,clf,k_GGCGAAGACA,5.2936530113220215
ERY,combined,reg,k_AATCCCTACC,5.293174362182617
ERY,combined,reg,k_CTAGGTATAA,5.2420509338378904
ERY,combined,reg,k_CGCCAAAGTA,5.191280746459961
ERY,combined,reg,k_CTGGGTATTA,5.135750579833984
ERY,combined,reg,k_GAGGAACGGA,5.129108619689942
ERY,combined,reg,k_ACTGGTATAC,5.126177406311035
ERY,combined,reg,k_ATCGTCGTGG,5.0994720458984375
ERY,combined,reg,k_AATTGTCGCG,5.089945840835571
ERY,combined,reg,k_AGTCTTCCGA,5.089743804931641
ERY,combined,reg,k_AGGGCGCCAA,5.078468322753906
ERY,combined,reg,k_AGTCTGTTAG,5.041952514648438
ERY,combined,reg,k_CCTCAACCCG,4.971001434326172
ERY,combined,reg,k_ATGAGGCGTC,4.920472526550293
ERY,combined,reg,k_CATGACAGGC,4.85321044921875
ERY,combined,reg,k_ACTGCAGTAC,4.8505126953125
ERY,combined,reg,k_AAGCTCGAGA,4.82907811999321
ERY,combined,reg,k_AACCTATTGA,4.829059982299805
ERY,combined,reg,k_AATGCCCACG,4.816600799560547
ERY,combined,reg,k_CGAGAAGGTC,4.806121063232422
ERY,combined,reg,k_AGGTGTTCTA,4.8043670654296875
ERY,combined,clf,k_GTCAGACGCA,4.763251876831054
ERY,combined,reg,k_ATAAACATAC,4.735629272460938
ERY,combined,reg,k_GCTCCCACTA,4.718260955810547
ERY,combined,reg,k_AGGGTCTACA,4.696063613891601
ERY,combined,reg,k_ATTCTAACGC,4.65914249420166
ERY,combined,reg,k_GCGTAAAATA,4.654472351074219
ERY,combined,reg,k_AGAAAGGTAC,4.635276794433594
ERY,combined,reg,k_CGACATCGGA,4.6344482421875
ERY,combined,reg,k_AAGGATTCTG,4.632047939300537
CLI,kmer,reg,k_GGGGTCCCGA,1282.5478515625
CLI,kmer,reg,k_AGTTTCGTCG,1010.088119506836
CLI,kmer,reg,k_ATTCCGCTGG,653.0689880371094
CLI,kmer,reg,k_CTCGGGACCC,578.1469451904297
CLI,kmer,reg,k_GCGCTCGGGA,412.92320556640624
CLI,kmer,reg,k_GCTGAATCGA,352.0236083984375
CLI,kmer,reg,k_AGAGGTCCCT,205.826904296875
CLI,kmer,reg,k_CAGTGACGTA,154.64776306152345
CLI,kmer,clf,k_GGGGTCCCGA,73.47716064453124
CLI,kmer,clf,k_CTCGGGACCC,71.94979248046874
CLI,kmer,clf,k_ATTCCGCTGG,59.94999465942382
CLI,kmer,reg,k_GTCAGACGCA,50.54142761230469
CLI,kmer,reg,k_CTACTGGCTA,49.78896484375
CLI,kmer,reg,k_GCACCAGTGC,46.51469259262085
CLI,kmer,clf,k_GCGCTCGGGA,44.46021728515625
CLI,kmer,clf,k_AGTTTCGTCG,42.79119338989258
CLI,kmer,reg,k_ATACGTTAGA,42.412042236328126
CLI,kmer,reg,k_CCCCGTAGGC,40.92440328598022
CLI,kmer,reg,k_ATGCGGTAAT,36.2703857421875
CLI,kmer,reg,k_AGACCTAATG,34.2383056640625
CLI,kmer,reg,k_TAATTCCGGA,33.923779296875
CLI,kmer,reg,k_ACAGGATCGG,32.0212646484375
CLI,kmer,reg,k_GGTTGTACAA,30.245355606079105
CLI,kmer,reg,k_AACGGAGCCT,28.85824890136719
CLI,kmer,reg,k_GGCGTGTCGA,27.741925048828126
CLI,kmer,reg,k_CGTTCATGTC,27.26691589355469
CLI,kmer,clf,k_GCTGAATCGA,26.385983276367188
CLI,kmer,reg,k_AAGTACCCCT,24.832916259765625
CLI,kmer,reg,k_CTACTTTGGC,23.404833984375
CLI,kmer,reg,k_AGTGAGTAGC,23.08975830078125
CLI,kmer,reg,k_GCGCAAGTAC,23.08575572967529
CLI,kmer,reg,k_GTGCTGTGGA,22.853208160400392
CLI,kmer,reg,k_GCCGCTAACA,21.38081283569336
CLI,kmer,reg,k_GACTACATAC,21.30352783203125
CLI,kmer,reg,k_ACGCCAAAGT,21.220867967605592
CLI,kmer,reg,k_AGCATAACTC,21.081655883789065
CLI,kmer,reg,k_AGCAAGCACC,20.047850608825684
CLI,kmer,reg,k_CCCGCAAATA,19.257373046875
CLI,kmer,reg,k_CAAATATAGA,19.044162583351138
CLI,kmer,reg,k_AGGCAATGCA,19.0009765625
CLI,kmer,clf,k_CTAAACGAGC,18.881912612915038
CLI,kmer,reg,k_CCTCCAGTCC,18.717534255981445
CLI,kmer,clf,k_CCCCGTAGGC,18.682816314697263
CLI,kmer,reg,k_CCATAAACCG,18.680539321899413
CLI,kmer,reg,k_CTGTCCATCC,17.54375
CLI,kmer,reg,k_AGCTCTAGGG,17.49768486022949
CLI,kmer,reg,k_CGCATTGTGA,17.348228454589844
CLI,kmer,reg,k_CTGGCCTCTC,17.14531707763672
CLI,kmer,reg,k_AGGGATAGGG,17.098086547851562
CLI,kmer,reg,k_ATGTTGTGTA,16.780419921875
CLI,kmer,reg,k_GTTGGCGCTA,16.707130432128906
CLI,kmer,reg,k_CCTATCTTGC,16.636503982543946
CLI,kmer,reg,k_AATTCCGGAG,16.517718029022216
CLI,kmer,reg,k_CGCTACAGTC,16.484780502319335
CLI,kmer,clf,k_CCCGACTGTC,16.375473022460938
CLI,kmer,reg,k_GCAAATATCA,16.333522891998292
CLI,kmer,reg,k_CTAAACGAGC,16.130016517639163
CLI,kmer,reg,k_AACTGCCACT,15.277482604980468
CLI,kmer,reg,k_AGGGTAGTTG,14.517029070854186
CLI,kmer,reg,k_AAGTAAACGG,14.343304443359376
CLI,kmer,clf,k_ATTGCCACAC,13.616592407226562
CLI,kmer,reg,k_ACGATGATAG,13.420865380764008
CLI,kmer,reg,k_CATATAAGGG,13.357217407226562
CLI,kmer,reg,k_ATAAGCCCTA,13.354014587402343
CLI,kmer,reg,k_AAACGCTAAT,12.927299563586711
CLI,kmer,reg,k_AGAGCGGCTG,12.916004943847657
CLI,kmer,reg,k_ACCCCCTACA,12.880523300170898
CLI,kmer,reg,k_AATATGAAGT,12.769677734375
CLI,kmer,reg,k_AGCACATCAG,12.759863674640657
CLI,kmer,clf,k_CAGTGACGTA,12.75848388671875
CLI,kmer,clf,k_TCACCGAACA,12.683254623413085
CLI,kmer,reg,k_GAACTTGTTA,12.594016647338869
CLI,kmer,reg,k_GCCTATGGCC,12.5577392578125
CLI,kmer,reg,k_ACCTCAACGC,12.514850902557374
CLI,kmer,reg,k_CCTTGGACGA,12.249951171875
CLI,kmer,reg,k_CAAGCACCAG,11.89287109375
CLI,kmer,reg,k_AATGGGCTTC,11.570522248744965
CLI,kmer,reg,k_AACAGATTAC,11.45302505493164
CLI,kmer,reg,k_ACTTAGTGAC,11.423291015625
CLI,kmer,reg,k_AAGCGGTGTC,11.298454284667969
CLI,kmer,reg,k_ACTCTGGAAC,11.191647338867188
CLI,kmer,reg,k_ACACCCATTG,11.051136875152588
CLI,kmer,reg,k_ATTATTCCGA,11.02405242919922
CLI,kmer,reg,k_ACTGGTATAC,10.919278287887572
CLI,kmer,reg,k_GGATACACAC,10.918165493011474
CLI,kmer,reg,k_AGGGGGGAAA,10.802517700195313
CLI,kmer,reg,k_ACTGAGCTCA,10.6173095703125
CLI,kmer,reg,k_GAAGGGTATA,10.55567626953125
CLI,kmer,reg,k_ACACCTCAAT,10.4630615234375
CLI,kmer,reg,k_CAGAAGTCCA,9.998101806640625
CLI,kmer,reg,k_AAGCACTCTA,9.925927734375
CLI,kmer,reg,k_AACGCTCTCT,9.913432216644287
CLI,kmer,reg,k_TATGGCGACA,9.882605013251306
CLI,kmer,reg,k_AACCCCGTTG,9.864721941575407
CLI,kmer,reg,k_CATATACAAG,9.74935302734375
CLI,kmer,reg,k_ACACCACAGA,9.633963680267334
CLI,kmer,reg,k_GAACTGCATA,9.5640625
CLI,kmer,reg,k_GATCCGTCCC,9.563278222084044
CLI,kmer,reg,k_AAACTCTAAG,9.523791491985321
CLI,kmer,reg,k_AGATCTAACG,9.512227821350098
CLI,kmer,reg,k_ATCGGTTAAC,9.493940448760988
CLI,kmer,reg,k_ACCTAGTCGC,9.44898567199707
CLI,kmer,reg,k_ACGTAGGAGA,9.390887451171874
CLI,kmer,reg,k_AGATCGGCAA,9.379779052734374
CLI,kmer,reg,k_ATAGCGTCAC,9.353238677978515
CLI,kmer,clf,k_ATCGGATAAG,9.299435818195343
CLI,kmer,reg,k_ATATGTCCGG,9.277525615692138
CLI,kmer,reg,k_GAGACCTGGA,9.266763305664062
CLI,kmer,reg,k_AAGATCGCAG,9.260205078125
CLI,kmer,reg,k_ATCCTCACCG,9.088424682617188
CLI,kmer,reg,k_CAACACAGGG,9.010170578956604
CLI,kmer,reg,k_ATTGCCACAC,8.924692535400391
CLI,kmer,reg,k_GCGGTCTCTA,8.90224609375
CLI,kmer,reg,k_AGGATCATTG,8.810267639160156
CLI,kmer,reg,k_GCGTTGACGA,8.570086187124252
CLI,kmer,reg,k_GCTTAGAGAA,8.397986473888158
CLI,kmer,reg,k_CGTCAGGACC,8.345899152755738
CLI,kmer,reg,k_CGGGGCAAGA,8.320511627197266
CLI,kmer,reg,k_CAGTTCTAAC,8.297555541992187
CLI,kmer,reg,k_CGTCAACGCC,8.29624924659729
CLI,kmer,reg,k_CACTATAGCA,8.190882873535156
CLI,kmer,reg,k_AAGTGCATAC,8.05087344646454
CLI,kmer,reg,k_ATAGTGGACA,7.962843322753907
CLI,kmer,reg,k_ACGATCTAGG,7.724951171875
CLI,kmer,reg,k_CCACAGCACA,7.65174560546875
CLI,kmer,reg,k_CTTGGGAGGC,7.641538095474243
CLI,kmer,reg,k_ATCGTGTATC,7.634152150154114
CLI,kmer,reg,k_TAAATGCACA,7.44947509765625
CLI,kmer,reg,k_CGCGGATTAA,7.41497631072998
CLI,kmer,reg,k_AAACCGCGAC,7.329033470153808
CLI,kmer,reg,k_GGAGACCTCC,7.320596313476562
CLI,kmer,reg,k_ACAACGCAAG,7.2918864488601685
CLI,kmer,reg,k_GAACTATCGC,7.230236053466797
CLI,kmer,reg,k_AGTCCGAACC,7.186123943328857
CLI,kmer,reg,k_AATGACTGAG,7.178697755932808
CLI,kmer,reg,k_CATTGGGTGA,7.038565754890442
CLI,kmer,reg,k_AGATCTATAA,7.013815069198608
CLI,kmer,reg,k_TCACCGAACA,6.919931411743164
CLI,kmer,reg,k_GGACCTCAAA,6.901877593994141
CLI,kmer,reg,k_CAGCCAACCG,6.88970947265625
CLI,kmer,reg,k_TGCTCTCCCA,6.777661895751953
CLI,kmer,clf,k_GATCCGTCCC,6.759914112091065
CLI,kmer,reg,k_AAGCACCAGT,6.743464660644531
CLI,kmer,reg,k_ACCTGATTCG,6.705609340965748
CLI,kmer,reg,k_ATTCCGATAG,6.701249265670777
CLI,kmer,reg,k_ACCCCCGTTG,6.679705810546875
CLI,kmer,reg,k_TCGTTATACA,6.66028938293457
CLI,kmer,clf,k_ACCACAGCAC,6.6346755027771005
CLI,kmer,clf,k_AGTCTAACTC,6.623504638671875
CLI,kmer,reg,k_ATTTATGATC,6.556781005859375
CLI,kmer,reg,k_TAATGGCGCA,6.53173828125
CLI,kmer,clf,k_CACAGTTACG,6.507871103286743
CLI,kmer,reg,k_ACGGGATATA,6.49940185546875
CLI,kmer,reg,k_AACTTACAGC,6.487995076179504
CLI,kmer,reg,k_CTATGCGCTC,6.23710298538208
CLI,kmer,reg,k_AAAGTAGGAC,6.159215439204126
CLI,kmer,reg,k_ATTGTACAAC,6.149772566556931
CLI,kmer,clf,k_AAGTGTGAGA,6.126998329162598
CLI,kmer,reg,k_GCAACTGCGA,6.07817268371582
CLI,kmer,reg,k_CCCTAAAGAC,6.058680725097656
CLI,kmer,reg,k_CAACGTAAGA,5.831568908691406
CLI,kmer,reg,k_AGTCGTACGA,5.814999771118164
CLI,kmer,reg,k_GCTAGCACAC,5.807955265045166
CLI,kmer,reg,k_AGAGGACATA,5.7262848019599915
CLI,kmer,reg,k_AAGTCCTAAG,5.7223876953125
CLI,kmer,reg,k_ACCACACTTG,5.717249870300293
CLI,kmer,reg,k_AGGTAGAATG,5.699122619628906
CLI,kmer,reg,k_AGTAGTGGTC,5.65284423828125
CLI,kmer,reg,k_CGGGAATGGA,5.65174560546875
CLI,kmer,reg,k_AAAATCCCGG,5.642515408992767
CLI,kmer,reg,k_TATCGTCTAA,5.61756591796875
CLI,kmer,reg,k_GACTTGTGAC,5.596427267789841
CLI,kmer,clf,k_ATACGTTAGA,5.594822692871094
CLI,kmer,reg,k_AGTGTATATA,5.551286315917968
CLI,kmer,reg,k_GTGATTCTAA,5.482368659973145
CLI,kmer,reg,k_CTCTGTTTAA,5.457531571388245
CLI,kmer,reg,k_AGTGGTTACC,5.45582160949707
CLI,kmer,reg,k_CGGACTAGAA,5.39879150390625
CLI,kmer,reg,k_GCAAGCGAAA,5.3618408203125
CLI,kmer,reg,k_CAAGCTTAGC,5.356162357330322
CLI,kmer,reg,k_AATACGCATA,5.3447021484375
CLI,kmer,reg,k_AGTTAAGTAC,5.284095764160156
CLI,kmer,reg,k_ACTTCGCTTA,5.238116073608398
CLI,kmer,clf,k_TCGACGAACA,5.233456420898437
CLI,kmer,reg,k_AGGATAGAGC,5.23208258152008
CLI,kmer,reg,k_CACATTGTAC,5.20193727016449
CLI,kmer,reg,k_CTAATGGTGA,5.194260954856873
CLI,kmer,reg,k_GAAACCATCC,5.186442923545837
CLI,kmer,reg,k_AGATACCCTC,5.18426399230957
CLI,kmer,reg,k_ATCTAGGGAA,5.170623779296875
CLI,kmer,reg,k_CTGATGTCGA,5.1536510467529295
CLI,kmer,reg,k_CCATAGCGCC,5.140142917633057
CLI,kmer,reg,k_ACGTCAGCAA,5.121002101898193
CLI,kmer,reg,k_AAAAGCGATC,5.056846690177918
CLI,kmer,reg,k_CAAGTGCGTC,5.056532192230224
CLI,kmer,reg,k_CATACTGCCC,5.055541229248047
CLI,kmer,clf,k_CCTATCTTGC,5.053628540039062
CLI,kmer,reg,k_AAGTCCGAAC,4.956956243515014
CLI,kmer,reg,k_CACCCATTGG,4.927157783508301
CLI,kmer,reg,k_ACCCTAATAT,4.891484344005585
CLI,combined,reg,k_CTCGGGACCC,1235.8196044921874
CLI,combined,reg,k_ATTCCGCTGG,839.8031494140625
CLI,combined,reg,k_AACAGAGGGT,749.3872186660766
CLI,combined,reg,k_GCGCTCGGGA,653.4882202148438
CLI,combined,reg,k_GGGGTCCCGA,584.088055419922
CLI,combined,reg,k_GTACCTGCGA,577.889794921875
CLI,combined,reg,k_AGTTTCGTCG,501.12900390625003
CLI,combined,reg,k_GCTGAATCGA,393.0137451171875
CLI,combined,reg,k_AGAGGTCCCT,223.236474609375
CLI,combined,reg,k_GCGTGCATAA,220.3473876953125
CLI,combined,reg,k_CACACTTTCC,178.33673095703125
CLI,combined,clf,k_CTCGGGACCC,110.6473388671875
CLI,combined,reg,k_CCCCGTAGGC,96.04714126586913
CLI,combined,reg,k_CAGTGACGTA,82.52845458984375
CLI,combined,reg,k_AGTAGACCAC,82.47246704101562
CLI,combined,reg,k_TCACCGAACA,76.15258407592773
CLI,combined,clf,k_ATTCCGCTGG,67.59130935668945
CLI,combined,reg,k_CCCGACTGTC,62.52116088867187
CLI,combined,reg,k_GTCAGACGCA,58.408203125
CLI,combined,reg,k_ACCCCCTACA,57.404205322265625
CLI,combined,reg,k_ACGCCAAAGT,52.79215552806854
CLI,combined,reg,k_CTAAACGAGC,50.66395568847656
CLI,combined,clf,k_GTACCTGCGA,43.57007751464844
CLI,combined,reg,k_AACTGCCACT,42.99244842529296
CLI,combined,reg,k_CGGATAACTA,37.36729431152344
CLI,combined,reg,k_GCCGCTAACA,37.13644542694092
CLI,combined,reg,k_GGTTGTACAA,36.05473670959473
CLI,combined,reg,k_GCATAACTCC,35.588983154296876
CLI,combined,reg,k_CGAAGCACAA,32.08341064453125
CLI,combined,reg,k_GCGACTATAC,31.3562255859375
CLI,combined,reg,k_TCGACGAACA,30.655759048461917
CLI,combined,reg,k_GTGCTGTGGA,30.62477340698242
CLI,combined,reg,k_GTGATGCAAC,30.252740478515626
CLI,combined,reg,k_GATCCGTCCC,30.180500984191895
CLI,combined,reg,k_ACTAAGGCGC,29.8863525390625
CLI,combined,reg,k_ATCGGATAAG,27.33581142425537
CLI,combined,reg,k_GGCGTGTCGA,27.3083984375
CLI,combined,reg,k_ATACGTTAGA,26.30378112792969
CLI,combined,clf,k_CCCCGTAGGC,25.5147705078125
CLI,combined,reg,k_GTCGGATAGA,25.259475708007812
CLI,combined,reg,k_ATAGGTAGCA,24.439982604980468
CLI,combined,reg,k_CATGTATGGC,24.380645751953125
CLI,combined,clf,k_AGTTTCGTCG,24.370332336425783
CLI,combined,reg,k_CAGTTCTAAC,23.7616455078125
CLI,combined,clf,k_GCGCTCGGGA,23.682075119018556
CLI,combined,clf,k_TCACCGAACA,23.473177623748782
CLI,combined,reg,k_GGAGACCTCC,23.16379508972168
CLI,combined,reg,k_ATCCCATTGC,22.116658020019532
CLI,combined,reg,k_AGCATAACTC,22.095829010009766
CLI,combined,reg,k_CGCATTGTGA,21.94048156738281
CLI,combined,reg,k_ATCTTGTCGC,21.877944946289062
CLI,combined,clf,k_CTAAACGAGC,21.72144393920898
CLI,combined,reg,k_AATTCGGCTC,21.3272216796875
CLI,combined,reg,k_AGACCACTCT,21.04839630126953
CLI,combined,reg,k_CTAGTTGTTA,20.62193603515625
CLI,combined,reg,k_CCATAAACCG,20.53953857421875
CLI,combined,reg,k_AAGCACCAGT,20.472270107269285
CLI,combined,clf,k_GCTGAATCGA,20.122235107421876
CLI,combined,reg,k_CAGTGACACA,20.099370574951173
CLI,combined,reg,k_AACGGAGCCT,20.0407958984375
CLI,combined,reg,k_GCGGCGACCA,19.89239501953125
CLI,combined,reg,k_CGTTCATGTC,18.68347034454346
CLI,combined,reg,k_CATTATGTTC,18.0653564453125
CLI,combined,clf,k_ACCCCCTACA,17.765631103515624
CLI,combined,reg,k_ATTGCCACAC,17.614183044433595
CLI,combined,reg,k_CTCAATGCGA,17.608349609375
CLI,combined,reg,k_CATATACAAG,17.459634399414064
CLI,combined,reg,k_AGGTTATTCC,17.28624267578125
CLI,combined,reg,k_CCTCCAGTCC,17.05331039428711
CLI,combined,reg,k_CTAATCGCAG,17.024310874938966
CLI,combined,reg,k_CTGGCCTCTC,16.99871826171875
CLI,combined,reg,k_AATTCCGGAG,16.97528991699219
CLI,combined,reg,k_CCGACATTAG,16.47381134033203
CLI,combined,reg,k_ACCACACTTG,15.80048828125
CLI,combined,reg,k_AGCCGCTAAC,15.695736312866211
CLI,combined,reg,k_GATATGGACC,15.50052490234375
CLI,combined,reg,k_AACGCTCTCT,15.215756702423096
CLI,combined,reg,k_ACCTAGTCGC,15.106631469726562
CLI,combined,reg,k_TAAATGCACA,14.856710815429688
CLI,combined,reg,k_ACAGGATCGG,14.789797973632812
CLI,combined,reg,k_AAATAGACCG,14.780580139160156
CLI,combined,reg,k_ACTAATAACT,14.46309758424759
CLI,combined,reg,k_AGGGGGGAAA,14.45306854248047
CLI,combined,reg,k_GCACTTATAA,14.353668212890625
CLI,combined,reg,k_GGGGTGAATA,14.34287109375
CLI,combined,clf,k_ATTGCCACAC,14.341952514648437
CLI,combined,reg,k_GCAACTCTGC,14.278643798828124
CLI,combined,reg,k_GACTACATAC,14.123715591430665
CLI,combined,reg,k_ATCCGGTTTA,14.013677978515625
CLI,combined,reg,k_GCCCTACAGC,13.946471023559571
CLI,combined,reg,k_GAACTTGTTA,13.798605346679688
CLI,combined,reg,k_CCGACTCATA,13.744444274902344
CLI,combined,reg,k_ACCTCAACGC,13.736849212646485
CLI,combined,reg,k_GCACCAGTGC,13.090869331359864
CLI,combined,reg,k_ATTCACGTCC,12.91399803161621
CLI,combined,reg,k_AATATGAAGT,12.761474609375
CLI,combined,reg,k_CCGCTCTTTA,12.707177734375
CLI,combined,reg,k_AACAATGTCG,12.640563201904296
CLI,combined,reg,k_CGTAGCGAAC,12.549822998046874
CLI,combined,reg,k_ACGAGAGGAA,12.419189453125
CLI,combined,reg,k_AATAACACAC,11.99022979736328
CLI,combined,reg,k_CACAGTTACG,11.925864791870119
CLI,combined,reg,k_ATTCAATAAG,11.871812438964843
CLI,combined,reg,k_GTCCCCAATA,11.699165439605713
CLI,combined,reg,k_CGCCCAAGGC,11.600784301757812
CLI,combined,reg,k_ATGGAACGTC,11.48712158203125
CLI,combined,reg,k_GCGTTGACGA,11.3842538356781
CLI,combined,reg,k_AGTCCGAACC,11.300747680664063
CLI,combined,reg,k_AAACCGCGAC,11.238029670715331
CLI,combined,reg,k_ATAACTGCGG,11.123023223876952
CLI,combined,reg,k_TCGTTATACA,10.8556884765625
CLI,combined,reg,k_CGTCAACGCC,10.836175680160522
CLI,combined,reg,k_ATAATCGAAG,10.822220849990845
CLI,combined,reg,k_ATATGTCCGG,10.779193019866943
CLI,combined,reg,k_AGTGTAGCCC,10.77613525390625
CLI,combined,reg,k_ACAGCACTAA,10.3959228515625
CLI,combined,reg,k_AACCACTAGT,10.30438232421875
CLI,combined,clf,k_ATACGTTAGA,9.88285140991211
CLI,combined,reg,k_CTACTTTGGC,9.821096801757813
CLI,combined,reg,k_GGGTAAGTTA,9.725449275970458
CLI,combined,reg,k_GCAAATATCA,9.617428588867188
CLI,combined,clf,k_CACACTTTCC,9.52899398803711
CLI,combined,reg,k_CGACTATCGC,9.34381103515625
CLI,combined,reg,k_AAAACCGCCC,9.192093658447266
CLI,combined,reg,k_CCTGGGAGAC,9.132514190673827
CLI,combined,reg,k_ATACATGTCC,9.104294300079346
CLI,combined,clf,k_CAGTGACGTA,9.035020446777343
CLI,combined,clf,k_GCGTGCATAA,8.924662780761718
CLI,combined,reg,k_CATAGGGGGG,8.887252807617188
CLI,combined,reg,k_ATGTAACTAC,8.789283752441406
CLI,combined,reg,k_AGCTCTAGGG,8.782423973083496
CLI,combined,reg,k_AGAGCGCATG,8.781356811523438
CLI,combined,reg,k_GACGATTTAA,8.70506591796875
CLI,combined,reg,k_CCACAGCACA,8.704464721679688
CLI,combined,clf,k_AGTAGACCAC,8.689625549316407
CLI,combined,reg,k_AAAGTGGCTC,8.491863346099853
CLI,combined,reg,k_AGAAACCCTA,8.48597412109375
CLI,combined,reg,k_ACCACAGCAC,8.3107177734375
CLI,combined,reg,k_TCCTGACGCA,8.30139102935791
CLI,combined,reg,k_CAAGCACCAG,8.223170471191406
CLI,combined,reg,k_CAAAGGCTCG,7.99295539855957
CLI,combined,reg,k_ATTACGCACA,7.868553924560547
CLI,combined,reg,k_CTAATGGTGA,7.853943634033204
CLI,combined,reg,k_CACCCATTGG,7.843251037597657
CLI,combined,reg,k_CCGAGCTCTC,7.7491394042968755
CLI,combined,reg,k_CACCAGTGCA,7.749085235595703
CLI,combined,reg,k_AGTGATTCAC,7.717613220214844
CLI,combined,reg,k_GGCCTGGTAC,7.666108703613281
CLI,combined,reg,k_TAGATACACA,7.605472373962403
CLI,combined,reg,k_CGGCAATTAC,7.563053131103516
CLI,combined,reg,k_AGCAAGCACC,7.414967632293702
CLI,combined,reg,k_AGCTAAGCTC,7.401782155036926
CLI,combined,reg,k_CGGCTAATTC,7.388508605957031
CLI,combined,reg,k_CCATGTATAA,7.337375640869141
CLI,combined,reg,k_CAGAGCAACC,7.234613227844238
CLI,combined,reg,k_ACACCCATTG,7.220687675476075
CLI,combined,reg,k_ATCCGAGATC,7.214865398406983
CLI,combined,clf,k_TCGACGAACA,7.206073760986328
CLI,combined,reg,k_ACTGATCATG,7.1902107238769535
CLI,combined,reg,k_AGTACGTCAG,7.019161808490754
CLI,combined,reg,k_CAAGTGGTCC,6.823936808109283
CLI,combined,reg,k_ATGTCAGACG,6.8070165634155275
CLI,combined,reg,k_AGAGCGGCTG,6.778047180175781
CLI,combined,reg,k_CACAATACAG,6.766264629364013
CLI,combined,reg,k_ATCACCTGCG,6.766151571273804
CLI,combined,reg,k_ACGAGAAGCC,6.7522224426269535
CLI,combined,reg,k_AACCCCGTTG,6.706309509277344
CLI,combined,reg,k_CATTGGGTGA,6.70031840801239
CLI,combined,reg,k_AGCACCAGTG,6.666337585449218
CLI,combined,reg,k_GACTTGTGAC,6.655121231079102
CLI,combined,reg,k_ACCGTAAAGC,6.643670654296875
CLI,combined,reg,k_AATCGTTCAC,6.576341247558593
CLI,combined,reg,k_AGTAGGTATA,6.528483963012695
CLI,combined,reg,k_GCTGCTTACA,6.508512735366821
CLI,combined,reg,k_TATCTGAACA,6.474982452392578
CLI,combined,reg,k_CCAGAGGTTA,6.460231018066406
CLI,combined,reg,k_GACTGTAGGC,6.425300598144531
CLI,combined,reg,k_GCAAGCACCA,6.41234655380249
CLI,combined,reg,k_AGGAACGGAG,6.376329267024993
CLI,combined,reg,k_AGGACGATAA,6.331596720218658
CLI,combined,reg,k_CGTCAGGACC,6.323581314086914
CLI,combined,reg,k_GTGATTCTAA,6.292776107788086
CLI,combined,reg,k_AACAGAGAAC,6.268364429473877
CLI,combined,reg,k_ACGTGCTTGC,6.213986778259278
CLI,combined,reg,k_GCTAGTACTA,6.1959228515625
CLI,combined,reg,k_GAGCAGAGCA,6.195779037475586
CLI,combined,reg,k_AGTATTCTCG,6.178961181640625
CLI,combined,reg,k_AGTCTTACAG,6.089663314819336
CLI,combined,reg,k_AAAACAACGG,6.08806300163269
CLI,combined,reg,k_ACGTCAGCAA,6.058226871490478
CLI,combined,reg,k_AGTAGAGATC,6.000392055511474
CLI,combined,reg,k_AAGCTGCGGG,5.930107879638672
CLI,combined,reg,k_CGTACGATAC,5.917628967761994
CLI,combined,reg,k_AGTTCCGAAA,5.917078590393066
CLI,combined,reg,k_GTAGGGGGTA,5.795999145507812
CLI,combined,reg,k_GCGCCCAAAA,5.702319335937499
CLI,combined,reg,k_ATCGGTTAAC,5.684710693359375
CLI,combined,reg,k_CTACCAATAA,5.681844329833984
CLI,combined,reg,k_AACATGAACG,5.636555993556977
CLI,combined,reg,k_GTCTAAACTA,5.603260803222656
LVX,kmer,reg,k_ATTAATGTTA,2.1919204711914064
LVX,kmer,reg,k_GGGTGGTACA,1.8749971389770508
LVX,kmer,reg,k_TAAGGGCCAA,1.8223290920257567
LVX,kmer,reg,k_GCAATTAGAC,1.814279556274414
LVX,kmer,reg,k_AGACATTAAT,1.6535990178585052
LVX,kmer,reg,k_CCACGCTCTC,1.6402706861495973
LVX,kmer,reg,k_ATCTAGTTCC,1.592591333389282
LVX,kmer,reg,k_ATCACAATAG,1.5874655723571778
LVX,kmer,reg,k_AGTCAAGACG,1.5399308443069457
LVX,kmer,reg,k_GACGGGTCTA,1.4787753105163575
LVX,kmer,reg,k_AAGCCCACAA,1.4401304244995117
LVX,kmer,reg,k_ACCTAGCGAG,1.4304500579833985
LVX,kmer,reg,k_CCTAGGCAAA,1.398918914794922
LVX,kmer,reg,k_CCGCTACAGC,1.3934256911277771
LVX,kmer,reg,k_ACAGTCCGAA,1.392350125312805
LVX,kmer,reg,k_GATCGGCAGA,1.3915751457214356
LVX,kmer,reg,k_GATGCCTGCC,1.380359172821045
LVX,kmer,reg,k_CGGAATTACA,1.3275447845458985
LVX,kmer,reg,k_ACGGGTCTAC,1.3121156454086302
LVX,kmer,reg,k_GTTCATACTA,1.299209403991699
LVX,kmer,reg,k_AACTAAAGCG,1.271418523788452
LVX,kmer,reg,k_AGGCGACTAT,1.2634639739990234
LVX,kmer,reg,k_AACACACTAT,1.2369733810424806
LVX,kmer,reg,k_ATACAATACA,1.2178375482559205
LVX,kmer,reg,k_CATAAACGAA,1.2063276290893554
LVX,kmer,reg,k_CCTGCCCAGA,1.153533363342285
LVX,kmer,reg,k_ATTGGGGCTA,1.1514271736145019
LVX,kmer,reg,k_GATGATCTAC,1.1400456428527832
LVX,kmer,reg,k_CCTTAATTGC,1.108144572377205
LVX,kmer,reg,k_CGGCACTTTC,1.0886514663696287
LVX,kmer,reg,k_CGGGTCTACA,1.07101993560791
LVX,kmer,reg,k_AGCTGTAGCG,1.0681792497634888
LVX,kmer,reg,k_TAACGTCATA,1.0586497724056243
LVX,kmer,reg,k_AGAAACCGCC,1.049976432323456
LVX,kmer,reg,k_ACAGTACTGC,1.0371309280395509
LVX,kmer,reg,k_ACCTGGTTAA,1.0189315319061278
LVX,kmer,reg,k_GAATACAGCA,1.0062125682830811
LVX,kmer,reg,k_ACACTAAGCC,0.9693868637084961
LVX,kmer,reg,k_AAAGCCCAGG,0.9568436622619629
LVX,kmer,reg,k_ATAGTGAGCC,0.9525655746459961
LVX,kmer,reg,k_GAGCGTTATC,0.9188030958175659
LVX,kmer,reg,k_AGTTCTCAGA,0.8784270763397216
LVX,kmer,reg,k_CTGACACGAC,0.8456738948822021
LVX,kmer,reg,k_GTAGCCCCTA,0.8448551177978516
LVX,kmer,reg,k_ACCTCCCAAG,0.8359700232744217
LVX,kmer,reg,k_CTAATGAATA,0.8257853507995605
LVX,kmer,reg,k_TGGCGTACAA,0.8185583114624023
LVX,kmer,reg,k_AGTCTAGATA,0.802923583984375
LVX,kmer,reg,k_CTAATCGTAG,0.7799081129953265
LVX,kmer,reg,k_GTCCGGAAGA,0.7785207748413085
LVX,kmer,reg,k_ATATACTTCG,0.7780670642852783
LVX,kmer,reg,k_GATTCACTCC,0.7670413017272949
LVX,kmer,reg,k_AGGATAGCCG,0.7547981381416321
LVX,kmer,reg,k_ACTAATCAGA,0.7522140502929687
LVX,kmer,reg,k_CACGTGCGAC,0.7415586113929749
LVX,kmer,reg,k_AATTTGTACT,0.7392975926399231
LVX,kmer,reg,k_TACATCTGAA,0.7387561321258544
LVX,kmer,reg,k_ACCAAGGATC,0.7384578704833984
LVX,kmer,reg,k_AAGCCGACGC,0.7292958736419677
LVX,kmer,reg,k_CCAAGGAGAC,0.7260385990142822
LVX,kmer,reg,k_AGGACGGTTG,0.7176692366600036
LVX,kmer,reg,k_AATCATGCGG,0.710283613204956
LVX,kmer,reg,k_ACGGCCGACA,0.7075065612792969
LVX,kmer,reg,k_AAGGGTTATT,0.7072549343109131
LVX,kmer,reg,k_GCAAGTACTA,0.699737548828125
LVX,kmer,reg,k_CGTTCTCAGC,0.6925294876098633
LVX,kmer,reg,k_CAACACAGGG,0.6774218797683715
LVX,kmer,reg,k_AATTACTGTG,0.6755060195922852
LVX,kmer,reg,k_AACGTAAGCT,0.6719694614410401
LVX,kmer,reg,k_ACGATTTAAC,0.6657202363014222
LVX,kmer,reg,k_GTGTCTACCA,0.6653664112091064
LVX,kmer,reg,k_AGGTATGAAT,0.6558232784271241
LVX,kmer,reg,k_AAAATTCGAG,0.6520135402679443
LVX,kmer,reg,k_GGAATGTAGA,0.6462721884250641
LVX,kmer,reg,k_ACATACGGAG,0.6421593189239502
LVX,kmer,reg,k_CAATGGGGGG,0.6388271272182464
LVX,kmer,reg,k_GCTTAAGTAC,0.632768964767456
LVX,kmer,reg,k_CCTACTTAAC,0.6226274490356445
LVX,kmer,reg,k_ACTTTGGACG,0.6070199489593506
LVX,kmer,reg,k_ATGCTGAGGC,0.6019791603088378
LVX,kmer,reg,k_CAACGAGTGC,0.5976817071437835
LVX,kmer,reg,k_CGTAACCTAG,0.5930367946624756
LVX,kmer,reg,k_AGTACTAGTG,0.5904191136360168
LVX,kmer,reg,k_ACGGAAGTAC,0.5903863623738289
LVX,kmer,reg,k_GATATATCGC,0.5892702579498291
LVX,kmer,reg,k_GGGAGATCTA,0.5801196098327637
LVX,kmer,reg,k_CGAGTGAGGA,0.5748366832733154
LVX,kmer,reg,k_CCCGCCTCAA,0.5716522216796875
LVX,kmer,reg,k_AACCATCGAG,0.5607865333557129
LVX,kmer,reg,k_CCGGAAAAAC,0.5580837234854698
LVX,kmer,reg,k_ACCTGTAAGC,0.5551060199737549
LVX,kmer,reg,k_ATCTCAATTA,0.5543813228607177
LVX,kmer,reg,k_ATGCGCTCAA,0.5370555579662324
LVX,kmer,reg,k_GTCTTCCGAA,0.5356176897883416
LVX,kmer,reg,k_ACTATAGTAT,0.5339783817529677
LVX,kmer,reg,k_ATTATGGACC,0.5320464134216308
LVX,kmer,reg,k_ATGGAGGGGA,0.5313161849975586
LVX,kmer,reg,k_CGGTTAGCTC,0.5298775672912598
LVX,kmer,reg,k_ATTATTCACC,0.5297799497842789
LVX,kmer,reg,k_GCCTATGGCC,0.5272046089172363
LVX,kmer,reg,k_AGCGTCTGGA,0.5266593396663666
LVX,kmer,reg,k_ACAGAACCCG,0.5249398708343506
LVX,kmer,reg,k_CATTAGTCAC,0.5237142682075501
LVX,kmer,reg,k_GATCCATAAC,0.5233459174633026
LVX,kmer,reg,k_ATTGGGGGTC,0.5226856231689453
LVX,kmer,reg,k_AGGTTTACGC,0.5218484401702881
LVX,kmer,reg,k_TCAGCGTCAA,0.5217631816864013
LVX,kmer,reg,k_AAACAACATG,0.5128851532936096
LVX,kmer,reg,k_ACCTGTTTAG,0.5112918217200786
LVX,kmer,reg,k_CATCCAGGAA,0.5081106662750244
LVX,kmer,reg,k_AACAGGCGAT,0.5073087692260743
LVX,kmer,reg,k_CAGCGCCGGC,0.5044064998626709
LVX,kmer,reg,k_GAGGAGAGCA,0.5025198221206665
LVX,kmer,reg,k_ATACGGGAAC,0.4994954764842987
LVX,kmer,reg,k_ATGTGTATAC,0.4976814406341873
LVX,kmer,reg,k_AACTCGTGCG,0.49477519989013674
LVX,kmer,reg,k_GGGGGCTATA,0.49280877113342286
LVX,kmer,reg,k_ATATATATAT,0.4880333304405212
LVX,kmer,reg,k_AATGTCATAT,0.48592807054519654
LVX,kmer,reg,k_AGTAGAGATC,0.48368998765945437
LVX,kmer,reg,k_AAGTTACATC,0.48048648834228513
LVX,kmer,reg,k_CGGAAACACC,0.47851200103759767
LVX,kmer,reg,k_TCGCCCTAAA,0.47600928544998167
LVX,kmer,reg,k_CACCGATCAA,0.4718958377838135
LVX,kmer,reg,k_ACATAGACAC,0.47136760950088497
LVX,kmer,reg,k_CGTCGGCTTC,0.46950519979000094
LVX,kmer,reg,k_ACGTTCTCCT,0.4693313479423523
LVX,kmer,reg,k_AAGTCGCCAA,0.46725615262985226
LVX,kmer,reg,k_AGTCTTCCGA,0.4661325193941593
LVX,kmer,reg,k_AAAGGGGCTC,0.4599877473898232
LVX,kmer,reg,k_AACCAGTGCG,0.45985713601112366
LVX,kmer,reg,k_AGCTGTCCGA,0.4589730069041252
LVX,kmer,reg,k_ACCAGGGGAG,0.45890007019042967
LVX,kmer,reg,k_AACGAAGTAT,0.45632071495056153
LVX,kmer,reg,k_AAGTACTAGT,0.45601431578397755
LVX,kmer,reg,k_ATTTCTCGCC,0.45597476959228517
LVX,kmer,reg,k_GATGTACACA,0.4558880805969238
LVX,kmer,reg,k_AAACCTCTGC,0.4534644722938538
LVX,kmer,reg,k_CAGGCGCTAA,0.45057501792907717
LVX,kmer,reg,k_AGGATACACA,0.4479726791381836
LVX,kmer,reg,k_ATCTTGCGCA,0.44791665077209475
LVX,kmer,reg,k_CGAACAGGTA,0.4478974342346192
LVX,kmer,reg,k_GTAGGCATAC,0.4477872014045715
LVX,kmer,reg,k_AAACGCCTTT,0.44691697359085086
LVX,kmer,reg,k_AGGACGATAA,0.44486225843429567
LVX,kmer,reg,k_TGAGCAGACA,0.44475431442260743
LVX,kmer,reg,k_ATTCGCTTCA,0.4418381690979004
LVX,kmer,reg,k_GGACAATAGA,0.4411786556243896
LVX,kmer,reg,k_ACGATGATAG,0.44043960571289065
LVX,kmer,reg,k_AAGCCTACAG,0.43683348298072816
LVX,kmer,reg,k_CGGTACAACC,0.433880615234375
LVX,kmer,reg,k_GATCATGGTA,0.4333226203918457
LVX,kmer,reg,k_ACATCACTAT,0.4331036448478699
LVX,kmer,reg,k_GACTTGTGAC,0.4325975894927978
LVX,kmer,reg,k_AGGTTATTCC,0.4322639465332031
LVX,kmer,reg,k_AATGCGACCT,0.42938907146453853
LVX,kmer,reg,k_ACCAGTGCAT,0.4289927840232849
LVX,kmer,reg,k_CGCTGAGGTA,0.4275194197893143
LVX,kmer,reg,k_CAGTCAATCG,0.42597160339355467
LVX,kmer,reg,k_CAGCATGCTC,0.42405689954757686
LVX,kmer,reg,k_CATAGGTAAG,0.4233891487121582
LVX,kmer,reg,k_CTTCACCTTA,0.42221708297729493
LVX,kmer,reg,k_GGTTCAATAA,0.42189295887947087
LVX,kmer,reg,k_TCAGTACAGA,0.4202749505639076
LVX,kmer,reg,k_ATGCGGTTTA,0.4202317237854004
LVX,kmer,reg,k_GCCGGAAAAA,0.4158758699893952
LVX,kmer,reg,k_AGTTAATCGC,0.4126231804490089
LVX,kmer,reg,k_ATTCAGACGC,0.41207242012023926
LVX,kmer,reg,k_GAATGGGCTA,0.4103103160858154
LVX,kmer,reg,k_ACGGCTTCGC,0.40889544486999513
LVX,kmer,reg,k_TCTGAGCTAA,0.40864014625549316
LVX,kmer,reg,k_ACCCACACCC,0.40828647613525393
LVX,kmer,reg,k_CACAGCACTA,0.40688114166259765
LVX,kmer,reg,k_ACACGATTCC,0.4067264080047608
LVX,kmer,reg,k_AGCTCTCACG,0.40612382888793946
LVX,kmer,reg,k_TAAACATGCA,0.4045054316520691
LVX,kmer,reg,k_ACCTGCGAAG,0.4036157637834549
LVX,kmer,reg,k_TCAAATGTGA,0.40075365304946897
LVX,kmer,reg,k_AGGGGACTTA,0.39888663291931153
LVX,kmer,reg,k_CTCGAGAAAG,0.39831128120422366
LVX,kmer,reg,k_AGCGTTTACC,0.3974195957183838
LVX,kmer,reg,k_CAGACGCTTA,0.39574518203735354
LVX,kmer,reg,k_CCGATTCAGA,0.39432724565267563
LVX,kmer,reg,k_CTCTCTACCA,0.3925026861950755
LVX,kmer,reg,k_AGGACCAGAC,0.39126296043395997
LVX,kmer,reg,k_AGGAGGGGTA,0.39075387120246885
LVX,kmer,reg,k_ATTCAGTGAA,0.39074268341064455
LVX,kmer,reg,k_AAAAGGGCTC,0.38392136096954343
LVX,kmer,reg,k_AGTCATGTAT,0.3809006094932556
LVX,kmer,reg,k_CATTGTCTGG,0.3782474517822266
LVX,kmer,reg,k_ACTCCCCGGA,0.3767909988760948
LVX,kmer,reg,k_GTACTACCTA,0.37501978874206543
LVX,kmer,reg,k_CTCTCTTATA,0.37418922781944275
LVX,kmer,reg,k_CCACATCGGA,0.37363630831241607
LVX,kmer,reg,k_ATCTTTCCCG,0.3735826127231121
LVX,kmer,reg,k_AACTTTTCGT,0.37242627143859863
LVX,kmer,reg,k_AAGCTGAGGC,0.37142179906368256
LVX,kmer,reg,k_CACGGAATTA,0.3695309221744537
LVX,kmer,reg,k_TGATGATGCA,0.3681819438934326
LVX,kmer,reg,k_AATTGGGGGT,0.36761735975742343
LVX,combined,reg,k_TAAGGGCCAA,3.438460445404053
LVX,combined,reg,k_ACGGGTCTAC,2.579835557937622
LVX,combined,reg,k_ATACAATACA,2.5634633183479307
LVX,combined,reg,k_ATTGGGGCTA,2.543587327003479
LVX,combined,reg,k_ATTAATGTTA,2.1919204711914064
LVX,combined,reg,k_ACCTGGTTAA,2.1417568206787108
LVX,combined,reg,k_CTGACACGAC,2.025992751121521
LVX,combined,reg,k_CGGAATTACA,1.6850173950195313
LVX,combined,reg,k_AACTAAAGCG,1.6824921131134034
LVX,combined,reg,k_TAACGTCATA,1.6139935493469237
LVX,combined,reg,k_AGTCAAGACG,1.6103951930999756
LVX,combined,reg,k_AATGCTTAGT,1.5286606192588807
LVX,combined,reg,k_TCGGTTAGAA,1.510793113708496
LVX,combined,reg,k_CACTCGGTCA,1.4583444118499755
LVX,combined,reg,k_AAGCCCACAA,1.4401304244995117
LVX,combined,reg,k_GTTCATACTA,1.4182116031646728
LVX,combined,reg,k_CCACGCTCTC,1.3684332370758057
LVX,combined,reg,k_AACACACTAT,1.209284496307373
LVX,combined,reg,k_CCAAGGAGAC,1.1175564765930175
LVX,combined,reg,k_TGGCGAGAAA,1.1155630111694337
LVX,combined,reg,k_CCGCTACAGC,1.0675922214984894
LVX,combined,reg,k_AGACATTAAT,1.060037750005722
LVX,combined,reg,k_ACATACGGAG,1.0169169425964355
LVX,combined,reg,k_CAGGTCGACA,1.0146941184997558
LVX,combined,reg,k_CAGTATTAGG,1.0098347187042236
LVX,combined,reg,k_CGGCACTTTC,1.0066744059324264
LVX,combined,reg,k_GAAAGTGTAC,0.9686689853668213
LVX,combined,reg,k_GCAATTAGAC,0.9586582183837891
LVX,combined,reg,k_GATCCGAATC,0.9432988151907921
LVX,combined,reg,k_AGGCTGACCC,0.9219616889953614
LVX,combined,reg,k_GGGAGATCTA,0.9043228030204773
LVX,combined,reg,k_GGGGGCTATA,0.8901511192321777
LVX,combined,reg,k_CATCCAGGAA,0.8867729187011719
LVX,combined,reg,k_AAACCCCTGA,0.884799575805664
LVX,combined,reg,k_AAAGCCCAGG,0.8747596740722656
LVX,combined,reg,k_GGGAAGGCAA,0.8544779777526855
LVX,combined,reg,k_ATATGACGAG,0.8498971939086915
LVX,combined,reg,k_AGCCCCACGC,0.840322756767273
LVX,combined,reg,k_AGAAACCGCC,0.8384340763092041
LVX,combined,reg,k_ATTTACATCC,0.829279613494873
LVX,combined,reg,k_TGGCGTACAA,0.8285354614257813
LVX,combined,reg,k_GGGTGGTACA,0.8210747182369232
LVX,combined,reg,k_GAAGCGTGGA,0.8152958869934082
LVX,combined,reg,k_GTATATAGAC,0.8001068115234375
LVX,combined,reg,k_GTAGCCCCTA,0.7857253551483154
LVX,combined,reg,k_GTCCGGAAGA,0.7770884037017822
LVX,combined,reg,k_AAGAATCGAG,0.7659636974334717
LVX,combined,reg,k_CCCTAATGTC,0.7638882160186767
LVX,combined,reg,k_TATACGGTAA,0.75129075050354
LVX,combined,reg,k_ACTCCCGAAT,0.7477674126625061
LVX,combined,reg,k_CAACGAGTGC,0.7329865217208862
LVX,combined,reg,k_ACCAAGGATC,0.7292685568332672
LVX,combined,reg,k_ACGATTTAAC,0.7257091999053955
LVX,combined,reg,k_CCTAGGCAAA,0.7214070796966553
LVX,combined,reg,k_AAGCCGACGC,0.7170815646648407
LVX,combined,reg,k_TGCGCTCAAA,0.7120199799537659
LVX,combined,reg,k_ACCTGTAAGC,0.7104691505432129
LVX,combined,reg,k_ACGACAGAAT,0.7022980213165283
LVX,combined,reg,k_CCCCTATGGA,0.7010742664337158
LVX,combined,reg,k_AGTGTAGCCC,0.7005649268627167
LVX,combined,reg,k_AAGTACTAGT,0.686367192864418
LVX,combined,reg,k_AGCTGTAGCG,0.6833714962005615
LVX,combined,reg,k_GCTTAAGTAC,0.67674880027771
LVX,combined,reg,k_ATGTATGATA,0.6649928689002991
LVX,combined,reg,k_ACCTAATAGA,0.6636058896780014
LVX,combined,reg,k_ATACTGCAGC,0.6619447350502013
LVX,combined,reg,k_ACGGCTCCCT,0.6405951499938964
LVX,combined,reg,k_TACATGAAGA,0.6287767887115479
LVX,combined,reg,k_AATTTGTACT,0.6284428596496582
LVX,combined,reg,k_AGGCTCCATC,0.6270136833190918
LVX,combined,reg,k_CATGTCACGC,0.6084109306335449
LVX,combined,reg,k_CAACACAGGG,0.6054829359054565
LVX,combined,reg,k_ACAGTCCGAA,0.6050211668014527
LVX,combined,reg,k_ATGTTTAGCC,0.6012008905410767
LVX,combined,reg,k_AGGCCGTCTG,0.5974334716796875
LVX,combined,reg,k_GAATACAGCA,0.5934860706329346
LVX,combined,reg,k_AGAGTAACTC,0.5884637832641602
LVX,combined,reg,t_serotype_15B,0.583800733089447
LVX,combined,reg,k_CCGACTTAAC,0.5727261543273926
LVX,combined,reg,t_serotype_NVT,0.5712629437446595
LVX,combined,reg,k_CGAGTTACTA,0.5689400196075439
LVX,combined,reg,k_CGGGTCTACA,0.5689001083374023
LVX,combined,reg,k_CATATCTAGA,0.5679892390966416
LVX,combined,reg,k_TCCGTTTAAA,0.5602738440036774
LVX,combined,reg,k_ATAATTAGTC,0.5513350009918213
LVX,combined,reg,k_AAGCTCGAGA,0.5494681596755981
LVX,combined,reg,k_ATATAAATCC,0.5467950820922851
LVX,combined,reg,k_ATGCTTCTAC,0.5440166592597961
LVX,combined,reg,k_GTAAAATCGA,0.5427845239639282
LVX,combined,reg,k_AGCTATAAGA,0.5406237840652466
LVX,combined,reg,k_GCCGGAGAAA,0.5395204544067382
LVX,combined,reg,k_AGTCAGCTTA,0.5387199804186821
LVX,combined,reg,k_AAACCACCCG,0.538445234298706
LVX,combined,reg,k_ATTATTCGAC,0.5348918914794922
LVX,combined,reg,k_AGAGGACGCC,0.5340827941894531
LVX,combined,reg,k_ACTCGTTGAT,0.5332653522491455
LVX,combined,reg,k_CGTTCAGTAG,0.5312675476074219
LVX,combined,reg,k_AGTGTGGTAT,0.5309751510620118
LVX,combined,reg,k_ACTTTGGACG,0.5302552700042724
LVX,combined,reg,k_ACCCAACCAG,0.5232079878449439
LVX,combined,reg,k_ATTATGGACC,0.5214646697044373
LVX,combined,reg,k_ATCTTGCGCA,0.5159283638000488
LVX,combined,reg,k_GACTTGTGAC,0.5116395980119705
LVX,combined,reg,k_CCATAACTCC,0.506625022739172
LVX,combined,reg,k_AAGGATTCTG,0.506544542312622
LVX,combined,reg,k_ACCCTATTCA,0.4950188159942627
LVX,combined,reg,k_GAGTCACTCA,0.4935611248016357
LVX,combined,reg,k_AAGTAGGGCG,0.4865999955683946
LVX,combined,reg,k_AAAAGATCGT,0.4862822622060776
LVX,combined,reg,k_CCTTAATTGC,0.48608108311891557
LVX,combined,reg,k_GCTGTAAACC,0.4832025900483131
LVX,combined,reg,k_CGGAAACACC,0.48278074264526366
LVX,combined,reg,k_GCCGGAAAAA,0.47479501068592067
LVX,combined,reg,k_AGCCTCAGCA,0.4731940031051636
LVX,combined,reg,k_CATAAACGAA,0.4716834664344788
LVX,combined,reg,k_AGTGCTTGCG,0.47098426818847655
LVX,combined,reg,k_CACCGATCAA,0.4699429988861084
LVX,combined,reg,k_CGAACAGGTA,0.4691680312156677
LVX,combined,reg,k_GCCTATGGCC,0.4690372943878174
LVX,combined,reg,k_AGTACTAGTG,0.4683928072452545
LVX,combined,reg,k_ATTTGTACTG,0.46669833660125737
LVX,combined,reg,k_AACCATGCGC,0.46405622661113743
LVX,combined,reg,k_CAGTTACGGA,0.4629936218261719
LVX,combined,reg,k_CCTAGGTGCA,0.4624874234199524
LVX,combined,reg,k_CAACCAGTGC,0.4623600959777832
LVX,combined,reg,k_GGTGACGCTA,0.4607177972793579
LVX,combined,reg,k_AGCGCTAATG,0.45853338241577146
LVX,combined,reg,k_ACCTGTCTCC,0.45639538764953613
LVX,combined,reg,k_CTTGCCTAAC,0.45062103271484377
LVX,combined,reg,k_AGAGGGAACA,0.44835338592529295
LVX,combined,reg,k_CATGGTGTTA,0.4467092856764794
LVX,combined,reg,k_CCTCAGGAGC,0.44570076949894427
LVX,combined,reg,k_ATGCAACACC,0.44374237060546873
LVX,combined,reg,k_ATATAGGAAT,0.4432012379169464
LVX,combined,reg,k_ACTGGCCTCT,0.43851637840270996
LVX,combined,reg,k_GACTGTGACA,0.438491153717041
LVX,combined,reg,k_CTAATCGTAG,0.43748771846294404
LVX,combined,reg,k_ATATTACTAC,0.43701171875
LVX,combined,reg,k_TGAACAGGCA,0.4323747158050537
LVX,combined,reg,k_AAGGGTTATT,0.431668758392334
LVX,combined,reg,k_GGTATCGCAC,0.42833423614501953
LVX,combined,reg,k_AGCAGCCCGA,0.42545707225799556
LVX,combined,reg,k_AGGATAGCCG,0.42449150383472445
LVX,combined,reg,k_AGCTGACTAA,0.42250366210937496
LVX,combined,reg,k_AAGCCTACAG,0.42142524719238283
LVX,combined,reg,k_ATCCAGGATC,0.4186995342373848
LVX,combined,reg,k_GGTCAACACA,0.417571347951889
LVX,combined,reg,k_AACCAGTGCT,0.4172499358654022
LVX,combined,reg,k_CGATTCAGAC,0.4171276658773422
LVX,combined,reg,k_CTCCACGTAA,0.41662038564682
LVX,combined,reg,k_GATGCCTGCC,0.41571764945983886
LVX,combined,reg,k_ACCTAAACGC,0.41272615790367123
LVX,combined,reg,k_CACTTTAGAG,0.4117874652147293
LVX,combined,reg,k_ACTCCTCGCA,0.41157981413416567
LVX,combined,reg,k_ACGCTGAAGC,0.4106527030467987
LVX,combined,reg,k_AAAACCCCTG,0.4086705908179283
LVX,combined,reg,k_AACGTATTTG,0.4057586193084717
LVX,combined,reg,k_ACGGAGATAT,0.4027318455278874
LVX,combined,reg,k_AGGGGACTTA,0.40103418827056886
LVX,combined,reg,k_AATACGGCCT,0.4003567695617676
LVX,combined,reg,k_CAAGCACGAG,0.3999355316162109
LVX,combined,reg,k_GCTTAAAACA,0.39987030029296877
LVX,combined,reg,k_ACGAGTGCAT,0.39664391875267024
LVX,combined,reg,k_AGTTAATCGC,0.3959796944633126
LVX,combined,reg,k_AGCGAATGAC,0.3955102145671845
LVX,combined,reg,k_AGCGTCTGGA,0.39542948380112647
LVX,combined,reg,k_CGTCGGCTTC,0.39516196250915525
LVX,combined,reg,k_CACGGAATTA,0.3937067151069641
LVX,combined,reg,k_CTCAGCTTCA,0.3877233684062958
LVX,combined,reg,k_GCGCAAGTAC,0.3861804485321045
LVX,combined,reg,k_GGTTCAATAA,0.3858878254890442
LVX,combined,reg,k_CCTACCATTC,0.3856621742248535
LVX,combined,reg,k_CCCAATACTC,0.3834446668624878
LVX,combined,reg,k_AGTCCTCATG,0.38307104408741
LVX,combined,reg,k_CAGGCGCTAA,0.38298314809799194
LVX,combined,reg,k_GAGGAGAGCA,0.38252987861633303
LVX,combined,reg,k_AACAGGCGAT,0.3794234275817871
LVX,combined,reg,k_AGGACGGTTG,0.378223878890276
LVX,combined,reg,k_AGCATGAGTG,0.376352596282959
LVX,combined,reg,k_CAGAGCGATA,0.3750694513320923
LVX,combined,reg,k_CTCTCCAACC,0.37181729078292847
LVX,combined,reg,k_TCAGTACAGA,0.3704082787036896
LVX,combined,reg,k_AACCTAATGC,0.369074273109436
LVX,combined,reg,k_CCTGGGAGAC,0.36715312898159025
LVX,combined,reg,k_AGAGCCGAAT,0.3670813858509064
LVX,combined,reg,k_ATTTCTGCGA,0.3661299228668213
LVX,combined,reg,k_AACGAGTGCC,0.365973250567913
LVX,combined,reg,k_AAGCGCCTCA,0.36585788130760194
LVX,combined,reg,k_ATCGAGCATA,0.3639228820800781
LVX,combined,reg,k_GGAAGATGTA,0.3634009689092636
LVX,combined,reg,k_ACTAACCGAT,0.36326751708984373
LVX,combined,reg,k_GAACTGTAGA,0.35931835174560545
LVX,combined,reg,k_AGTCTGTACG,0.3590642690658569
LVX,combined,reg,k_ATTTGGACAC,0.3581043004989624
LVX,combined,reg,k_AACGCTAATG,0.3579615786671638
LVX,combined,reg,k_AACGAAGTAT,0.35671510696411135
LVX,combined,reg,k_AAGCACCAAC,0.35641682147979736
LVX,combined,reg,k_AATTACTGTG,0.3548483371734619
LVX,combined,reg,k_ATCTAACGAG,0.35474175214767456
LVX,combined,reg,k_AGTAGATTAG,0.35422932058572765
MFX,kmer,reg,k_GGTACCCTTA,6.94668025970459
MFX,kmer,reg,k_AGATACCACA,5.918037557601928
MFX,kmer,reg,k_CAGCAGTCCC,4.072766876220703
MFX,kmer,reg,k_CGTCTGCCCC,3.7630138397216797
MFX,kmer,reg,k_GAAGCATTAC,3.434587097167969
MFX,kmer,reg,k_AGTCAAGACG,3.245842170715332
MFX,kmer,reg,k_ATAGCGTCAC,3.115488624572754
MFX,kmer,reg,k_ATGTTTAGCC,3.0842353820800783
MFX,kmer,reg,k_CTTCAGCATC,3.0336403489112853
MFX,kmer,reg,k_GCAATTAGAC,2.878788948059082
MFX,kmer,reg,k_ACCTGTAAGC,2.6388870239257813
MFX,kmer,reg,k_AGGCGACATA,2.5614580154418944
MFX,kmer,reg,k_CACGACGTAG,2.5479124069213865
MFX,kmer,reg,k_ACAGTCCGAA,2.501679039001465
MFX,kmer,reg,k_AACTAAAGCG,2.2577997207641602
MFX,kmer,reg,k_ATACTCTCGA,2.24147367477417
MFX,kmer,reg,k_TAGAGAAACA,2.2391103744506835
MFX,kmer,reg,k_ATACCGATGC,2.179657554626465
MFX,kmer,reg,k_CCACGCTCTC,2.1080764293670655
MFX,kmer,reg,k_CCTCGCATTA,2.03827269077301
MFX,kmer,reg,k_AGTTGTGCAT,1.9839929580688476
MFX,kmer,reg,k_ACCTGGTTAA,1.9749931812286377
MFX,kmer,reg,k_ATATAAGGGC,1.9641384124755858
MFX,kmer,reg,k_TCGCCCTAAA,1.9555080354213714
MFX,kmer,reg,k_ATGCTACCAT,1.9468088626861573
MFX,kmer,reg,k_AGGGCGGGCA,1.9443819046020507
MFX,kmer,reg,k_ATTGGGGCTA,1.876874828338623
MFX,kmer,reg,k_ACAGCAGTCC,1.8537021636962892
MFX,kmer,reg,k_CTGTCACCGC,1.853102207183838
MFX,kmer,reg,k_ATTTGTACTG,1.8400866508483888
MFX,kmer,reg,k_CCCTGTGAAG,1.8327909469604493
MFX,kmer,reg,k_CTGTGAGCCA,1.8098953247070313
MFX,kmer,reg,k_TAGACGAGCA,1.7811346054077148
MFX,kmer,reg,k_ACATAGACAC,1.7557689666748046
MFX,kmer,reg,k_ACCTGTCTCC,1.753527867794037
MFX,kmer,reg,k_AGCCGCTAAC,1.7483658552169798
MFX,kmer,reg,k_CTAAATGGTC,1.742105484008789
MFX,kmer,reg,k_CAACTTACTC,1.7335075855255127
MFX,kmer,reg,k_CAGCCCCTAG,1.7239156723022462
MFX,kmer,reg,k_CCTAGGCAAA,1.7170845031738282
MFX,kmer,reg,k_AGCCGAGAGA,1.6982059955596924
MFX,kmer,reg,k_ACAGTGTATG,1.6649264335632323
MFX,kmer,reg,k_GCTGGCAACA,1.6405447006225584
MFX,kmer,reg,k_CGGCTTCAGA,1.6184778690338133
MFX,kmer,reg,k_ATCCACTGCG,1.5999513626098634
MFX,kmer,reg,k_GGATAGCGCA,1.5965574741363526
MFX,kmer,reg,k_CATTCGAGAG,1.591357421875
MFX,kmer,reg,k_ACTCGTTGAT,1.586501741409302
MFX,kmer,reg,k_CGTTTGTAAA,1.5681754589080812
MFX,kmer,reg,k_AAGTCGAACA,1.546747934818268
MFX,kmer,reg,k_ACGTACACTC,1.5304597854614257
MFX,kmer,reg,k_ATTGAACAAC,1.5145555973052978
MFX,kmer,reg,k_ACGACTTTAA,1.5032033920288086
MFX,kmer,reg,k_AGGTGTAGTA,1.471411895751953
MFX,kmer,reg,k_AACCAGTGCG,1.4589757919311523
MFX,kmer,reg,k_ACTTTACTGC,1.436263656616211
MFX,kmer,reg,k_GTCTTCTGAA,1.4315500617027284
MFX,kmer,reg,k_CAGTGCTTCA,1.4268825531005858
MFX,kmer,reg,k_CAGCGGATGC,1.4073115348815919
MFX,kmer,reg,k_ACCCGAAGAG,1.3805702209472657
MFX,kmer,reg,k_AAGCCGAGAA,1.3763051748275756
MFX,kmer,reg,k_GTACGATATA,1.3727242469787597
MFX,kmer,reg,k_ACAAGCGCAT,1.3678719520568847
MFX,kmer,reg,k_GACAATGTTA,1.3665695190429688
MFX,kmer,reg,k_ACGGAAGTAC,1.365828013420105
MFX,kmer,reg,k_AGCGTACAAG,1.3597740650177002
MFX,kmer,reg,k_GATCGTGACC,1.3473094940185546
MFX,kmer,reg,k_CGATTTAGGC,1.3442974090576172
MFX,kmer,reg,k_CGTATTGATC,1.3418420791625976
MFX,kmer,reg,k_GATCCAAACA,1.3337550163269043
MFX,kmer,reg,k_ATTAGAGCTA,1.3211381912231446
MFX,kmer,reg,k_AACCAGTGCT,1.3207399129867554
MFX,kmer,reg,k_CTAGAGCTGA,1.310974884033203
MFX,kmer,reg,k_AATTGGGGGT,1.3101978540420531
MFX,kmer,reg,k_GAATGGGCGA,1.3096632003784179
MFX,kmer,reg,k_AAACGGCGTG,1.300156593322754
MFX,kmer,reg,k_GCGTCAACCA,1.2951151847839355
MFX,kmer,reg,k_CCGCGCCATC,1.2687689781188964
MFX,kmer,reg,k_AAGTGCATAC,1.265654194355011
MFX,kmer,reg,k_CACAGTGATA,1.2610508084297178
MFX,kmer,reg,k_ATGCGAATCC,1.2594107627868651
MFX,kmer,reg,k_TATACGATAA,1.2588532447814942
MFX,kmer,reg,k_ATATGGACTG,1.2507316589355468
MFX,kmer,reg,k_TCACTAAGCA,1.2479055881500245
MFX,kmer,reg,k_GGCCGAGGCA,1.2432402610778808
MFX,kmer,reg,k_GATAGCAGCC,1.224648904800415
MFX,kmer,reg,k_ACCCCTACCA,1.2193069458007812
MFX,kmer,reg,k_CAGGCATTGG,1.2129252433776856
MFX,kmer,reg,k_ACGCTTCTCT,1.205993938446045
MFX,kmer,reg,k_AGGTGGCTAA,1.199277114868164
MFX,kmer,reg,k_CGTCTGACTA,1.1947707176208495
MFX,kmer,reg,k_GAAACCGTGC,1.1875654220581056
MFX,kmer,reg,k_GGGAGATCTA,1.1849803924560547
MFX,kmer,reg,k_CGGGTCTACA,1.1756000518798828
MFX,kmer,reg,k_GATAAGCGGC,1.162788200378418
MFX,kmer,reg,k_CTAGAACTCC,1.1613675117492677
MFX,kmer,reg,k_ACACGACTCA,1.1544808506965638
MFX,kmer,reg,k_GCTTAGAGAA,1.1498239517211915
MFX,kmer,reg,k_ATTGTATTGG,1.1454188585281373
MFX,kmer,reg,k_AGAAACCGCC,1.1453123569488526
MFX,kmer,reg,k_ACGCTAATGG,1.1432140350341795
MFX,kmer,reg,k_AGGACGATAA,1.135901188850403
MFX,kmer,reg,k_CGTCATCGTC,1.134584629535675
MFX,kmer,reg,k_GTATTTGGAC,1.1316303730010986
MFX,kmer,reg,k_CAAGCAGGGC,1.1264421463012695
MFX,kmer,reg,k_GAAAACTCCA,1.1179268836975098
MFX,kmer,reg,k_AAGGGTTATT,1.1173402786254882
MFX,kmer,reg,k_CGGATCTAAA,1.1103338718414306
MFX,kmer,reg,k_AGTAGACTCA,1.1059412002563476
MFX,kmer,reg,k_GCAAGCACAA,1.1024820804595947
MFX,kmer,reg,k_CTCAAGCCGC,1.0952791213989257
MFX,kmer,reg,k_CCCAAAGGGC,1.0950759887695312
MFX,kmer,reg,k_AGGTCTAGTA,1.0892541408538818
MFX,kmer,reg,k_GTAGTATATA,1.0851665496826173
MFX,kmer,reg,k_GAGGCTGAGC,1.0777828842401505
MFX,kmer,reg,k_GAGAAGGTCC,1.0776334762573243
MFX,kmer,reg,k_GAGTGCTTCA,1.0704481959342957
MFX,kmer,reg,k_AAGCACCTCT,1.069943618774414
MFX,kmer,reg,k_ACGGGTCTAC,1.067883014678955
MFX,kmer,reg,k_GACGAAAACC,1.0568106651306153
MFX,kmer,reg,k_ATGATTAATA,1.0563747882843018
MFX,kmer,reg,k_AACAGTCGAG,1.055778932571411
MFX,kmer,reg,k_GCCGCTAACA,1.0544872760772706
MFX,kmer,reg,k_AAACACTCCT,1.0506269454956054
MFX,kmer,reg,k_CGACCGTTCC,1.0444427490234376
MFX,kmer,reg,k_ACGGTACCTG,1.0416750013828278
MFX,kmer,reg,k_AAGCCGACGC,1.0415371537208555
MFX,kmer,reg,k_GGAATGGGCA,1.0360577583312989
MFX,kmer,reg,k_ACCACAGATG,1.0329866886138916
MFX,kmer,reg,k_ACTTAATCCC,1.0323041915893554
MFX,kmer,reg,k_GGATTCTGGA,1.031660759449005
MFX,kmer,reg,k_CGCTCAAAGC,1.030016827583313
MFX,kmer,reg,k_CCCAGACGAG,1.0297161102294923
MFX,kmer,reg,k_CCTCATATAC,1.0267958641052246
MFX,kmer,reg,k_ATTAACTAGG,1.0266196250915527
MFX,kmer,reg,k_CTTTAATGTA,1.0217034339904785
MFX,kmer,reg,k_CGCATGTACA,1.0208361148834229
MFX,kmer,reg,k_GACTCCAGCC,1.0172839522361756
MFX,kmer,reg,k_GGGGGTTATA,1.016285228729248
MFX,kmer,reg,k_CTACTTCCAG,1.0124152183532715
MFX,kmer,reg,k_CCGACCTGTC,1.0112988889217376
MFX,kmer,reg,k_ACGGTACAAG,1.01107177734375
MFX,kmer,reg,k_GCGTTGACGA,1.008304810523987
MFX,kmer,reg,k_ATCAGTGTTA,1.0053092002868653
MFX,kmer,reg,k_AAGTCTAAGT,0.9986565470695495
MFX,kmer,reg,k_GACTTGTGAC,0.9951333492994309
MFX,kmer,reg,k_AACCCCAATT,0.9946977615356445
MFX,kmer,reg,k_ACATAGTATC,0.9941081047058106
MFX,kmer,reg,k_ACGACGCCCC,0.9917181015014649
MFX,kmer,reg,k_CAAAGTTCCG,0.9883940353989601
MFX,kmer,reg,k_GGCATATGAA,0.9806454658508301
MFX,kmer,reg,k_CGAGTGCTTC,0.9798866271972656
MFX,kmer,reg,k_ACGAAATAGA,0.9770083278417587
MFX,kmer,reg,k_GACGCTAGAA,0.9677422523498536
MFX,kmer,reg,k_CAGCTTCCGG,0.9654570579528808
MFX,kmer,reg,k_GGTAGTTGAA,0.962263536453247
MFX,kmer,reg,k_CTGAAAACGC,0.9598423957824707
MFX,kmer,reg,k_AGTGATAAGC,0.9597268491983414
MFX,kmer,reg,k_GCTTCTCACA,0.9557106494903564
MFX,kmer,reg,k_CACAAAACAC,0.9525969445705413
MFX,kmer,reg,k_GCCTCAACCA,0.9451639175415039
MFX,kmer,reg,k_CCTAACTCCG,0.9424589157104493
MFX,kmer,reg,k_AGCAAGCACC,0.9324635982513428
MFX,kmer,reg,k_GAACACGCAC,0.9295485019683838
MFX,kmer,reg,k_TCCGAAACAA,0.9276639938354492
MFX,kmer,reg,k_GGGGATACTA,0.9237241804599762
MFX,kmer,reg,k_GAGTAGACCA,0.9179377555847168
MFX,kmer,reg,k_AGCCGTAAAC,0.9175448536872863
MFX,kmer,reg,k_AGTCTGTACG,0.9141763210296631
MFX,kmer,reg,k_ATAACATGTA,0.9091145038604737
MFX,kmer,reg,k_TACTACCTAA,0.9021008253097534
MFX,kmer,reg,k_AAGGGAGGGA,0.8976881027221679
MFX,kmer,reg,k_GCTAACTTCA,0.897557258605957
MFX,kmer,reg,k_AGAGAGTACT,0.8941709995269775
MFX,kmer,reg,k_GAGCCGGAAA,0.8901521116495132
MFX,kmer,reg,k_ACCCAACCAG,0.8894456326961517
MFX,kmer,reg,k_AATCGGCATC,0.8882996559143066
MFX,kmer,reg,k_ATACATATCC,0.8873647689819336
MFX,kmer,reg,k_GTGTATAACA,0.8872124671936035
MFX,kmer,reg,k_ACTAACATTA,0.8749056816101074
MFX,kmer,reg,k_CGATATGACG,0.8684200763702393
MFX,kmer,reg,k_AGCGCACAGG,0.8679828643798828
MFX,kmer,reg,k_ATCGTCGAAT,0.866109037399292
MFX,kmer,reg,k_AAGTAGGACG,0.8646857568062842
MFX,kmer,reg,k_CACGGTGGCC,0.8612038850784302
MFX,kmer,reg,k_ATGTACCCGA,0.8585814476013184
MFX,kmer,reg,k_ATACCTCAGA,0.8565459251403809
MFX,kmer,reg,k_ATGTAGTGAA,0.8525290131568909
MFX,kmer,reg,k_CTCTGATATC,0.8507095336914062
MFX,kmer,reg,k_GAAGCTTCCC,0.8390597343444824
MFX,kmer,reg,k_CGGCACAATA,0.8388689041137696
MFX,kmer,reg,k_AGAAAGTGGC,0.8379375219345093
MFX,kmer,reg,k_AAGGTGTCAC,0.8338283777236939
MFX,kmer,reg,k_CGACGATAAG,0.8337842464447021
MFX,kmer,reg,k_CTGGGGCAAC,0.8313587188720704
MFX,kmer,reg,k_AGGAGCCTTA,0.8306140899658203
MFX,kmer,reg,k_GGACAAACCC,0.8294525146484375
MFX,kmer,reg,k_CGGAAGCCGA,0.826230239868164
MFX,kmer,reg,k_AGATCTAGCT,0.825875186920166
MFX,kmer,reg,k_AAACTACGGT,0.8247992515563964
MFX,combined,reg,k_CAGCAGTCCC,6.37517147064209
MFX,combined,reg,k_GGTACCCTTA,5.59702959060669
MFX,combined,reg,k_AGTCAAGACG,5.042117404937744
MFX,combined,reg,k_GAAGCATTAC,3.924671936035156
MFX,combined,reg,k_AGTAGACTCA,3.84658145904541
MFX,combined,reg,k_ACTTTACTGC,3.668280029296875
MFX,combined,reg,k_ACGACTTTAA,3.5592617034912113
MFX,combined,reg,k_ACAGTCCGAA,3.1253722190856936
MFX,combined,reg,k_ACATAGACAC,3.043224239349365
MFX,combined,reg,k_ATGTTTAGCC,2.988431143760681
MFX,combined,reg,k_CCAAGGAGAC,2.973012590408325
MFX,combined,reg,k_CGGCCCATAA,2.8692283630371094
MFX,combined,reg,k_CGTCTGACTA,2.859389305114746
MFX,combined,reg,k_ATGTCTGATG,2.814261054992676
MFX,combined,reg,k_ATAGCGTCAC,2.734407424926758
MFX,combined,reg,k_ACGGGTCTAC,2.732019233703613
MFX,combined,reg,k_ATACTCTCGA,2.6182230472564694
MFX,combined,reg,k_AGCGTACAAG,2.608370637893677
MFX,combined,reg,k_AATATGTGCG,2.473591828346253
MFX,combined,reg,k_AACTAAAGCG,2.4652954101562496
MFX,combined,reg,k_ATTGGGGCTA,2.4379904747009276
MFX,combined,reg,k_CGGTCAAATA,2.3768661499023436
MFX,combined,reg,k_CAAGCAGGGC,2.3505496978759766
MFX,combined,reg,k_GTGTGGACAA,2.311379623413086
MFX,combined,reg,k_GGTTTAAACC,2.258640480041504
MFX,combined,reg,k_AACACAAAGC,2.2112659454345702
MFX,combined,reg,k_AAGTCGAACA,2.1569817543029783
MFX,combined,reg,k_ATGGTGAGGC,2.1433523178100584
MFX,combined,reg,k_ACCTGTAAGC,2.0987611770629884
MFX,combined,reg,k_ATACCGATGC,2.086714172363281
MFX,combined,reg,k_ATATAAGGGC,2.070945930480957
MFX,combined,reg,k_CTTACACATA,2.049707221984863
MFX,combined,reg,k_GGAATAGACC,2.0471111297607423
MFX,combined,reg,k_CATCGCTCCC,2.044564056396484
MFX,combined,reg,k_AGTAGCCCCC,1.9915704727172852
MFX,combined,reg,k_CCTCGCATTA,1.9616114377975464
MFX,combined,reg,k_TGCGCTCAAA,1.8844953775405884
MFX,combined,reg,k_TAGAGAAACA,1.8723915100097657
MFX,combined,reg,k_GTTTGAGTAA,1.8310516357421875
MFX,combined,reg,k_GATCGTGACC,1.8209911346435546
MFX,combined,reg,k_CTGTGAGCCA,1.8042388916015626
MFX,combined,reg,k_CACAGTGATA,1.7962608337402344
MFX,combined,reg,k_GCAATTAGAC,1.7759471893310548
MFX,combined,reg,k_CACTCGGTCA,1.7726396560668944
MFX,combined,reg,k_ATATATCGTA,1.77246036529541
MFX,combined,reg,k_GACTTGTGAC,1.769081783294678
MFX,combined,reg,k_ACCTGTCTCC,1.759636640548706
MFX,combined,reg,k_GTAACACCAC,1.7546952962875366
MFX,combined,reg,k_AACGTAAGCT,1.7272029876708985
MFX,combined,reg,k_ACTGTTCTAT,1.718673038482666
MFX,combined,reg,k_GTCTTCTGAA,1.7167706489562988
MFX,combined,reg,k_CTACGATTCC,1.713702392578125
MFX,combined,reg,k_TCGCCCTAAA,1.7078747272491457
MFX,combined,reg,k_ATTGTAATGG,1.6682666301727294
MFX,combined,reg,k_ACAGCAGTCC,1.6121063232421875
MFX,combined,reg,k_GCTCCCTAAC,1.6102386474609376
MFX,combined,reg,k_AGGATACATA,1.5846312522888184
MFX,combined,reg,k_ATAGGTCCAT,1.5815603256225585
MFX,combined,reg,k_AGATACCACA,1.5767349243164062
MFX,combined,reg,k_AACCGAGTTA,1.5747769355773926
MFX,combined,reg,k_AGTTGTGCAT,1.568684959411621
MFX,combined,reg,k_AACGATGCTA,1.5655628204345704
MFX,combined,reg,k_ATTAACTAGG,1.5529165148735047
MFX,combined,reg,k_GTTGTCCCTA,1.5387803077697755
MFX,combined,reg,k_CGTTATTGTA,1.5336729049682618
MFX,combined,reg,k_GAGTGCTTCA,1.5301623582839965
MFX,combined,reg,k_CTAGAGCTGA,1.5252857565879823
MFX,combined,reg,k_CTCCACGTAA,1.5196371555328367
MFX,combined,reg,k_GGGTGGTACA,1.5195369720458984
MFX,combined,reg,k_ACGGTACAAG,1.517982578277588
MFX,combined,reg,k_TAAGCTGAGA,1.4954248428344727
MFX,combined,reg,k_AACAATCGCG,1.4639825820922852
MFX,combined,reg,k_TCTCCTGGCA,1.4632797241210938
MFX,combined,reg,k_ACAATACTAC,1.4578981399536133
MFX,combined,reg,k_ACCTAAGACC,1.4454874992370605
MFX,combined,reg,k_GAGGCTGAGC,1.4299993991851807
MFX,combined,reg,k_AGTAATGAGA,1.4297423362731934
MFX,combined,reg,k_AACCAGTGCT,1.4238198757171632
MFX,combined,reg,k_AGTCTCCGCC,1.4219996452331543
MFX,combined,reg,k_GAAATGCACC,1.403085708618164
MFX,combined,reg,k_GGGTCACTGA,1.3934565544128419
MFX,combined,reg,k_CAGTGCTTCA,1.3889755249023437
MFX,combined,reg,k_AATTGGGGGT,1.3800289630889893
MFX,combined,reg,k_CACTCTAGCA,1.3622557640075683
MFX,combined,reg,k_AGGACGATAA,1.3602034211158753
MFX,combined,reg,k_AAGCGACTAC,1.3524179458618164
MFX,combined,reg,k_GATAAGCGGC,1.3508183479309082
MFX,combined,reg,k_GTCTCCCTAA,1.338571262359619
MFX,combined,reg,k_TAAACGAGTA,1.3355585098266602
MFX,combined,reg,k_CCGCAGACAC,1.3347739219665526
MFX,combined,reg,k_AAGTACTAGT,1.3315128922462462
MFX,combined,reg,k_AAAGAGTCGG,1.3310563087463378
MFX,combined,reg,k_ACTCTCTTGC,1.3216672897338868
MFX,combined,reg,k_AGTGTTTAGA,1.3188982605934143
MFX,combined,reg,k_GCAGTCAGTA,1.3110190391540528
MFX,combined,reg,k_AGTAATACTA,1.3057992935180665
MFX,combined,reg,k_ATTGTAGGGG,1.3055383682250976
MFX,combined,reg,k_ATAACTCTTC,1.3020069122314453
MFX,combined,reg,k_ATGTCAGAGC,1.298427200317383
MFX,combined,reg,k_GGGAGATCTA,1.2920625686645508
MFX,combined,reg,k_ACGATGCTCC,1.2778777122497558
MFX,combined,reg,k_ATCTATACTG,1.2691130638122559
MFX,combined,reg,k_TAAGTTTAGA,1.264108943939209
MFX,combined,reg,k_CTCTGATATC,1.262506866455078
MFX,combined,reg,k_CGTATCTCCA,1.2523181915283204
MFX,combined,reg,k_TATTCCGTAA,1.252080726623535
MFX,combined,reg,t_serotype_15B,1.2299860715866089
MFX,combined,reg,k_AACATTAATT,1.2260640144348145
MFX,combined,reg,k_ACCTCCCAAG,1.2223480224609375
MFX,combined,reg,k_CTCAAGCCGC,1.2186028480529785
MFX,combined,reg,k_ACGATGATAG,1.2037785530090332
MFX,combined,reg,k_AATCGCCCTA,1.2026334285736084
MFX,combined,reg,k_ACCTAATGCA,1.199983501434326
MFX,combined,reg,k_GGATCCAGGA,1.1916376113891602
MFX,combined,reg,k_CACTATGCGC,1.1647244453430177
MFX,combined,reg,k_CATATACACG,1.1615275382995605
MFX,combined,reg,k_ATGATTAATA,1.1611193418502808
MFX,combined,reg,k_TAGTAGACGA,1.1430418968200684
MFX,combined,reg,k_CCTCGGCTCG,1.1409175872802735
MFX,combined,reg,k_GGTACTATAA,1.1407736778259276
MFX,combined,reg,k_AAGCCGAGAA,1.1378835201263429
MFX,combined,reg,k_GAATGGGCGA,1.1355366706848145
MFX,combined,reg,k_ATAGTGAAAC,1.1332162857055663
MFX,combined,reg,k_ACTGGTTGAC,1.1326173782348632
MFX,combined,reg,k_ATGCGCTCAA,1.1316559791564942
MFX,combined,reg,k_ACTCCCGAAT,1.127345371246338
MFX,combined,reg,k_ACGCTTCTCT,1.1252957344055177
MFX,combined,reg,k_ATCGTACGAC,1.1250740528106689
MFX,combined,reg,k_CCGTATGTGC,1.1234748840332032
MFX,combined,reg,k_CGCAGGCTCA,1.1159612655639648
MFX,combined,reg,k_CATTCGAGAG,1.1151405334472657
MFX,combined,reg,k_CCTAGGCAAA,1.112565803527832
MFX,combined,reg,k_ACTCGTTGAT,1.1067020416259767
MFX,combined,reg,k_ATATCTCAAG,1.098574161529541
MFX,combined,reg,k_AGAAAGTGGC,1.0958596229553224
MFX,combined,reg,k_AACATCTAAT,1.091185289621353
MFX,combined,reg,k_TGAACAGGCA,1.0886601448059081
MFX,combined,reg,k_CCACGCTCTC,1.0874210357666017
MFX,combined,reg,k_TAAACCGCAA,1.0863388061523438
MFX,combined,reg,k_AGCGGTGAGA,1.0822740554809571
MFX,combined,reg,k_TTATCGGGAA,1.072535800933838
MFX,combined,reg,k_CTTTGTGTAC,1.070089054107666
MFX,combined,reg,k_ACACAAACAC,1.0699917793273925
MFX,combined,reg,k_AGCAAGCACC,1.0680942296981812
MFX,combined,reg,k_AATCGAGAGT,1.052823829650879
MFX,combined,reg,k_AACCCATTGA,1.0510084629058838
MFX,combined,reg,k_ATGAGCGACC,1.0491259574890137
MFX,combined,reg,k_CTACTTCCAG,1.0473180770874024
MFX,combined,reg,k_ACTTATTGAC,1.0418767929077148
MFX,combined,reg,k_CACACAAGAG,1.0370144128799437
MFX,combined,reg,k_AGCCGAGAGA,1.0316344261169434
MFX,combined,reg,k_CACTCAAAGG,1.0291497230529787
MFX,combined,reg,k_GACGAAAACC,1.0218869209289552
MFX,combined,reg,k_GAATCGATAC,1.020540452003479
MFX,combined,reg,k_AACAGTGGGT,1.0203225135803222
MFX,combined,reg,k_GAAACATTAA,1.019944190979004
MFX,combined,reg,k_GACTCCAGCC,1.0039667129516603
MFX,combined,reg,k_ACTAAACACT,1.0018790721893311
MFX,combined,reg,k_CTTCATATGC,1.0006970405578612
MFX,combined,reg,k_CATAGGGGGG,0.9944544911384583
MFX,combined,reg,k_AGCGTCTGGA,0.9941912651062013
MFX,combined,reg,k_CTTAAACGGA,0.9938687324523926
MFX,combined,reg,k_AAAGCCGTTG,0.991940474510193
MFX,combined,reg,k_ACGACTTGGG,0.9880154848098754
MFX,combined,reg,k_CGATATGACG,0.9861639738082886
MFX,combined,reg,k_GGAATGTAGA,0.9849886894226074
MFX,combined,reg,k_ACGCCGTTTC,0.9844167709350586
MFX,combined,reg,k_AGAGGTCCCT,0.9726311683654785
MFX,combined,reg,k_AAGCGGATTC,0.9718698501586914
MFX,combined,reg,k_CGGTCCATCC,0.9584447860717773
MFX,combined,reg,k_GGCATGTGAC,0.9548108100891113
MFX,combined,reg,k_AAGGTGTCAC,0.9512125015258789
MFX,combined,reg,k_AGTAGAATCG,0.9471710205078125
MFX,combined,reg,k_GGAGAGTACC,0.945245885848999
MFX,combined,reg,k_TAGCACCCCA,0.9407096862792969
MFX,combined,reg,k_AATGCTTAGT,0.940369987487793
MFX,combined,reg,k_CGACCGTTCC,0.9401881217956543
MFX,combined,reg,k_TGCGACGGAA,0.9401180505752564
MFX,combined,reg,k_TGTTCACTAA,0.9354742527008058
MFX,combined,reg,k_AGGCCATGCA,0.929957389831543
MFX,combined,reg,k_CCACTTCCCA,0.925352668762207
MFX,combined,reg,k_GACATTTCTA,0.9241739034652711
MFX,combined,reg,k_AACTAGTGCG,0.9196014881134034
MFX,combined,reg,k_TGTGTGAGAA,0.9089818000793457
MFX,combined,reg,k_GATCCAAACA,0.9079037666320801
MFX,combined,reg,k_GAGGGACTAA,0.9009686231613159
MFX,combined,reg,k_ACGGTACCTG,0.9006058692932128
MFX,combined,reg,k_CCTTACGTGA,0.8893595695495605
MFX,combined,reg,k_CCACTTATAG,0.8856146812438965
MFX,combined,reg,k_ACACAAGAGT,0.8762195587158204
MFX,combined,reg,k_GAACACGCAC,0.8751337289810182
MFX,combined,reg,k_CACACATCAC,0.8746152877807617
MFX,combined,reg,k_AAAATGCGTT,0.8693772315979004
MFX,combined,reg,k_ATTGAACAAC,0.8691287517547608
MFX,combined,reg,k_GAGTAGACCA,0.8653400421142579
MFX,combined,reg,k_GGGTAGTTGA,0.8650017738342285
MFX,combined,reg,k_TTACGCAGAA,0.863714599609375
MFX,combined,reg,k_CATGTACACC,0.8635487079620361
MFX,combined,reg,k_CGTCATCGTC,0.8617220640182495
MFX,combined,reg,k_GACTGTGACA,0.860073184967041
SXT,kmer,reg,k_CGCGTAATCC,943.7352600097656
SXT,kmer,reg,k_AATACGCCCT,626.5899749755858
SXT,kmer,reg,k_CCACCGTCCG,319.130859375
SXT,kmer,reg,k_AATCCGGAAG,278.8994453430176
SXT,kmer,reg,k_CACGGCTTCG,244.67730712890625
SXT,kmer,reg,k_AAGCGAGGCT,161.63961029052734
SXT,kmer,reg,k_GCAATACGCC,129.21966857910155
SXT,kmer,reg,k_CCGACTCATA,121.20649871826171
SXT,kmer,reg,k_CCTACATAAA,118.8807964324951
SXT,kmer,reg,k_ATACGCCCTG,110.23699321746827
SXT,kmer,reg,k_GGATCCAGGA,105.0305778503418
SXT,kmer,reg,k_GTACATGAAC,90.6787353515625
SXT,kmer,reg,k_GATCTCAGAA,84.64206848144532
SXT,kmer,clf,k_AATACGCCCT,72.65882263183593
SXT,kmer,reg,k_CAGGCTTGGC,69.98326416015625
SXT,kmer,clf,k_GCAATACGCC,61.7047700881958
SXT,kmer,reg,k_CCGATATCGA,60.86930541992187
SXT,kmer,reg,k_GCCCTGTTAC,58.053558349609375
SXT,kmer,reg,k_ACAAGCCATG,55.508172607421876
SXT,kmer,clf,k_CCACCGTCCG,53.02324962615967
SXT,kmer,reg,k_CGGACGACCA,50.8657958984375
SXT,kmer,reg,k_AGTGAAGCAT,49.38380432128906
SXT,kmer,reg,k_CCTTGTAGGC,47.57249450683594
SXT,kmer,clf,k_CGCGTAATCC,45.56373233795166
SXT,kmer,reg,k_AGTAACTGTG,45.208258056640624
SXT,kmer,reg,k_CCCTCAAGTA,45.00570068359375
SXT,kmer,clf,k_CGATGAGTCC,44.937744140625
SXT,kmer,reg,k_CTGTGTCGCC,39.37767028808594
SXT,kmer,reg,k_CAAGCGGAGA,37.98964233398438
SXT,kmer,reg,k_CTCATCGTGA,36.8484619140625
SXT,kmer,reg,k_CCTGATTAGA,35.65188484191894
SXT,kmer,reg,k_CATCGGCAAG,35.30693359375
SXT,kmer,reg,k_AAGCCCTTAG,33.71680927276611
SXT,kmer,reg,k_ACCTATATAC,33.079705810546876
SXT,kmer,reg,k_CCACCATCCG,32.05929107666016
SXT,kmer,reg,k_ATCGACTTAG,31.351392364501955
SXT,kmer,reg,k_GACCCTTGCA,30.573252868652343
SXT,kmer,reg,k_AAGAGATCCC,30.36494674682617
SXT,kmer,clf,k_GAAAGCCACA,30.17326965332031
SXT,kmer,reg,k_GCTGCGGTAA,28.97696533203125
SXT,kmer,reg,k_GAGACCGCAA,28.232803344726562
SXT,kmer,reg,k_CCCCTAGTAA,26.8320556640625
SXT,kmer,reg,k_CAGTTCGCCA,24.92864074707031
SXT,kmer,reg,k_AAATCGCGGC,24.9223876953125
SXT,kmer,reg,k_ATTCTTTCGG,24.432171630859376
SXT,kmer,reg,k_GACAGACCAC,23.221292114257814
SXT,kmer,clf,k_GATCTCAGAA,22.632551288604738
SXT,kmer,reg,k_AAAGGACGGC,22.521699523925783
SXT,kmer,clf,k_CGGACGACCA,22.435761833190917
SXT,kmer,reg,k_AAGCGCCTCA,21.769131469726563
SXT,kmer,clf,k_AAGCGAGGCT,21.718028688430785
SXT,kmer,reg,k_AGGGTAGGAA,21.278955078125
SXT,kmer,reg,k_GAAAGTGATC,21.179509353637695
SXT,kmer,clf,k_AATCCGGAAG,20.526422262191772
SXT,kmer,clf,k_GCGGAGATCA,20.213520812988282
SXT,kmer,reg,k_TGAGCACTAA,20.05897636413574
SXT,kmer,reg,k_GCGGAGATCA,19.960845947265625
SXT,kmer,reg,k_GCTTTCCCAC,19.749288940429686
SXT,kmer,reg,k_ACCCGTGCAA,19.64114990234375
SXT,kmer,reg,k_AGTGTAAAGC,19.20327301025391
SXT,kmer,reg,k_GAGTTAGTTA,19.15782470703125
SXT,kmer,reg,k_AGCCACAGAG,18.4777587890625
SXT,kmer,clf,k_CCTACATAAA,18.29981288909912
SXT,kmer,reg,k_AAGATAGGCC,17.646954345703126
SXT,kmer,clf,k_GGACGGATCA,17.04351625442505
SXT,kmer,reg,k_GCACAAGCGC,16.637802124023438
SXT,kmer,reg,k_AGACGGATCT,16.071185302734374
SXT,kmer,clf,k_ATACGCCCTG,15.917887258529664
SXT,kmer,reg,k_CTAGGCGTAA,15.555891418457032
SXT,kmer,clf,k_CCGACTCATA,15.502502822875977
SXT,kmer,reg,k_AGTCATTAGA,15.296711730957032
SXT,kmer,reg,k_CTGCATTGAA,15.29400177001953
SXT,kmer,reg,k_AGCATAGTGA,15.24144287109375
SXT,kmer,clf,k_AAGTATACGC,14.944129943847656
SXT,kmer,reg,k_ACAGCTCATA,14.57955322265625
SXT,kmer,reg,k_TCATTCTAGA,14.546660614013671
SXT,kmer,reg,k_ACAACGAACG,14.273677825927734
SXT,kmer,reg,k_ACTATCGTCA,14.1822998046875
SXT,kmer,reg,k_AGGTATACCA,13.53925189971924
SXT,kmer,reg,k_GTACACTTTA,13.5344970703125
SXT,kmer,reg,k_AATCGTCCTG,13.319998168945313
SXT,kmer,reg,k_AGACTGTACC,13.259158325195312
SXT,kmer,reg,k_TAAGCCGATA,13.194468688964843
SXT,kmer,reg,k_GTACGGAGGA,13.0916259765625
SXT,kmer,reg,k_AGTACATTAC,13.065168762207032
SXT,kmer,reg,k_AACCAAATAG,13.006982421875
SXT,kmer,reg,k_ATAATCCTAC,12.992635440826415
SXT,kmer,reg,k_AATGACGTAA,12.979700469970702
SXT,kmer,reg,k_ACTATAACGA,12.896163558959962
SXT,kmer,reg,k_CGACAAGCGC,12.768181991577148
SXT,kmer,reg,k_AAGTTCCGAA,12.688388919830322
SXT,kmer,reg,k_ACTCAAGCCA,12.595124530792237
SXT,kmer,reg,k_CTCCGGATAC,12.531520080566406
SXT,kmer,reg,k_CAATGAGGTG,12.33372802734375
SXT,kmer,clf,k_CAGGCTTGGC,12.314964294433594
SXT,kmer,reg,k_TAATAGCGAA,12.284912204742433
SXT,kmer,clf,k_CACGGCTTCG,12.121275711059571
SXT,kmer,reg,k_AGATCTCACT,12.11240234375
SXT,kmer,reg,k_AGGTATGATA,12.05301742553711
SXT,kmer,reg,k_CACGCCTTCC,11.591748046875
SXT,kmer,reg,k_CCTAATCTAA,11.486242294311523
SXT,kmer,reg,k_CAGAAGGGGC,11.46170883178711
SXT,kmer,reg,k_TAAGACCGTA,11.458367347717285
SXT,kmer,reg,k_GCAAGATCGA,11.119899559020997
SXT,kmer,reg,k_AAGTAAGGCC,11.097071838378906
SXT,kmer,reg,k_AGACGAGATC,10.91184196472168
SXT,kmer,reg,k_GGTTTTTAGA,10.73051052093506
SXT,kmer,reg,k_AAAGTTCCGA,10.62115821838379
SXT,kmer,reg,k_ACAATCCTCC,10.57889404296875
SXT,kmer,reg,k_CTGGGAGCCA,10.543138790130616
SXT,kmer,reg,k_CTGACAGGGC,10.361199951171875
SXT,kmer,clf,k_ACAAGCCATG,10.231929779052734
SXT,kmer,reg,k_ACTATGGTTC,10.2219482421875
SXT,kmer,clf,k_AGGGCTGGCG,10.220855712890625
SXT,kmer,reg,k_CCTTCTAAAG,10.19842529296875
SXT,kmer,clf,k_GTTACTCCCA,9.941485595703124
SXT,kmer,reg,k_CGCCCTGTTA,9.6138671875
SXT,kmer,clf,k_ACAGGGTGGA,9.318954467773438
SXT,kmer,reg,k_ACCTAACTCC,9.315627288818359
SXT,kmer,reg,k_ATATGGAGCG,9.295009231567384
SXT,kmer,reg,k_ATAGGTTTAA,9.218167877197265
SXT,kmer,reg,k_CGACTGGGGC,9.15679931640625
SXT,kmer,reg,k_CGTGATAGGA,9.106597900390625
SXT,kmer,reg,k_ATATACCAAC,9.03393783569336
SXT,kmer,reg,k_GCAGTTAATA,9.01310043334961
SXT,kmer,reg,k_CGCAACATTC,8.986951446533203
SXT,kmer,reg,k_CCCTAATGAA,8.966183471679688
SXT,kmer,reg,k_AACGACTCTA,8.941259765625
SXT,kmer,reg,k_ACAGAATACA,8.896346282958984
SXT,kmer,reg,k_ATTAGATATC,8.785552978515625
SXT,kmer,reg,k_CTCTGATATC,8.762524032592774
SXT,kmer,reg,k_ACAACCTGGT,8.751975440979002
SXT,kmer,reg,k_AAATTCGGAT,8.61799144744873
SXT,kmer,reg,k_AGGCACGCTA,8.616499328613282
SXT,kmer,reg,k_ACTTGATACG,8.447610092163085
SXT,kmer,reg,k_ATCTCGGCTA,8.399517631530761
SXT,kmer,reg,k_ATGACCCCCA,8.364398193359374
SXT,kmer,reg,k_CTTATCCCGA,8.066275024414063
SXT,kmer,reg,k_CGAGTGAATC,8.058381080627441
SXT,kmer,reg,k_ACTTGTGGAT,8.048455810546875
SXT,kmer,reg,k_ATATACCACA,8.041400146484374
SXT,kmer,reg,k_CGAACAGGTA,8.034675312042236
SXT,kmer,reg,k_AATGTCCAGA,8.001346588134766
SXT,kmer,reg,k_AAGAGTGTGT,7.997119140625
SXT,kmer,clf,k_AGTGAAGCAT,7.981480407714844
SXT,kmer,reg,k_GTGCCTCAAC,7.91880989074707
SXT,kmer,reg,k_CGGCTTCAGC,7.905609512329101
SXT,kmer,reg,k_GCACTCAATA,7.8972900390625
SXT,kmer,clf,k_GGATCCAGGA,7.886231994628906
SXT,kmer,reg,k_AATTCTCGCT,7.8555391311645515
SXT,kmer,reg,k_GGAGCTACGA,7.838804626464844
SXT,kmer,reg,k_ACTCCGTCGG,7.81397819519043
SXT,kmer,reg,k_AGGTAGGCTG,7.793264389038086
SXT,kmer,reg,k_ATGCGCTCAA,7.784833908081055
SXT,kmer,reg,k_GTACTTAGTA,7.78076171875
SXT,kmer,clf,k_CCTTGTAGGC,7.746208190917969
SXT,kmer,reg,k_GCGTTATATA,7.727084732055664
SXT,kmer,clf,k_GACCGTACTA,7.700658130645753
SXT,kmer,reg,k_AGAATCATGC,7.6982673645019535
SXT,kmer,clf,k_AGAGGCGGGG,7.658172607421875
SXT,kmer,clf,k_ACCGTCGCAG,7.583279418945312
SXT,kmer,reg,k_ACAAGCGCGT,7.580462265014648
SXT,kmer,reg,k_GGGTGGTAAA,7.558845520019531
SXT,kmer,reg,k_ACATACGGAG,7.528419494628906
SXT,kmer,reg,k_ATTGCCTCCG,7.470893096923828
SXT,kmer,reg,k_CCCTGTTCGG,7.436608123779297
SXT,kmer,reg,k_ATTGAAACCG,7.374246215820312
SXT,kmer,reg,k_CCTGCGTCAC,7.356593132019043
SXT,kmer,clf,k_GAGTTAGTTA,7.356460189819336
SXT,kmer,reg,k_CCCAATGTAA,7.350271415710449
SXT,kmer,reg,k_CTTGTGTACA,7.332797527313232
SXT,kmer,reg,k_CCGAGATCAC,7.294592952728272
SXT,kmer,reg,k_CCAATTATTC,7.155252647399902
SXT,kmer,reg,k_AAACGCTAAT,7.15323486328125
SXT,kmer,reg,k_GGAAAGATCA,7.134253692626953
SXT,kmer,reg,k_ACGCAAGTGC,7.087877655029297
SXT,kmer,clf,k_CCTGATTAGA,7.075310230255127
SXT,kmer,reg,k_TAATCCGGAA,6.970620727539062
SXT,kmer,reg,k_TCAGTAACAA,6.93972988128662
SXT,kmer,reg,k_CTGAGGCTGA,6.885442066192628
SXT,kmer,reg,k_AGAGCATAAT,6.875264739990234
SXT,kmer,reg,k_CTCAGCAAGC,6.860181903839111
SXT,kmer,reg,k_AAGTTATATG,6.832941246032715
SXT,kmer,reg,k_AACTACACCC,6.827799987792969
SXT,kmer,reg,k_GTGATGGTTA,6.803193664550781
SXT,kmer,reg,k_GGACTCGGTA,6.754524421691895
SXT,kmer,reg,k_ATTATACTGC,6.665579986572266
SXT,kmer,reg,k_TATTGCGCAA,6.615635681152344
SXT,kmer,reg,k_GCTTTACCCA,6.538805961608887
SXT,kmer,reg,k_AGTCAGATCA,6.5169473648071286
SXT,kmer,clf,k_CCAGGAGAGG,6.515126037597656
SXT,kmer,clf,k_ATCCCTGTAC,6.501255035400391
SXT,kmer,reg,k_AGCCTCAACG,6.490717029571533
SXT,kmer,reg,k_CTTCAGCTTA,6.489659404754639
SXT,kmer,clf,k_ACTTCCTGGG,6.442783355712891
SXT,kmer,reg,k_TGGTGCGACA,6.428966522216797
SXT,kmer,reg,k_GAAGGCATAC,6.412486267089844
SXT,kmer,reg,k_AGACGCACTC,6.400403308868409
SXT,kmer,reg,k_CAACTGCCGA,6.357094573974609
SXT,kmer,reg,k_CATTAGTATA,6.353831481933594
SXT,combined,reg,k_CGCGTAATCC,743.5008789062501
SXT,combined,reg,k_AATCCGGAAG,659.6553466796875
SXT,combined,reg,k_AATACGCCCT,526.192741394043
SXT,combined,reg,k_AAGCGAGGCT,175.6681427001953
SXT,combined,reg,k_ATACGCCCTG,146.4634521484375
SXT,combined,reg,k_CCGACTCATA,128.0502517700195
SXT,combined,reg,k_CACGGCTTCG,116.45127868652344
SXT,combined,reg,k_GCAATACGCC,99.99658966064453
SXT,combined,reg,k_GTACATGAAC,91.046337890625
SXT,combined,reg,k_GATCTCAGAA,89.28076171875
SXT,combined,reg,k_CAGGCTTGGC,88.6611328125
SXT,combined,reg,k_AGACTGTACC,73.16919555664063
SXT,combined,clf,k_AATACGCCCT,70.49388427734375
SXT,combined,reg,k_CCTACATAAA,70.27601699829101
SXT,combined,reg,k_GCCCTGTTAC,67.34761962890624
SXT,combined,reg,k_CCACCGTCCG,61.4403564453125
SXT,combined,reg,k_CCTTGTAGGC,60.269049072265624
SXT,combined,reg,k_CGGACGACCA,59.3577880859375
SXT,combined,reg,k_GGATCCAGGA,57.72620124816895
SXT,combined,reg,k_ACAAGCCATG,56.708169555664064
SXT,combined,reg,k_ATCCGGAAGA,55.16609916687012
SXT,combined,reg,k_AGTTAAGTGG,54.7080078125
SXT,combined,reg,k_CCGATATCGA,53.92593994140625
SXT,combined,reg,k_CCACCATCCG,52.149436950683594
SXT,combined,clf,k_CGCGTAATCC,50.08230514526367
SXT,combined,reg,k_AAGCGCCTCA,45.83510759212077
SXT,combined,clf,k_CCACCGTCCG,43.66247715950012
SXT,combined,reg,k_ATCGAGCATA,41.47881164550781
SXT,combined,reg,k_CCCTCAAGTA,40.77963409423828
SXT,combined,reg,k_AAGAGATCCC,40.3425835609436
SXT,combined,reg,k_CTGTGTCGCC,37.37021179199219
SXT,combined,reg,k_CATAGTCGAA,34.605859375
SXT,combined,clf,k_GCAATACGCC,34.07198085784912
SXT,combined,clf,k_CGGACGACCA,32.980973434448245
SXT,combined,reg,k_GCACAAGCGC,32.730473327636716
SXT,combined,reg,k_AAGCCCTTAG,31.54012610912323
SXT,combined,clf,k_AATCCGGAAG,31.08310546875
SXT,combined,reg,k_CCTGATTAGA,29.771313476562497
SXT,combined,reg,k_CATCGGCAAG,27.68968505859375
SXT,combined,reg,k_CACTCGTGGA,26.860400390625
SXT,combined,reg,k_ATTTCCCCCC,26.34703369140625
SXT,combined,reg,k_CTCATCGTGA,25.83873291015625
SXT,combined,reg,k_ATTCTTTCGG,25.71854248046875
SXT,combined,reg,k_ATAATCCTAC,25.65263671875
SXT,combined,reg,k_GCAAGATCGA,25.28125820159912
SXT,combined,reg,k_ATGCTCGATA,24.442567443847658
SXT,combined,reg,k_AGGGTAGGAA,24.33807373046875
SXT,combined,reg,k_CTGCGTCTGA,23.409820556640625
SXT,combined,reg,k_CTGGGAGCCA,22.585824966430664
SXT,combined,reg,k_GACAGACCAC,22.237477111816407
SXT,combined,reg,k_ACTTAATTCG,21.949913024902344
SXT,combined,reg,k_AGTGTAAAGC,21.172729396820067
SXT,combined,reg,k_GAGCGAAACC,20.89632568359375
SXT,combined,reg,k_ATCGACTTAG,20.37333984375
SXT,combined,clf,k_GAAAGCCACA,20.247591018676758
SXT,combined,reg,k_ACAACGAACG,19.740604305267333
SXT,combined,reg,k_AGTACAGGTA,19.3778564453125
SXT,combined,reg,k_TAATCCGGAA,19.319757080078126
SXT,combined,reg,k_GAGACCGCAA,19.292300415039062
SXT,combined,reg,k_AATGCATCGG,18.586328125
SXT,combined,reg,k_AGGTATACCA,18.456290245056152
SXT,combined,clf,k_CCTACATAAA,18.063014340400695
SXT,combined,reg,k_CTGACAGGGC,17.71270294189453
SXT,combined,clf,k_CCGACTCATA,17.685282611846922
SXT,combined,reg,k_GCGGAGATCA,17.60224609375
SXT,combined,reg,k_GACCCTTGCA,17.3632700920105
SXT,combined,reg,t_serotype_19F,17.245821952819824
SXT,combined,clf,k_CACGGCTTCG,17.0472620010376
SXT,combined,reg,k_AATGACGTAA,17.03810634613037
SXT,combined,reg,k_ATTAGATATC,16.922027587890625
SXT,combined,clf,k_CAGGCTTGGC,16.757196044921876
SXT,combined,reg,k_AAGTTCCGAA,16.356679916381836
SXT,combined,reg,k_CTACTAACAC,16.308923530578614
SXT,combined,reg,k_CAGGTATAGA,15.900146484375
SXT,combined,clf,k_ATACGCCCTG,15.155438840389252
SXT,combined,reg,k_AGTGAAGCAT,14.793507385253907
SXT,combined,reg,k_GAATTAACTA,14.666908264160156
SXT,combined,reg,k_GTTTCCGGTA,14.154104614257813
SXT,combined,reg,k_AGGGTTGACC,13.9486328125
SXT,combined,reg,k_GAAAGTGATC,13.672059071063996
SXT,combined,reg,k_GCTTTCCCAC,13.662100410461427
SXT,combined,reg,k_AGTCGGGAGC,13.659671020507812
SXT,combined,reg,k_AAGATAGGCC,13.55065985918045
SXT,combined,clf,k_CAAGCGGAGA,13.452458572387695
SXT,combined,reg,k_ACAAATCGTG,13.448495483398437
SXT,combined,reg,k_ATATACCACA,13.430795288085937
SXT,combined,reg,k_ATAGGTTTAA,13.357558441162109
SXT,combined,clf,k_CCGATATCGA,13.135784912109374
SXT,combined,reg,k_CAATGAGGTG,13.06182861328125
SXT,combined,reg,k_AACCAAATAG,13.006982421875
SXT,combined,reg,t_serotype_15A,12.83177318572998
SXT,combined,reg,k_ACCTATATAC,12.267503356933593
SXT,combined,clf,k_AAGTATACGC,12.081886291503906
SXT,combined,reg,k_AGCATCGACA,12.014757347106933
SXT,combined,reg,k_ACCTAACTCC,11.982699203491212
SXT,combined,reg,k_TAGGCGCTCA,11.938780212402344
SXT,combined,reg,k_AGCATAGTGA,11.897512817382813
SXT,combined,reg,k_TAAGTTAACA,11.435270690917969
SXT,combined,reg,k_AGACGGATCT,11.399627685546875
SXT,combined,reg,k_TGAGCACTAA,11.268994140625
SXT,combined,clf,k_GTTACTCCCA,11.072903442382813
SXT,combined,reg,k_CCTGCGTCAC,10.73808937072754
SXT,combined,reg,k_ACGCAAAGAT,10.256645202636719
SXT,combined,reg,k_AAAAGTGAGT,10.228864693641661
SXT,combined,reg,k_CAACTAACCG,10.089421844482422
SXT,combined,clf,k_CCTGATTAGA,10.06770076751709
SXT,combined,clf,k_AGGGCTGGCG,9.878760528564452
SXT,combined,reg,k_CAGAAGGGGC,9.844699096679687
SXT,combined,reg,k_CTCTAAACAC,9.8020751953125
SXT,combined,reg,k_TGTCACCACA,9.6749755859375
SXT,combined,reg,k_CCCCTAGTAA,9.646238708496094
SXT,combined,reg,k_GCATTCTATA,9.569696044921875
SXT,combined,reg,k_CGGCTTCAGC,9.54046905040741
SXT,combined,reg,k_GGTACGCTCA,9.51065673828125
SXT,combined,clf,k_GACCGTACTA,9.504238414764405
SXT,combined,reg,k_TAAGCCGATA,9.452984619140626
SXT,combined,reg,k_ATATACCAAC,9.42699737548828
SXT,combined,reg,k_GCAGTTAATA,9.168916320800781
SXT,combined,reg,k_AAAGGACGGC,9.07009506225586
SXT,combined,reg,k_AGTGTACAAT,9.0072021484375
SXT,combined,reg,k_CAGTGCTACG,9.000592041015626
SXT,combined,reg,k_AGAGCATAAT,8.968088722229004
SXT,combined,reg,k_CACACGCCCC,8.762407684326172
SXT,combined,clf,k_GGATCCAGGA,8.744573020935059
SXT,combined,reg,k_GAACAGCAAA,8.643986988067628
SXT,combined,reg,k_GGTTTTTAGA,8.595699262619018
SXT,combined,reg,k_ACGGGCATAC,8.585659790039063
SXT,combined,reg,k_TGTGCTGCAA,8.475823974609375
SXT,combined,reg,k_AGGCACGCTA,8.431846618652344
SXT,combined,reg,k_CATTTTTCGG,8.303574371337891
SXT,combined,reg,k_CAGTTCGCCA,8.293670654296875
SXT,combined,reg,k_CCTAATCTAA,8.266301155090332
SXT,combined,reg,k_CCCCTGGTAA,8.177055490016938
SXT,combined,reg,k_ATTCATGTTA,8.153706359863282
SXT,combined,clf,k_CCACCATCCG,8.152423524856568
SXT,combined,reg,k_ACTCAAGCCA,7.959563541412353
SXT,combined,reg,k_CAAAGTCGCG,7.925809478759765
SXT,combined,reg,k_GCGATACAAC,7.8889463424682615
SXT,combined,reg,k_TATATATATA,7.824268531799317
SXT,combined,reg,k_CTTACGTAAA,7.822447586059571
SXT,combined,reg,k_GCCACTAACA,7.756596887111663
SXT,combined,reg,k_ATTAATGATC,7.715069580078125
SXT,combined,reg,k_CGCCCTGTTA,7.709873962402344
SXT,combined,reg,k_ACTATAACGA,7.689228630065918
SXT,combined,reg,k_AACCCCATAT,7.6777496337890625
SXT,combined,reg,k_CCCAATGTAA,7.655774688720703
SXT,combined,reg,k_CAGAGCGATA,7.571663093566895
SXT,combined,reg,k_CGAAACCCAC,7.566159057617187
SXT,combined,reg,k_TAATTCGCTA,7.528185272216797
SXT,combined,reg,k_CTTATCCCGA,7.469921875
SXT,combined,reg,k_ACTTGGACTC,7.440101623535156
SXT,combined,reg,k_TAGTGCATCA,7.424442291259766
SXT,combined,reg,k_GGAATATTCC,7.31929931640625
SXT,combined,reg,k_AACAACAGAG,7.281455397605896
SXT,combined,clf,k_TCGTTATACA,7.168232727050781
SXT,combined,reg,k_ACAATGAGCA,7.096743774414063
SXT,combined,reg,k_CCTCTGCAGC,7.07540283203125
SXT,combined,reg,k_AAAGTTCCGA,7.035566413402557
SXT,combined,reg,k_GTCAGTGAAC,7.007638359069825
SXT,combined,reg,k_ATTGCCTCCG,6.932392120361328
SXT,combined,reg,k_TATGGAGCGA,6.872921848297119
SXT,combined,clf,k_ACCGTCGCAG,6.8588096618652346
SXT,combined,reg,k_GCTGTAGCCC,6.816197776794434
SXT,combined,reg,k_GCCTATAACC,6.775835859775543
SXT,combined,clf,k_TAATCCGGAA,6.718123054504394
SXT,combined,reg,k_ACGTTAAGGA,6.644435882568359
SXT,combined,reg,k_AGCCAGTATG,6.639676189422607
SXT,combined,reg,k_ATATATATAT,6.605101013183594
SXT,combined,reg,k_AATGTCCAGA,6.596366569399834
SXT,combined,reg,k_ACTACTCTAG,6.565670013427734
SXT,combined,reg,k_TAAGGTTATA,6.563510608673096
SXT,combined,reg,k_ACTCCGTCGG,6.562976455688476
SXT,combined,reg,k_AGGATAGCCG,6.50255126953125
SXT,combined,reg,k_GTTGCAGGCA,6.458349609375
SXT,combined,clf,k_GATCTCAGAA,6.433484363555908
SXT,combined,reg,k_AGGTAGGCTG,6.410452127456666
SXT,combined,reg,k_CCTTCGTCCC,6.376160049438477
SXT,combined,reg,k_CACAAATGAC,6.3242919921875
SXT,combined,reg,k_ACTCGTTGAG,6.297195529937744
SXT,combined,clf,k_CCTTGTAGGC,6.28752326965332
SXT,combined,reg,k_ATGACCCCCA,6.232283401489258
SXT,combined,reg,k_GCAGACAACA,6.166978073120117
SXT,combined,reg,k_TCGGTAGCAA,6.165431976318359
SXT,combined,clf,k_AGTGAAGCAT,6.136415100097656
SXT,combined,clf,k_AAGCGAGGCT,6.095603561401367
SXT,combined,reg,k_CATCGGTTAG,6.078509140014648
SXT,combined,clf,k_ATCCCTGTAC,6.076246643066407
SXT,combined,clf,k_CGTTTATTAC,6.045674133300781
SXT,combined,reg,k_CATCAGAGTA,6.026925277709961
SXT,combined,reg,k_ATGTATATGA,5.9896728515625
SXT,combined,reg,k_ACAACCTGGT,5.962472248077392
SXT,combined,reg,k_GAATTATGTA,5.94330825805664
SXT,combined,reg,k_GCTACAGAGC,5.93797721862793
SXT,combined,reg,k_ACAGAATACA,5.929152917861938
SXT,combined,reg,k_TTACGCCGAA,5.862003421783447
SXT,combined,reg,k_GCAGAACTGC,5.8538055419921875
SXT,combined,reg,k_GTACGGAGGA,5.850068187713623
SXT,combined,reg,k_GCAACGTATA,5.8272552490234375
SXT,combined,reg,k_CTACTAGGGA,5.787628412246704
SXT,combined,reg,k_AAGTTATATG,5.772311973571777
