drug,featset,task,feature,mean_gain
PEN,kmer,reg,k_GAAACGTCCC,1125.6653442382812
PEN,kmer,reg,k_CGACTACCCA,985.8027465820312
PEN,kmer,reg,k_TACCGTTAGA,898.35078125
PEN,kmer,reg,k_TACCGCTCTA,686.8332885742188
PEN,kmer,reg,k_ATGCATTATG,675.1730010986328
PEN,kmer,reg,k_CGTATAGCCA,456.78215332031255
PEN,kmer,reg,k_ACCGAATCAG,419.1947567939759
PEN,kmer,reg,k_AGGCGGCGAC,343.8722229003906
PEN,kmer,reg,k_CAGGTGCTAC,328.68953170776365
PEN,kmer,reg,k_CCACAGCACA,211.65031623840332
PEN,kmer,reg,k_ATGTCTGATG,121.98289566040039
PEN,kmer,reg,k_TACAGACCGA,104.66596031188965
PEN,kmer,reg,k_AGAGCCAACG,103.8935089111328
PEN,kmer,reg,k_CTCGTTATAC,84.67924118041992
PEN,kmer,clf,k_ATGTCTGATG,80.36122665405273
PEN,kmer,reg,k_GACGGTTAGA,77.9201307296753
PEN,kmer,reg,k_CACACTTTCC,69.6864501953125
PEN,kmer,reg,k_CCCGACTGTC,63.0885986328125
PEN,kmer,reg,k_CGTTTGCATA,61.79867172241211
PEN,kmer,clf,k_TACAGACCGA,59.33043067455292
PEN,kmer,reg,k_GCATGCATTA,55.4963882446289
PEN,kmer,reg,k_CGGATAACTA,55.245233154296876
PEN,kmer,reg,k_CAGTGACGTA,51.5093017578125
PEN,kmer,reg,k_CCCTGTCTTA,50.3378662109375
PEN,kmer,reg,k_CCGTTCCCAG,46.449694824218746
PEN,kmer,reg,k_ATGCGGCAAG,46.3530029296875
PEN,kmer,reg,k_GAAAGCCACA,46.15013580322266
PEN,kmer,reg,k_ACCTACAGTG,45.51502380371093
PEN,kmer,reg,k_AGTCTAACTC,44.47224655151367
PEN,kmer,clf,k_CCCTGTCTTA,41.81241111755371
PEN,kmer,reg,k_CTCGGGACCC,38.45917510986328
PEN,kmer,reg,k_CCCTAAGACC,35.56883239746094
PEN,kmer,clf,k_CCCGACTGTC,34.6884765625
PEN,kmer,reg,k_GAAGCGTGGA,34.532935333251956
PEN,kmer,reg,k_TGGAGCCTAA,34.24008026123047
PEN,kmer,clf,k_CCCCGTAGGC,31.60533752441406
PEN,kmer,clf,k_ATTCCGCTGG,31.477706348896024
PEN,kmer,reg,k_GGGGTCCCGA,28.924023437499997
PEN,kmer,reg,k_GACGTTTCGC,26.0230712890625
PEN,kmer,reg,k_CCCCGTAGGC,26.012789916992187
PEN,kmer,reg,k_GGGTCTACAA,25.147294580936432
PEN,kmer,reg,k_AGTTTCGTCG,25.104861450195315
PEN,kmer,reg,k_GTTTCGCTCA,24.802105951309205
PEN,kmer,reg,k_CCTTGCCGCA,23.348919677734376
PEN,kmer,reg,k_AAGGCGCGGA,22.59296875
PEN,kmer,reg,k_AATGCATGCT,22.290283203125
PEN,kmer,clf,k_GGGGTCCCGA,22.107593536376953
PEN,kmer,reg,k_GACTATGGCC,21.962191772460937
PEN,kmer,clf,k_CTCGGGACCC,19.48856201171875
PEN,kmer,clf,k_AGTTTCGTCG,18.688995552062988
PEN,kmer,reg,k_CAGTGGACGC,17.911520385742186
PEN,kmer,reg,k_ACCACAGCAC,17.561181640625
PEN,kmer,reg,k_TACTGCCGAA,16.7866943359375
PEN,kmer,reg,k_CCCTGTGAAG,16.5280912399292
PEN,kmer,reg,k_GCAATACGCC,15.630329895019532
PEN,kmer,reg,k_CAGTGACACA,14.77306671142578
PEN,kmer,reg,k_GGTCAGTGCA,14.43399903178215
PEN,kmer,reg,k_ATATCGTGGC,14.125408935546874
PEN,kmer,reg,k_GTCGGACTCA,14.123928833007813
PEN,kmer,reg,k_CATAGACTAA,13.9679443359375
PEN,kmer,reg,k_AATACGCCCT,13.394448566436768
PEN,kmer,clf,k_ATACGTTAGA,13.360154724121093
PEN,kmer,reg,k_ATACGTTAGA,13.186537170410157
PEN,kmer,clf,k_CCGACACAAG,13.135253667831421
PEN,kmer,reg,k_AACGAGTGAG,12.917566335201263
PEN,kmer,reg,k_ATCACATCCG,12.363671875
PEN,kmer,reg,k_CAAGCACAGG,12.035829162597656
PEN,kmer,reg,k_GAATAGATGC,11.808623504638671
PEN,kmer,reg,k_CCGACACAAG,11.79613037109375
PEN,kmer,clf,k_CAGTGACGTA,11.535652160644531
PEN,kmer,reg,k_AAGCGTTAAT,11.280175018310548
PEN,kmer,reg,k_TGTGTGAGAA,11.144391512870788
PEN,kmer,reg,k_ACGGCTCCCT,11.0234375
PEN,kmer,reg,k_AAAGGCGTCC,10.965524291992187
PEN,kmer,clf,k_GCTGAATCGA,10.891550445556641
PEN,kmer,reg,k_CATGAGCCAC,10.7697265625
PEN,kmer,reg,k_CGATCCCGAA,10.6174560546875
PEN,kmer,reg,k_ACGTGTTCTA,10.275982666015626
PEN,kmer,reg,k_ATCTAGCCTG,10.264218139648438
PEN,kmer,reg,k_CTTACCCTGA,10.21849148273468
PEN,kmer,clf,k_GGGACGTTAA,10.209519195556641
PEN,kmer,reg,k_ACTTCCGAAG,10.14715576171875
PEN,kmer,reg,k_ACGGAAAACC,10.129929924011229
PEN,kmer,reg,k_ACGAATAGTA,10.06509834676981
PEN,kmer,reg,k_ATCCGAAGTG,9.789962768554688
PEN,kmer,reg,k_TAACCGACTA,9.589977264404297
PEN,kmer,reg,k_CCCGTTTGAA,9.44224338531494
PEN,kmer,clf,k_TAACGTCCCA,9.414915847778321
PEN,kmer,reg,k_CGTCGCCTAA,9.395527648925782
PEN,kmer,reg,k_ATAATGCATG,9.346319580078125
PEN,kmer,reg,k_CATTGTGGCG,9.28050103187561
PEN,kmer,reg,k_AACCTACATC,9.181761169433594
PEN,kmer,reg,k_AGTAGACTCA,9.020462560653685
PEN,kmer,reg,k_CACGGGTTTC,8.987557983398437
PEN,kmer,reg,k_ATACAGAATG,8.94398193359375
PEN,kmer,reg,k_CCAGTAAGTA,8.8282958984375
PEN,kmer,reg,k_GTACATACGA,8.812107467651366
PEN,kmer,reg,k_CACAACCGAA,8.776891326904297
PEN,kmer,reg,k_CACGATTCGA,8.559345245361328
PEN,kmer,reg,k_GGACCTACTA,8.519821453094481
PEN,kmer,reg,k_ATTCAGCCCC,8.4640380859375
PEN,kmer,reg,k_CCGCTCCCAC,8.404963195323944
PEN,kmer,clf,k_GCGCTCGGGA,8.351420593261718
PEN,kmer,clf,k_TAACCGACTA,8.051670742034913
PEN,kmer,reg,k_GAGAACCGCA,7.8741943359375
PEN,kmer,reg,k_ATTGTACGTA,7.860845947265625
PEN,kmer,reg,k_CGCACCAAGA,7.844992291927337
PEN,kmer,reg,k_GAAAACGGGC,7.843234252929688
PEN,kmer,reg,k_CAATGCCCTC,7.77258996963501
PEN,kmer,clf,k_CATCCAATTA,7.623606491088868
PEN,kmer,reg,k_CGCTGATGTC,7.5938001632690435
PEN,kmer,reg,k_ACATGGTGGG,7.569326210021973
PEN,kmer,clf,k_GAAAGCCACA,7.556458830833435
PEN,kmer,reg,k_AACCCATGTC,7.521096801757812
PEN,kmer,reg,k_CAGTAGTATC,7.50987548828125
PEN,kmer,reg,k_GCTAACTTCA,7.460089111328125
PEN,kmer,reg,k_ATCGGATAAG,7.229281321167946
PEN,kmer,reg,k_AAGCGACGCT,7.080558443069458
PEN,kmer,reg,k_CATGGTCTCA,7.017233276367188
PEN,kmer,reg,k_TAAACCCCAA,6.9895493820309635
PEN,kmer,reg,k_ACCCCTCACT,6.8894905090332035
PEN,kmer,reg,k_AGCTCGCATG,6.829638671875
PEN,kmer,reg,k_CAGTGACATC,6.801318359375
PEN,kmer,reg,k_ATAGTAGTAC,6.7370849609375
PEN,kmer,reg,k_ACATGCAGCC,6.693684387207031
PEN,kmer,reg,k_ACCCTCTTAC,6.572779941558839
PEN,kmer,reg,k_AAGACGGGTC,6.55485560297966
PEN,kmer,reg,k_AAGTACTTAG,6.553025841712952
PEN,kmer,reg,k_GAAACATTAC,6.400869977474212
PEN,kmer,reg,k_AAATTTAGGC,6.378356170654296
PEN,kmer,reg,k_AGTAGACCCC,6.363647079467773
PEN,kmer,reg,k_TAATCCGGAA,6.31689453125
PEN,kmer,reg,k_CTATGAGCAG,6.294496536254883
PEN,kmer,reg,k_CTCCGGATAC,6.2634509086608885
PEN,kmer,reg,k_GGAGTGGCCA,6.24305419921875
PEN,kmer,reg,k_ACACCGCAAG,6.222873032093048
PEN,kmer,reg,k_AGTAATACTA,6.178155517578125
PEN,kmer,clf,k_AATTCAATAG,6.164479446411133
PEN,kmer,reg,k_ACTATAAGCG,6.104214096069336
PEN,kmer,reg,k_AGTTACATGA,6.06229248046875
PEN,kmer,reg,k_AACTCCCACT,6.051397705078125
PEN,kmer,clf,k_AGTGTGCAAA,6.026510810852051
PEN,kmer,reg,k_TCCGAGACCA,6.0179931640625
PEN,kmer,reg,k_TGCCGAGAAA,6.002105712890625
PEN,kmer,reg,k_ATTTAGGCTC,5.976942610740661
PEN,kmer,reg,k_ACAACTACCT,5.976861572265625
PEN,kmer,reg,k_AAGCGTAGGG,5.947122955322265
PEN,kmer,reg,k_ACCACCCTCA,5.927911376953125
PEN,kmer,reg,k_ACCCCTGACC,5.917609310150146
PEN,kmer,reg,k_GCTGACGACC,5.8839599609375
PEN,kmer,reg,k_TAACCCACTA,5.87762451171875
PEN,kmer,reg,k_CCCACAGTAC,5.87569580078125
PEN,kmer,reg,k_CATCTAACAG,5.8557373046875
PEN,kmer,reg,k_AATAACCCCC,5.854829978942871
PEN,kmer,reg,k_AACGTGCCAC,5.8395751953125
PEN,kmer,reg,k_GCATATGTTA,5.83921127319336
PEN,kmer,reg,k_CCGCGCCATC,5.7831298828125
PEN,kmer,reg,k_TATGCGATAA,5.684588623046874
PEN,kmer,reg,k_ATTCCGCTGG,5.678619384765625
PEN,kmer,reg,k_GACTTGTGAC,5.644954007863999
PEN,kmer,clf,k_CAGTGACACA,5.604263716936112
PEN,kmer,reg,k_GGCCAGCTGA,5.601765000820159
PEN,kmer,reg,k_ACGCCTGTAC,5.521853637695313
PEN,kmer,reg,k_AGGTAGGCTG,5.4434010028839115
PEN,kmer,reg,k_AACCTACCCA,5.38095703125
PEN,kmer,reg,k_ACAAATCTAC,5.3789215087890625
PEN,kmer,reg,k_AGGAGTTAAG,5.332708740234375
PEN,kmer,reg,k_GGATAGCGCA,5.325315713882446
PEN,kmer,reg,k_ATGTCCTAAG,5.296109008789062
PEN,kmer,reg,k_ATAGTTCACC,5.293978881835938
PEN,kmer,reg,k_GATGATCCCC,5.277397155761719
PEN,kmer,reg,k_GCTTTTATCA,5.2345733642578125
PEN,kmer,reg,k_AGCGCTTAAG,5.232696533203125
PEN,kmer,reg,k_ATTCATCCTG,5.216891860961914
PEN,kmer,reg,k_ATGAGGGTGG,5.158053588867188
PEN,kmer,reg,k_AATACGGCCT,5.138252782821655
PEN,kmer,reg,k_CTAGCGTAGC,5.13758430480957
PEN,kmer,reg,k_CGTAGCAAAA,5.113627624511718
PEN,kmer,reg,k_AAGAGCGGAG,5.089172402769327
PEN,kmer,reg,k_ACAACCGAAT,5.08440157175064
PEN,kmer,reg,k_ATAAGCCCGA,5.072506523132324
PEN,kmer,reg,k_AATCGTCTAC,5.061236572265625
PEN,kmer,reg,k_AAGCTGTGGG,5.0608819961547855
PEN,kmer,reg,k_TACGCGTATA,5.031672668457031
PEN,kmer,reg,k_ATGACGTTAG,5.011180818080902
PEN,kmer,reg,k_AAGTTCCGAA,5.007951879501343
PEN,kmer,reg,k_TATCGCATAA,5.007508850097656
PEN,kmer,reg,k_ATTAGGCGAA,4.9187341213226325
PEN,kmer,reg,k_ACGCTGGAGA,4.879517018795013
PEN,kmer,reg,k_CACTCTCTGA,4.8742317199707035
PEN,kmer,reg,k_CACATATTCG,4.8444580078125
PEN,kmer,reg,k_ATACACCCTA,4.840919494628906
PEN,kmer,reg,k_GTACCACAAC,4.8404388427734375
PEN,kmer,reg,k_AGCGTGGGAT,4.829754638671875
PEN,kmer,reg,k_AAGTAAACGG,4.7861572265625
PEN,kmer,reg,k_AGTTATATCG,4.76849136352539
PEN,kmer,reg,k_GTATACTTCA,4.767793548107147
PEN,kmer,clf,k_AGGGGCTTAA,4.730033111572265
PEN,kmer,reg,k_CCACACCTAC,4.728559285402298
PEN,kmer,reg,k_TAAAAGTCTA,4.70229549407959
PEN,combined,reg,k_CGACTACCCA,1394.4183959960938
PEN,combined,reg,k_TACCGCTCTA,851.8154541015625
PEN,combined,reg,k_GAAACGTCCC,803.4461181640625
PEN,combined,reg,k_CGTATAGCCA,464.76539764404293
PEN,combined,reg,k_ATGCATTATG,428.02928161621094
PEN,combined,reg,k_TACCGTTAGA,379.782666015625
PEN,combined,reg,k_CAGGTGCTAC,271.1217670440674
PEN,combined,reg,k_ACCGAATCAG,243.25833206176756
PEN,combined,reg,k_CCACAGCACA,219.85939941406252
PEN,combined,reg,k_GCATAACTCC,176.78714599609376
PEN,combined,reg,k_GACGGTTAGA,146.42100219726564
PEN,combined,reg,k_AGGCGGCGAC,145.39491348266603
PEN,combined,reg,k_ATGTCTGATG,145.18583984375
PEN,combined,reg,k_AGAGCCAACG,127.28073120117188
PEN,combined,reg,k_GACCGTACTA,123.9787971496582
PEN,combined,reg,k_ACCACAGCAC,104.75307235717774
PEN,combined,reg,k_CCCTAAGACC,89.06973724365234
PEN,combined,clf,k_ATGTCTGATG,84.98695755004883
PEN,combined,reg,k_CTCGGACTAA,84.24890003204347
PEN,combined,reg,k_GCATGCATTA,81.08847045898438
PEN,combined,reg,k_CCCCGTAGGC,78.24737091064453
PEN,combined,reg,k_ATTCCGCTGG,67.5600799560547
PEN,combined,reg,k_AGTCTAACTC,65.2172134399414
PEN,combined,reg,k_CCCGACTGTC,59.973779296875
PEN,combined,reg,k_CCCTGTCTTA,57.186441040039064
PEN,combined,reg,k_GAAAGCCACA,51.454759979248045
PEN,combined,clf,k_CAGTGACGTA,50.474656513333315
PEN,combined,clf,k_CCCTGTCTTA,50.315763854980474
PEN,combined,reg,k_TGGAGCCTAA,50.23229293823242
PEN,combined,clf,k_CCCGACTGTC,42.858612060546875
PEN,combined,reg,k_CGCAATATAG,40.66474609375
PEN,combined,reg,k_CGTTTGCATA,39.33713988959789
PEN,combined,clf,k_CCCCGTAGGC,38.37071685791016
PEN,combined,reg,k_TACAGACCGA,35.3173583984375
PEN,combined,clf,k_CCGACACAAG,34.895443725585935
PEN,combined,clf,k_GCGTGCATAA,34.514288330078124
PEN,combined,clf,k_TACAGACCGA,33.42096424102783
PEN,combined,reg,k_GAAGCGTGGA,33.337505435943605
PEN,combined,reg,k_ATACAGTACG,29.610438156127927
PEN,combined,clf,k_CTCGGGACCC,28.88303642272949
PEN,combined,reg,k_AAGCGTTAAT,27.43842468261719
PEN,combined,reg,k_GAAACATTAC,27.327479553222656
PEN,combined,reg,k_CCTTGCCGCA,26.8631591796875
PEN,combined,reg,k_CTCGGGACCC,25.539892578125
PEN,combined,reg,k_AGAGGTCCCT,25.02359619140625
PEN,combined,clf,k_GCGCTCGGGA,23.281230163574218
PEN,combined,reg,k_CCGACACAAG,22.675518798828126
PEN,combined,clf,k_AGTTTCGTCG,22.530149078369142
PEN,combined,reg,k_ACCACCGCCA,22.47236328125
PEN,combined,reg,k_AACGAGTGAG,22.312366104125978
PEN,combined,reg,k_AATACGCCCT,22.11719665527344
PEN,combined,reg,k_GGGTCTACAA,20.220773005485533
PEN,combined,reg,k_CTCGTTATAC,18.80421142578125
PEN,combined,reg,k_ACTCACGCAC,18.386912536621093
PEN,combined,reg,k_AGCATAACTC,18.362883377075196
PEN,combined,clf,k_ATTCCGCTGG,18.350546288490296
PEN,combined,reg,k_CCCGTTTGAA,18.033665657043457
PEN,combined,reg,k_ATATCGTGGC,17.716607666015626
PEN,combined,reg,k_GGCTAGAATA,15.45919418334961
PEN,combined,reg,k_GGGGTCCCGA,15.169391632080076
PEN,combined,reg,k_GCGGCGACCA,14.961395263671875
PEN,combined,reg,k_GGTCAGTGCA,14.448905944824219
PEN,combined,reg,k_CCGCTCCCAC,14.113662242889404
PEN,combined,reg,k_GTTTCGCTCA,13.746826362609863
PEN,combined,reg,k_ATACGTTAGA,11.704355621337891
PEN,combined,reg,k_CATTGTGGCG,11.528915405273438
PEN,combined,reg,k_ATTCATCCTG,11.468738174438478
PEN,combined,reg,k_GCCAACATAC,10.963519287109374
PEN,combined,reg,k_CGCACCAAGA,10.77096176147461
PEN,combined,reg,k_GGCTTTCGCA,10.757092094421386
PEN,combined,reg,k_GATCAACCTA,10.635926055908204
PEN,combined,reg,k_CCTGAAGCTA,10.627866488695144
PEN,combined,reg,k_AGTCTCAACG,10.412890625
PEN,combined,reg,k_AGTGCGGTTC,10.1066162109375
PEN,combined,clf,k_GACTCATCGA,9.476936173439025
PEN,combined,reg,k_AGTTTACTGC,9.400616455078126
PEN,combined,clf,k_GGGGTCCCGA,9.352213859558105
PEN,combined,reg,k_CTAGTATGGA,9.27791748046875
PEN,combined,reg,k_AGACCCGTCT,9.103457641601562
PEN,combined,clf,k_CGGATAACTA,8.930572509765625
PEN,combined,reg,k_CGCCCGATTC,8.697874069213867
PEN,combined,clf,k_GGGACGTTAA,8.64507999420166
PEN,combined,reg,k_TGGTGCGAAA,8.549035644531251
PEN,combined,reg,k_CAGGCTTACG,8.536203765869141
PEN,combined,reg,k_TAACTTACAA,8.531581941246987
PEN,combined,reg,k_AATCATTCGG,8.529730224609375
PEN,combined,clf,k_TAACCGACTA,8.46301212310791
PEN,combined,reg,k_CTGGGTTGGA,8.176123046875
PEN,combined,reg,k_ATGGCGACAG,8.097738188505172
PEN,combined,reg,k_GCCCCGTCCA,8.007058715820312
PEN,combined,reg,k_AGGTATATGC,7.9689697265625
PEN,combined,reg,k_GGTTTCCGCA,7.877367544174195
PEN,combined,reg,k_ATAATGCATG,7.86591682434082
PEN,combined,reg,t_serotype_NVT,7.8247674942016605
PEN,combined,reg,k_GCATAATGCA,7.649916076660157
PEN,combined,reg,k_GATTGCGGCC,7.60841064453125
PEN,combined,reg,k_ACCCATACGC,7.3811687469482425
PEN,combined,reg,k_GTGTTCTACA,7.34027099609375
PEN,combined,reg,k_GTTTGTCCGA,7.323346900939941
PEN,combined,reg,k_ACTGCATCGG,7.227924919128418
PEN,combined,reg,k_CAACGCCTAA,7.207709401845932
PEN,combined,clf,k_CATCCAATTA,7.17484188079834
PEN,combined,reg,k_AGGTGAATGA,7.025140380859375
PEN,combined,clf,k_ATACAGGTTG,6.995642852783203
PEN,combined,reg,k_AATACGGCCT,6.882651901245118
PEN,combined,reg,k_ATTGGGTCGC,6.879792785644531
PEN,combined,reg,k_ACTACATTAG,6.829481887817383
PEN,combined,clf,k_GCTGAATCGA,6.825175476074219
PEN,combined,reg,k_CTAAGGGGGA,6.781491088867187
PEN,combined,reg,k_GTACAAATAC,6.65286865234375
PEN,combined,reg,k_CCGCGCCATC,6.636705017089843
PEN,combined,reg,k_AGTTTCGTCG,6.580271911621094
PEN,combined,reg,k_AAGCTGTGGG,6.570731353759766
PEN,combined,reg,k_GCAGATAGGA,6.47516098022461
PEN,combined,reg,k_GCAGTACCCA,6.41864013671875
PEN,combined,reg,k_ACTTCAGAGC,6.413322067260742
PEN,combined,reg,k_TGTCACCACA,6.35640869140625
PEN,combined,reg,k_ACCTGGTAAC,6.327169752120972
PEN,combined,reg,k_CTAAGGGAAA,6.248300170898437
PEN,combined,reg,k_CTCAAAGCTC,6.18082275390625
PEN,combined,reg,k_AGGACCTTCC,6.15903623700142
PEN,combined,reg,k_CACTTCTTAG,6.137112426757812
PEN,combined,reg,k_ATTAGGCGAA,6.113256740570069
PEN,combined,clf,k_CGATGAGTCC,6.108989810943603
PEN,combined,reg,k_ATAAGCCCGA,6.101593464612961
PEN,combined,reg,k_ACGGCTCCCT,6.040673828125
PEN,combined,reg,k_CCGAATTTAA,6.021976828575134
PEN,combined,reg,k_AGCTAACCAT,6.007001304626464
PEN,combined,reg,k_AACGCGTAAT,6.006722640991211
PEN,combined,reg,k_CATGAGGTCA,5.87886962890625
PEN,combined,reg,k_ACACCTCAAT,5.866357421875
PEN,combined,reg,k_CTCGTGTCTC,5.8316162109375
PEN,combined,reg,k_AACGTCCGGG,5.813422393798828
PEN,combined,reg,k_AAACTAATGC,5.800021178741009
PEN,combined,reg,k_GCACCACAAC,5.732515621185303
PEN,combined,reg,k_CATTAGGGAG,5.714192199707031
PEN,combined,clf,k_GAAAGCCACA,5.626881647109985
PEN,combined,reg,k_CACCCCTTTC,5.593675231933593
PEN,combined,reg,k_CGTCAACGCC,5.592165459692479
PEN,combined,reg,k_CCATGAATCG,5.513140177726745
PEN,combined,reg,k_AAGGCCTGTC,5.508763122558594
PEN,combined,reg,k_ATCTAGACTC,5.47806625366211
PEN,combined,reg,k_AACAGGCGAT,5.469271087646484
PEN,combined,reg,k_ATAATATGTG,5.450723266601562
PEN,combined,reg,k_ATGCCCAGCC,5.430680474638939
PEN,combined,clf,k_ATACGTTAGA,5.4281871795654295
PEN,combined,reg,k_GACAAACCGC,5.3875732421875
PEN,combined,reg,k_CCCAATTAAG,5.36783447265625
PEN,combined,reg,k_AGAATTAGAT,5.274999070167541
PEN,combined,reg,k_CGTCGCCTAA,5.259317779541016
PEN,combined,reg,k_ACCTACAGTG,5.252749633789063
PEN,combined,reg,k_AACCCGCTGG,5.235742712020874
PEN,combined,reg,k_CGCTGATGTC,5.2121429443359375
PEN,combined,reg,k_CGAAGAGACG,5.144036868214607
PEN,combined,clf,k_AGATCTGCGA,5.140014266967773
PEN,combined,reg,k_CTCCCAAATA,5.12781982421875
PEN,combined,reg,k_AGTCAGCTTA,5.08197574019432
PEN,combined,reg,k_AAGGCGCGGA,5.07705078125
PEN,combined,reg,k_AGGAGGTCTA,5.0342041015625
PEN,combined,reg,k_GACTTAGCCC,4.997762393951416
PEN,combined,clf,k_AGGGGCTTAA,4.9558206558227536
PEN,combined,reg,k_ACGCCTGTGC,4.923583984375
PEN,combined,reg,k_AGCCGAATAG,4.886480712890625
PEN,combined,reg,k_GACTGACGGC,4.854364013671875
PEN,combined,reg,k_GCAGGTTAGC,4.850604248046875
PEN,combined,reg,k_GGCTGTTAGA,4.826359558105469
PEN,combined,reg,k_TAAAAGTCTA,4.825599670410156
PEN,combined,reg,k_CTGCTTACGC,4.801066589355469
PEN,combined,reg,k_ACCTGCGAAG,4.793573921918869
PEN,combined,reg,k_AAACCGCGAC,4.78779296875
PEN,combined,reg,k_GTCGGACTCA,4.772929382324219
PEN,combined,reg,k_CAGTGACACA,4.732238006591797
PEN,combined,reg,k_ATATTGTGTC,4.718366622924805
PEN,combined,reg,k_CACTCTCTGA,4.688891983032226
PEN,combined,reg,k_GATAAACCCC,4.68725792169571
PEN,combined,reg,k_AGCGGATGTA,4.62640380859375
PEN,combined,reg,k_TAGATTGCTA,4.613305234909058
PEN,combined,reg,k_CACAGTACAA,4.594586563110352
PEN,combined,reg,k_CACTAAGCAA,4.583151865005494
PEN,combined,reg,k_TAACGTCCCA,4.515798020362854
PEN,combined,reg,k_CATGGTCTCA,4.513756132125854
PEN,combined,clf,k_TAACGTCCCA,4.508894968032837
PEN,combined,reg,k_AGCGCTCTGG,4.504129028320312
PEN,combined,reg,k_GATCATAAGC,4.4737749099731445
PEN,combined,reg,k_GGTGCCGGTA,4.462883949279785
PEN,combined,reg,k_AGAGAGGTAC,4.450398254394531
PEN,combined,reg,k_CTCACACATA,4.448049116134643
PEN,combined,reg,k_CAATGCCCTC,4.406615829467773
PEN,combined,reg,k_GCTGAATCGA,4.391947937011719
PEN,combined,reg,k_AAGTTAGCCA,4.381421661376953
PEN,combined,reg,k_CTGTTGGTGC,4.381370544433594
PEN,combined,reg,k_GAGTGTAATA,4.371533203125
PEN,combined,reg,k_GACGAAATGC,4.349099045991898
PEN,combined,reg,k_AAAGTCGGAC,4.340630972385406
PEN,combined,reg,k_AACCGAATCA,4.314603805541992
PEN,combined,reg,k_CGGATAAGCC,4.305891418457032
PEN,combined,reg,t_serotype_9V,4.294496488571167
PEN,combined,reg,k_GATGATCCCC,4.257281112670898
PEN,combined,clf,k_CAGGTGCTAC,4.241539764404297
PEN,combined,reg,k_AGCTTCCCTC,4.2197043061256405
AMC,kmer,reg,k_ATGCATTATG,1444.4133911132812
AMC,kmer,reg,k_AGGCGGCGAC,534.6376342773438
AMC,kmer,reg,k_GCATAACTCC,422.35503349304196
AMC,kmer,reg,k_GACGGTTAGA,400.25169219970707
AMC,kmer,reg,k_ATTCCGCTGG,326.27342681884767
AMC,kmer,reg,k_TACCGCTCTA,285.6959831237793
AMC,kmer,reg,k_CAGGTGCTAC,250.1540718078613
AMC,kmer,reg,k_GCGTGCATAA,240.0786376953125
AMC,kmer,reg,k_CGTATAGCCA,227.7265197753906
AMC,kmer,clf,k_CTTCTGAGTA,211.758544921875
AMC,kmer,reg,k_ATACGTTAGA,156.3505126953125
AMC,kmer,clf,k_GAAACTGATC,149.7398239135742
AMC,kmer,reg,k_CCGACACAAG,127.10298004150391
AMC,kmer,clf,k_CGCCATCTGA,123.28404235839844
AMC,kmer,clf,k_AGTCTTGGCG,121.36950149536133
AMC,kmer,reg,k_GACCGTACTA,120.86332397460939
AMC,kmer,clf,k_ACCATTTAGG,116.49038391113281
AMC,kmer,reg,k_CGAGTGTTAG,108.73253021240234
AMC,kmer,reg,k_AGCATAACTC,102.52483215332032
AMC,kmer,reg,k_AGCGGTCCAA,99.79351997375488
AMC,kmer,clf,k_CGATGAGTAG,94.57814064025878
AMC,kmer,reg,k_AAGCGTTCCC,86.40132481306792
AMC,kmer,reg,k_CGCCATCTGA,84.8486328125
AMC,kmer,reg,k_CCCCGTAGGC,83.88112716674804
AMC,kmer,reg,k_ACCTGGTAAC,83.1503662109375
AMC,kmer,reg,k_CTCGGGACCC,83.10370559692383
AMC,kmer,reg,k_CGGATAACTA,82.59118041992187
AMC,kmer,reg,k_GGTCAGTGCA,81.81565399169921
AMC,kmer,reg,k_CGAGTAAATC,81.0683349609375
AMC,kmer,reg,k_AGGCTAACAG,78.35181427001953
AMC,kmer,reg,k_AGGACCTTCC,76.53715000152587
AMC,kmer,clf,k_CCGCTCCCAC,74.84971060752869
AMC,kmer,clf,k_AGACGGGGAC,73.33947982788085
AMC,kmer,reg,k_AGCGAGACCT,73.24147338867188
AMC,kmer,reg,k_GGGTCTACAA,70.63829650878905
AMC,kmer,reg,k_GCACTAGACA,68.75151977539062
AMC,kmer,clf,k_CATTGAAGTC,67.73370971679688
AMC,kmer,reg,k_CCGCTCCCAC,65.81138916015625
AMC,kmer,clf,k_AGCATAACTC,60.54431972503662
AMC,kmer,clf,k_ATTGGCAGTC,60.102423095703124
AMC,kmer,clf,k_AGCGAGACCT,59.124540710449224
AMC,kmer,reg,k_GCATGCATTA,58.04637908935547
AMC,kmer,reg,k_ATCGGATAAG,57.126518630981444
AMC,kmer,reg,k_TATCGGCATA,55.60572509765625
AMC,kmer,reg,k_CGCTGTAGCA,51.90885009765625
AMC,kmer,clf,k_ACTTGCGCCC,50.64493103027344
AMC,kmer,reg,k_GTGTTCAGCA,47.399411010742185
AMC,kmer,reg,k_AGAGCCAACG,45.5207275390625
AMC,kmer,reg,k_CCCCCATTGA,44.21461181640625
AMC,kmer,reg,k_CATCCCTATA,43.5194091796875
AMC,kmer,reg,k_AATGCATGCT,43.33260498046875
AMC,kmer,reg,k_GGGGTCCCGA,40.65659027099609
AMC,kmer,reg,k_CCTTGCCGCA,40.35087585449219
AMC,kmer,reg,k_CCAGGAGGAG,39.31332702636719
AMC,kmer,reg,k_AGAGCGACCA,36.46695556640625
AMC,kmer,reg,k_ACAGGGTGGA,36.411257934570315
AMC,kmer,reg,k_GAAGCGTGGA,35.41256561279297
AMC,kmer,reg,k_TAATTAACGA,34.727056884765624
AMC,kmer,clf,k_GTAACTTAGA,34.717230224609374
AMC,kmer,clf,k_CGGACATTGA,32.82467880249024
AMC,kmer,reg,k_CCCTAAGACC,32.67356872558594
AMC,kmer,reg,k_CCTAAACGAG,32.2970691293478
AMC,kmer,reg,k_CAGGCTTACG,32.08105983734131
AMC,kmer,reg,k_GCCAGTCGTA,31.1849609375
AMC,kmer,clf,k_AGTAGAGCTG,30.666787719726564
AMC,kmer,reg,k_GGGAGCTGAA,30.495843505859376
AMC,kmer,reg,k_CCCTACCATC,30.024078369140625
AMC,kmer,reg,k_CAGCTAACAG,29.73856201171875
AMC,kmer,clf,k_GACGAAATGC,29.689021301269534
AMC,kmer,clf,k_GCATAACTCC,29.59410152435303
AMC,kmer,clf,k_CATTAGCGGA,29.592808723449703
AMC,kmer,reg,k_GAAAGCCACA,28.741204833984376
AMC,kmer,reg,k_CACAGTTACG,26.299093627929686
AMC,kmer,reg,k_CTTCTGAGTA,25.428564453125
AMC,kmer,reg,k_GTAACTTAGA,25.0544677734375
AMC,kmer,clf,k_CCAGGGAGGA,24.949354553222655
AMC,kmer,reg,k_CGCTTATATA,24.900189208984376
AMC,kmer,clf,k_ACCGGATTTA,24.884907531738282
AMC,kmer,reg,k_CAGTTCGTAG,24.760807943344116
AMC,kmer,reg,k_CCCACAGTAC,23.86830749511719
AMC,kmer,reg,k_GACACAATAC,23.65810699462891
AMC,kmer,reg,k_TGTGTGAGAA,23.344601154327396
AMC,kmer,reg,k_CGGACATTGA,23.279695129394533
AMC,kmer,reg,k_GGGAGCGGAC,22.74606628417969
AMC,kmer,clf,k_AATACGTCTC,22.623977661132812
AMC,kmer,reg,k_ACAAGCAGAT,22.20061269402504
AMC,kmer,clf,k_GGTCAGTGCA,22.163722801208497
AMC,kmer,reg,k_ACAGTGAGCT,21.891644287109376
AMC,kmer,reg,k_GAAACGTCCC,21.075521087646486
AMC,kmer,clf,k_GTTTCGCTCA,20.74877014160156
AMC,kmer,clf,k_GGTCCGACAA,20.40521183013916
AMC,kmer,reg,k_AATCCGGTAC,20.17619171142578
AMC,kmer,clf,k_ATAGTGCTAC,19.70085906982422
AMC,kmer,reg,k_CCTGAATCTA,19.623854064941405
AMC,kmer,clf,k_ATTAGGGGTG,19.572445678710938
AMC,kmer,clf,k_TACCGCTCTA,19.32792720794678
AMC,kmer,reg,k_GAGTAGACCA,18.82109375
AMC,kmer,reg,k_CATCCAATTA,18.10116882324219
AMC,kmer,reg,k_CCCGTTTGAA,17.36888732910156
AMC,kmer,clf,k_CCTCCCAGCA,17.333424377441407
AMC,kmer,reg,k_CTATGCTCCC,17.150820922851565
AMC,kmer,reg,k_GTCGCGAGCA,17.13028564453125
AMC,kmer,clf,k_ATTCAGTGAA,16.57874298095703
AMC,kmer,reg,k_ACCATTGGAG,16.431007385253906
AMC,kmer,reg,k_GTTTACCGAA,16.2952880859375
AMC,kmer,reg,k_TTACGCCGAA,16.29287109375
AMC,kmer,reg,k_ATTCAGTTCG,16.18988494873047
AMC,kmer,reg,k_GGGGTTACCC,15.899072265625
AMC,kmer,reg,k_ACCACAGCAC,15.79779510498047
AMC,kmer,reg,k_AGTAGAACTG,15.506599548459054
AMC,kmer,clf,k_ACAGTCGGAC,15.396893310546876
AMC,kmer,reg,k_GCGCTCGGGA,15.39158935546875
AMC,kmer,clf,k_CATAAGTTAC,15.373886680603027
AMC,kmer,reg,k_AAGCCGACCT,15.243313598632813
AMC,kmer,reg,k_ACGGCAGCTA,14.97088623046875
AMC,kmer,clf,k_CGAGCTTTGA,14.966065979003906
AMC,kmer,reg,k_GAGGCTTCAA,14.761652374267578
AMC,kmer,clf,k_AGGCGGCGAC,14.757543182373047
AMC,kmer,reg,k_GGACCATATA,14.558428955078124
AMC,kmer,reg,k_ACCTAGTTAT,14.436572265625
AMC,kmer,clf,k_TCGATCGGAA,14.345268630981446
AMC,kmer,clf,k_ATGAGCGTAC,14.198165893554688
AMC,kmer,reg,k_GGAGGCCAAC,14.104159545898437
AMC,kmer,reg,k_GGGCATTTAA,14.09031982421875
AMC,kmer,clf,k_GTCGAGAGTA,13.947859191894532
AMC,kmer,clf,k_GCAGGCAGGC,13.704403686523438
AMC,kmer,clf,k_ATAGTGATTC,13.641091918945312
AMC,kmer,reg,k_TCACCGAACA,13.627457237243652
AMC,kmer,reg,k_CCCACGGAGC,13.577856445312499
AMC,kmer,reg,k_AACCTACCCT,13.467822265625
AMC,kmer,reg,k_AGCCACTGAT,13.35828857421875
AMC,kmer,clf,k_CGAGTATGCG,13.271391308307647
AMC,kmer,reg,k_GTTTCGCTCA,13.229609107971191
AMC,kmer,clf,k_ATGCATTATG,13.198367309570312
AMC,kmer,reg,k_CTAAACGAGC,13.190764236450194
AMC,kmer,reg,k_GTCGGACTCA,13.064924621582032
AMC,kmer,reg,k_CATACCTGCC,12.90263671875
AMC,kmer,clf,k_ATGTGGCTGG,12.86558837890625
AMC,kmer,reg,k_ATTAACGTCC,12.79892578125
AMC,kmer,reg,k_CATGGTCTCA,12.786940765380859
AMC,kmer,clf,k_ACTTTAATTC,12.780824279785156
AMC,kmer,clf,k_AACCAGAGGT,12.710269808769228
AMC,kmer,reg,k_CCTGAGAGTA,12.648831176757813
AMC,kmer,reg,k_ACAGACAGTA,12.644249439239502
AMC,kmer,reg,k_TGAACTAACA,12.631571531295776
AMC,kmer,clf,k_AGCGTTAACA,12.398318481445312
AMC,kmer,reg,k_TAACGTCATA,12.270149230957031
AMC,kmer,reg,k_ACAAACTACC,12.240598678588867
AMC,kmer,reg,k_AAGACCGGTG,12.144215774536132
AMC,kmer,reg,k_GCCCTGAGCA,11.8958984375
AMC,kmer,reg,k_AATGACGGGC,11.74293186366558
AMC,kmer,reg,k_ACAAGCGCCT,11.727982378005983
AMC,kmer,reg,k_GGGTAGTAAA,11.67490234375
AMC,kmer,clf,k_AGAAGCCTGG,11.610187530517578
AMC,kmer,clf,k_AGTACAAGTG,11.604702758789063
AMC,kmer,reg,k_ATGCGGTAAT,11.553466796875
AMC,kmer,reg,k_CCAAACCTTA,11.549624633789062
AMC,kmer,reg,k_CCTCTGTTGC,11.543081665039063
AMC,kmer,reg,k_GGCCAACTTA,11.496511077880859
AMC,kmer,clf,k_CCGAGCTCAA,11.397927856445312
AMC,kmer,reg,k_AGTGATGTAT,11.35814208984375
AMC,kmer,reg,k_AACTAGATGT,11.188163232803346
AMC,kmer,reg,k_ATCTAAGAGC,11.14193115234375
AMC,kmer,reg,k_AAGTCGTTGA,11.131534957885743
AMC,kmer,reg,k_ATGACTCATA,11.089208316802978
AMC,kmer,reg,k_CTAACAGCAG,10.980316162109375
AMC,kmer,reg,k_ACCCCTGACC,10.92223563194275
AMC,kmer,reg,k_AATCGTCTAC,10.894079971313477
AMC,kmer,clf,k_GACGGTTAGA,10.86219596862793
AMC,kmer,reg,k_GCACTTATAA,10.543472480773927
AMC,kmer,reg,k_ACCTATTGCT,10.396054077148438
AMC,kmer,reg,k_GAGCGTACGC,10.36044921875
AMC,kmer,reg,k_TATAACTGAA,10.309054374694824
AMC,kmer,reg,k_CCTCATGAGC,10.308702564239503
AMC,kmer,clf,k_GAGACGGTCC,10.234140777587891
AMC,kmer,clf,k_AGCCGCTCCT,10.167724609375
AMC,kmer,clf,k_ATAATGCATG,9.938409090042114
AMC,kmer,clf,k_CGGAAGCGAG,9.892820960283279
AMC,kmer,reg,k_AACTATGTAA,9.876790046691895
AMC,kmer,clf,k_GCACTAGACA,9.867166137695312
AMC,kmer,clf,k_CTTACATGTA,9.860490417480468
AMC,kmer,clf,k_TGCGACGGAA,9.760060787200926
AMC,kmer,clf,k_AATCAGTTAG,9.484024047851562
AMC,kmer,clf,k_TACCGTTAGA,9.403372597694398
AMC,kmer,reg,k_TCATACACGA,9.280677795410156
AMC,kmer,reg,k_CGAGCATGCG,9.235045623779296
AMC,kmer,reg,k_CCGGAAAAAC,9.206902837753296
AMC,kmer,reg,k_ACTCCAGAGC,9.195598602294922
AMC,kmer,reg,k_ATGTACTTGC,9.1401123046875
AMC,kmer,reg,k_GGTATAGCAA,9.073158532381058
AMC,kmer,reg,k_CAAGTACTCG,9.000730895996094
AMC,kmer,reg,k_CAGTGACATC,8.96798095703125
AMC,kmer,clf,k_AACGTTATAT,8.937855911254882
AMC,kmer,reg,k_GAGGGATCCA,8.93017578125
AMC,kmer,reg,k_CCACAGCACA,8.852632896602154
AMC,kmer,reg,k_TGTCGTCTAA,8.795347595214844
AMC,kmer,clf,k_ACCCTTCTGA,8.7669677734375
AMC,kmer,clf,k_AGGAACGCCA,8.74990234375
AMC,kmer,clf,k_AGTGTCGTTG,8.697881317138672
AMC,kmer,clf,k_GTACATGAAC,8.695675659179688
AMC,combined,reg,k_GCATAACTCC,1000.7234130859376
AMC,combined,reg,k_AGCATAACTC,831.3544204711915
AMC,combined,reg,k_TACCGCTCTA,670.1361267089844
AMC,combined,reg,k_ATGCATTATG,667.3176452636719
AMC,combined,reg,k_AGGCGGCGAC,436.33936767578126
AMC,combined,reg,k_CAGGCTTACG,396.51398925781245
AMC,combined,reg,k_CCCCGTAGGC,265.14596099853514
AMC,combined,reg,k_CAGGTGCTAC,250.5810501098633
AMC,combined,reg,k_GACGGTTAGA,224.36842002868653
AMC,combined,reg,k_CCGACACAAG,192.88069763183594
AMC,combined,reg,k_ATACGTTAGA,187.085107421875
AMC,combined,reg,k_ATTCCGCTGG,180.33748474121094
AMC,combined,reg,k_GACCGTACTA,149.39893035888673
AMC,combined,reg,k_GCGTGCATAA,146.82685546875
AMC,combined,clf,k_ACCATTTAGG,131.70863037109376
AMC,combined,clf,k_CGATGAGTAG,123.8814582824707
AMC,combined,clf,k_CCGCTCCCAC,119.1367904663086
AMC,combined,clf,k_AGCGAGACCT,115.64681396484374
AMC,combined,clf,k_CTTCTGAGTA,92.18178863525391
AMC,combined,reg,k_CTTCTGAGTA,91.3153564453125
AMC,combined,reg,k_CGCCATCTGA,89.34659576416016
AMC,combined,reg,k_CACTATTGCG,82.832666015625
AMC,combined,reg,k_AGGACCTTCC,79.44545288085938
AMC,combined,reg,k_CCGCTCCCAC,77.08165283203125
AMC,combined,clf,k_CGCCATCTGA,75.04404296875
AMC,combined,reg,k_CGATGAGTAG,74.815673828125
AMC,combined,reg,k_AGGCTAACAG,72.18837451934814
AMC,combined,reg,k_AGCGGTCCAA,68.53697967529297
AMC,combined,clf,k_CATTGAAGTC,67.9388916015625
AMC,combined,clf,k_CAGGTGCTAC,67.68791046142579
AMC,combined,reg,k_CCCACAGTAC,65.94182739257812
AMC,combined,reg,k_AGGCTCTATA,65.70982303619385
AMC,combined,reg,k_CCCTAAGACC,63.3255859375
AMC,combined,reg,k_GAGAACCGCA,62.391137695312494
AMC,combined,clf,k_GCCTGTAACC,61.71865329742432
AMC,combined,clf,k_AGACGGGGAC,61.404397583007814
AMC,combined,reg,k_GCATGCATTA,60.198290252685545
AMC,combined,clf,k_CATGGCGAAC,58.51594848632813
AMC,combined,clf,k_CCCAAAAACA,51.999715423583986
AMC,combined,reg,k_ACCTATTGCT,49.27529296875
AMC,combined,reg,k_CTCGGGACCC,49.216033935546875
AMC,combined,reg,k_CGTATAGCCA,46.69729537963867
AMC,combined,reg,k_CGAGTGTTAG,45.856298828125
AMC,combined,reg,k_AGGTTAAACA,45.71492919921875
AMC,combined,reg,k_CGACTACCCA,44.33882141113281
AMC,combined,reg,k_GAAGCGTGGA,43.82809143066406
AMC,combined,reg,k_ACCTGGTAAC,41.5653076171875
AMC,combined,clf,k_GAAACGTCCC,41.356703186035155
AMC,combined,clf,k_GCATAACTCC,39.256775856018066
AMC,combined,reg,k_TCAGTACAGA,39.02071134448052
AMC,combined,clf,k_CATTAGCGGA,38.74378414154052
AMC,combined,reg,k_ACATACAGGA,38.068634033203125
AMC,combined,clf,k_ACTTGCGCCC,37.27457885742187
AMC,combined,reg,k_CATTGTGTCA,37.23929443359375
AMC,combined,reg,k_AGAGCGACCA,36.71764778643846
AMC,combined,reg,k_CCTTGCCGCA,33.60028991699219
AMC,combined,reg,k_CGGATAACTA,32.41770629882812
AMC,combined,reg,k_GGGTCTACAA,32.05591778159142
AMC,combined,clf,k_GAAACTGATC,30.67510070800781
AMC,combined,reg,k_CCTAAACGAG,29.995374867320063
AMC,combined,reg,k_GGGAGCTGAA,29.946188354492186
AMC,combined,reg,k_GCACTAGACA,28.288079833984376
AMC,combined,reg,k_GTCGCGAGCA,28.125604248046876
AMC,combined,clf,k_GTAACTTAGA,27.91534004211426
AMC,combined,reg,k_GAAACGTCCC,27.605009150505065
AMC,combined,reg,k_GAAAGCCACA,27.48424301147461
AMC,combined,clf,k_GGTCAGTGCA,27.419994354248047
AMC,combined,clf,k_AGGACGGTTG,27.17943940162659
AMC,combined,clf,k_GACGAAATGC,26.92665252685547
AMC,combined,clf,k_CACTACAGAC,25.31652374267578
AMC,combined,clf,k_ACTCTACCCT,25.152752685546876
AMC,combined,reg,k_GGACCATATA,24.0047607421875
AMC,combined,reg,k_AATGTCCGCT,23.043714904785155
AMC,combined,reg,k_ACCGAATCAG,22.83182010650635
AMC,combined,reg,k_CCCTAACAAA,21.2202392578125
AMC,combined,clf,k_CACTATGTAC,20.7944580078125
AMC,combined,clf,k_AAACCGCATA,20.021419620513917
AMC,combined,clf,k_AGGGGTCATA,18.580875396728516
AMC,combined,reg,k_CTATGCTCCC,18.550082749128343
AMC,combined,reg,k_GCAGTACCCA,18.42884521484375
AMC,combined,reg,k_CTCAAGTACC,17.926513671875
AMC,combined,reg,k_ATCCGAAGTG,17.8251220703125
AMC,combined,reg,k_GTCCGTCCCA,17.792274475097656
AMC,combined,reg,k_ATTATGCCAG,17.45810546875
AMC,combined,reg,k_ACAAGAGGAC,17.450193786621092
AMC,combined,reg,k_CTTCGGGCAA,17.367285346984865
AMC,combined,reg,k_CGTGGTCAGC,17.11295166015625
AMC,combined,clf,k_ATAATGCATG,17.032580947875974
AMC,combined,clf,k_CCTCCCAGCA,16.942701721191405
AMC,combined,reg,k_ACGTTTAAAC,16.94257507324219
AMC,combined,reg,k_CTCACACATA,16.887739834189414
AMC,combined,clf,k_AACGTTATAT,16.882366144657137
AMC,combined,reg,k_AGACATTTAT,16.849371337890624
AMC,combined,clf,k_GCTGAGAGGA,16.83049621582031
AMC,combined,reg,k_GGTCAGTGCA,16.41456871032715
AMC,combined,reg,k_ACCATTGGAG,16.270900917053222
AMC,combined,clf,k_AGGCGGCGAC,16.237123870849608
AMC,combined,clf,k_ACCGGATTTA,15.81493682861328
AMC,combined,reg,k_ATCGAGAGTG,15.80848388671875
AMC,combined,reg,t_serotype_NVT,15.56900405883789
AMC,combined,clf,k_CGCAACATTC,15.527851867675782
AMC,combined,reg,k_CGCTGTAGCA,15.387606811523437
AMC,combined,reg,k_GCCAGTCGTA,15.308978271484374
AMC,combined,clf,k_GCTGCCGATA,15.288642883300781
AMC,combined,reg,k_TAATCCTATA,15.06415786743164
AMC,combined,clf,k_AACCTCTGGT,14.98948450088501
AMC,combined,clf,k_CGAGTATGCG,14.903386986255645
AMC,combined,reg,k_ATTAACGTCC,14.662336707115173
AMC,combined,clf,k_GATGATCCCC,14.592266607284545
AMC,combined,clf,k_ATACGAATGA,14.487579375505447
AMC,combined,reg,k_ACCCTTCTGA,14.20675048828125
AMC,combined,reg,k_GTTTCGCTCA,14.188050270080566
AMC,combined,clf,k_ATAGTGATTC,14.118545532226562
AMC,combined,clf,k_GCAGGCAGGC,14.000314331054687
AMC,combined,reg,k_AACTATGTAA,13.961507034301757
AMC,combined,clf,k_GTAGGGTTCA,13.952407836914062
AMC,combined,reg,k_TAACGTCATA,13.90637073367834
AMC,combined,reg,k_CGCCAACTCA,13.64422607421875
AMC,combined,reg,k_CCTCTGTTGC,13.635967975854875
AMC,combined,clf,k_GGCCATGTCA,13.59124755859375
AMC,combined,clf,k_ATGCATTATG,13.588392639160157
AMC,combined,clf,k_AGCTTCAGCG,13.521856689453125
AMC,combined,reg,k_TGTGTGAGAA,13.371419072151184
AMC,combined,reg,k_AGCAACTTAA,13.289343261718749
AMC,combined,clf,k_AAGCACTATG,13.26766357421875
AMC,combined,reg,k_GCGTCTAGCA,13.1328369140625
AMC,combined,reg,k_GACAGCCTCC,12.78125
AMC,combined,reg,k_CGATCAATAC,12.645863914489746
AMC,combined,reg,k_ATTCAGTTCG,12.513691902160645
AMC,combined,reg,k_AATCCGGTAC,12.473915100097656
AMC,combined,reg,k_AGCTACTGAC,12.445034313201905
AMC,combined,reg,k_GACCTCATGA,12.372436094284057
AMC,combined,clf,k_ACTCAAAGTG,12.364219772815705
AMC,combined,reg,k_GCCCATGGTA,12.30598326921463
AMC,combined,reg,k_CATGGTCTCA,12.28134765625
AMC,combined,clf,k_GCACTAGACA,12.231333160400391
AMC,combined,reg,k_ACATATCAGA,11.967949521541597
AMC,combined,reg,k_CTAGGCGCAG,11.873573303222656
AMC,combined,reg,k_ATAGTGTACA,11.676531982421874
AMC,combined,reg,k_ATGACGTTAG,11.662257602810861
AMC,combined,reg,k_ACGCCGAAAT,11.638192462921143
AMC,combined,clf,k_ATTTGCGAAG,11.561000061035156
AMC,combined,reg,k_TGAACTAACA,11.544289922714233
AMC,combined,clf,k_AGGCAGACGG,11.53729705810547
AMC,combined,clf,k_GACGGTCCTC,11.476394653320312
AMC,combined,reg,k_AATGTGCAGC,11.317330169677735
AMC,combined,clf,k_AACAAGCGCA,11.139892578125
AMC,combined,clf,k_ACTACATGAG,11.128744506835938
AMC,combined,clf,k_AAGCTGTGGG,11.072286987304688
AMC,combined,reg,k_ATGTCTGATG,11.025856399536133
AMC,combined,reg,k_CGAAGTGAGA,10.973486328125
AMC,combined,reg,k_TATCGGCATA,10.910711669921875
AMC,combined,clf,k_CGAGCTTTGA,10.86304168701172
AMC,combined,reg,k_AATGCATGCT,10.831444549560548
AMC,combined,clf,k_TAGGGTTCAA,10.79741045087576
AMC,combined,clf,k_AGTGCGAGAA,10.756961908936502
AMC,combined,reg,k_AACCCATTGA,10.752370020747184
AMC,combined,reg,k_GGGAGCTCAA,10.712340041995049
AMC,combined,reg,k_CAGCCCCTAG,10.544629162549972
AMC,combined,reg,k_TAATCCTCTA,10.534521484375
AMC,combined,reg,k_ATGACTCATA,10.416644716262818
AMC,combined,reg,k_ACGAGAGTTG,10.374063873291016
AMC,combined,reg,k_GACACAATAC,10.229109382629392
AMC,combined,reg,k_GAGGTAACCC,10.0122314453125
AMC,combined,reg,k_GAAGTACAGC,10.006643360853195
AMC,combined,clf,k_CCCACTAATA,10.001396942138673
AMC,combined,reg,k_CGGGGCTGAA,9.943994140625
AMC,combined,reg,k_AAGACCGGTG,9.916436004638673
AMC,combined,reg,k_GGGTAGTAAA,9.886224365234375
AMC,combined,clf,k_GTTCATCCTA,9.846161580085754
AMC,combined,reg,k_GGAGGCCAAC,9.84478302001953
AMC,combined,reg,k_AACCCCTGAC,9.843958044052123
AMC,combined,reg,k_AGATCATCAT,9.820257568359375
AMC,combined,reg,k_AGTAGAACTG,9.786050605773926
AMC,combined,reg,k_AATATGTTAC,9.648265075683593
AMC,combined,reg,k_CCTCTGATAA,9.548388671875
AMC,combined,clf,k_TCGCAAGGCA,9.50902099609375
AMC,combined,reg,k_CGGATTACTA,9.508388996124268
AMC,combined,reg,k_CATCCAATTA,9.501779174804687
AMC,combined,reg,k_AGCCTGACTC,9.4783203125
AMC,combined,reg,k_GTAACTTAGA,9.429457855224609
AMC,combined,clf,k_GTTTCGCTCA,9.3610595703125
AMC,combined,clf,k_GGATTACTAA,9.33199462890625
AMC,combined,reg,k_ACTACCCTCT,9.27222023010254
AMC,combined,clf,k_ATGATCACAC,9.169976806640625
AMC,combined,reg,k_ATGCACAGGC,9.145181751251222
AMC,combined,clf,k_GACTTGTGAC,9.094960531592369
AMC,combined,reg,k_CAAGTACTCG,9.05590362548828
AMC,combined,reg,k_CACAGTTACG,9.055245971679687
AMC,combined,reg,k_ATTATGGACC,9.016867065429688
AMC,combined,reg,k_CCGAGTAACC,9.007883453369141
AMC,combined,clf,k_CGCCTCGGCC,8.92137393951416
AMC,combined,reg,k_CCGATCAATA,8.9032958984375
AMC,combined,reg,k_GAGCAGACAC,8.878475952148438
AMC,combined,reg,k_GGTATAAGAC,8.867422485351563
AMC,combined,clf,k_AAGCATGCAT,8.804864501953125
AMC,combined,reg,k_ATACCCACGA,8.749944496154786
AMC,combined,clf,k_CGTCAGGGTA,8.70675778388977
AMC,combined,reg,k_AGACTACTGC,8.5967041015625
AMC,combined,reg,k_AAGGTACCCG,8.553724670410157
CRO,kmer,reg,k_ATGCATTATG,318.467919921875
CRO,kmer,reg,k_AGGCGGCGAC,289.17251281738277
CRO,kmer,clf,k_GGGCTCGACC,186.34783325195312
CRO,kmer,clf,k_GCTGCCGATA,177.11618041992188
CRO,kmer,reg,k_GAAACGTCCC,163.38846893310546
CRO,kmer,reg,k_GCGACCGGAA,159.61138000488282
CRO,kmer,reg,k_TACCGTTAGA,116.95755615234376
CRO,kmer,clf,k_CCCAAAAACA,101.25566024780274
CRO,kmer,clf,k_GAATGTGCCC,99.1134132385254
CRO,kmer,clf,k_GCTTGCCGCA,74.07245178222657
CRO,kmer,clf,k_GTTTACCGAA,72.14073944091797
CRO,kmer,clf,k_AAGCCTCGTC,69.406941986084
CRO,kmer,reg,k_GAGGTCGTGC,69.39947204589843
CRO,kmer,reg,k_TATCTGAACA,67.6663818359375
CRO,kmer,clf,k_CCGGACGGAC,64.668603515625
CRO,kmer,clf,k_GGAGCTAACC,50.906636810302736
CRO,kmer,clf,k_AAGCTAAATG,50.81739501953125
CRO,kmer,clf,k_AAGATCGTCT,50.6431559830904
CRO,kmer,reg,k_ACGGTCTAGC,48.04535598754883
CRO,kmer,reg,k_CTTACCCTGA,45.47716217041015
CRO,kmer,reg,k_AATACGCCCT,44.120785522460935
CRO,kmer,reg,k_GACGGTTAGA,43.78724060058594
CRO,kmer,clf,k_ACGACAGAAT,42.84470500946045
CRO,kmer,reg,k_AGTCTAACTC,39.95685577392578
CRO,kmer,reg,k_ATGAGTCTAC,38.834826266765596
CRO,kmer,clf,k_CCATACATTC,35.29842834472656
CRO,kmer,reg,k_AGCCGAATAG,34.72362135648727
CRO,kmer,reg,k_TCAGAGGTCA,34.62249603271484
CRO,kmer,clf,k_ATACTATTGG,34.09888610839844
CRO,kmer,reg,k_GCATGCATTA,33.82769775390625
CRO,kmer,reg,k_CGGCCGCGGC,33.10524291992188
CRO,kmer,reg,k_ACTGATCAAG,31.711702251434325
CRO,kmer,clf,k_CACCCAATGC,31.188787841796874
CRO,kmer,clf,k_ATTGGGTCGC,31.004959106445312
CRO,kmer,clf,k_AGTCGCCCGA,30.7653564453125
CRO,kmer,reg,k_CGACTACCCA,29.664205932617186
CRO,kmer,reg,k_GCCCTCACGC,28.771184539794923
CRO,kmer,clf,k_AGCTGCCGAT,28.72405090332031
CRO,kmer,reg,k_ATCGTGCGAC,27.21033935546875
CRO,kmer,clf,k_TACAGCATAA,25.82520446777344
CRO,kmer,clf,k_CTGCTTACGC,25.222996520996094
CRO,kmer,clf,k_ACTGATCAAG,23.939203596115114
CRO,kmer,reg,k_GATGATCCCC,23.575493812561035
CRO,kmer,reg,k_CCCAGTACTA,23.283197021484376
CRO,kmer,reg,k_AATAAACGTG,22.547267150878906
CRO,kmer,reg,k_CCACAGCACA,22.29377975463867
CRO,kmer,clf,k_ATATGACCCC,21.665969848632812
CRO,kmer,reg,k_GGGATCTCCA,21.36049041748047
CRO,kmer,clf,k_ACTATTAGTC,19.48712615966797
CRO,kmer,clf,k_CCCAGTGATA,19.317764282226562
CRO,kmer,reg,k_GGCCACACCC,18.435684204101562
CRO,kmer,clf,k_TAATTCCGCA,17.49928436279297
CRO,kmer,clf,k_CTCAAAGCTC,16.732254028320312
CRO,kmer,clf,k_AGGCGGCGAC,16.422493743896485
CRO,kmer,clf,k_TAGAGCTACA,15.635659790039062
CRO,kmer,reg,k_GGTCAGTGCA,15.090040969848634
CRO,kmer,clf,k_ATATGGCCTC,15.0111083984375
CRO,kmer,clf,k_TATTATAAGA,14.679475402832031
CRO,kmer,reg,k_ACCGTCGCTA,14.648184204101563
CRO,kmer,reg,k_GCATAACTCC,14.586923217773437
CRO,kmer,clf,k_AGATGGAGCC,14.552059602737428
CRO,kmer,clf,k_GACCTACCTC,14.439808082580566
CRO,kmer,reg,k_ATATAGTAAC,14.391656494140625
CRO,kmer,clf,k_CTATACCAAA,14.036724853515626
CRO,kmer,clf,k_CCTACAGCAA,13.963946533203124
CRO,kmer,clf,k_AATAAACGTG,13.659740066528322
CRO,kmer,reg,k_CACGATTCGA,13.37862548828125
CRO,kmer,clf,k_CTGTGCTACA,13.22652587890625
CRO,kmer,clf,k_ATGCATTATG,13.144518375396729
CRO,kmer,clf,k_TCGATCGGAA,12.833575439453124
CRO,kmer,reg,k_ATACTATTGG,12.73979019448161
CRO,kmer,clf,k_AAGCACTATG,12.38483123779297
CRO,kmer,reg,k_CCTGTACATC,12.213172531127931
CRO,kmer,clf,k_AAACAGCGTA,11.969624328613282
CRO,kmer,reg,k_GTAGGGGGTA,11.878106689453125
CRO,kmer,clf,k_AATTACGGGA,11.744207000732422
CRO,kmer,reg,k_AGACATTTAT,11.700712585449219
CRO,kmer,reg,k_CATGCTAATG,11.691549682617188
CRO,kmer,clf,k_CGTATAGCCA,11.627915954589843
CRO,kmer,reg,k_ATCACTACAC,11.610350799560546
CRO,kmer,reg,k_CCAGGAGGAG,11.438499450683594
CRO,kmer,reg,k_CATGGGGGAC,11.261473441123963
CRO,kmer,reg,k_ATAATTACAG,11.25726776123047
CRO,kmer,reg,k_CGTATAGCCA,11.151219940185547
CRO,kmer,clf,k_AAGGTGATGG,11.068679809570312
CRO,kmer,clf,k_ACGCGCCCAT,11.038625335693359
CRO,kmer,clf,k_ACGGATCAAC,11.038145065307617
CRO,kmer,clf,k_AAGGTAGGCT,10.792749023437501
CRO,kmer,clf,k_GAAAGCCTAA,10.773395997285842
CRO,kmer,clf,k_ACGGGGCTGG,10.641264343261719
CRO,kmer,clf,k_AGTCTCAACG,10.399729299545289
CRO,kmer,reg,k_AGGCTAACAG,10.395512333512306
CRO,kmer,reg,k_CTAAACGAGC,10.389276123046875
CRO,kmer,clf,k_CCGTAGCTAG,10.335678100585938
CRO,kmer,clf,k_AGTTCAGAGA,10.057273614406585
CRO,kmer,reg,k_ACCATTGGAG,10.027723503112792
CRO,kmer,reg,k_AATCCGGTAC,9.955111694335937
CRO,kmer,clf,k_CATGGGGGAC,9.905136895179748
CRO,kmer,clf,k_GCTGGTCTAA,9.660711669921875
CRO,kmer,clf,k_ACAGAATCCA,9.629761683940888
CRO,kmer,reg,k_ACGCCTGAAT,9.622175598144532
CRO,kmer,clf,k_AATTCCCGAC,9.617716979980468
CRO,kmer,reg,k_GAAGCATTAC,9.524955749511719
CRO,kmer,clf,k_CATAATCCAG,9.484113264083863
CRO,kmer,reg,k_AGAGAACGCT,9.454961395263672
CRO,kmer,reg,k_AGGTCAGGGG,9.430455112457276
CRO,kmer,reg,k_CCAGTACCTA,9.398075103759766
CRO,kmer,clf,k_AACACTTCCG,9.393795776367188
CRO,kmer,clf,k_AGCCGCTAAC,9.250494039058685
CRO,kmer,clf,k_ACACATCGCA,9.15307388305664
CRO,kmer,clf,k_GTTAAATGCA,9.10230712890625
CRO,kmer,reg,k_AAGCCGACCT,9.08520565032959
CRO,kmer,reg,k_TACCGCTCTA,9.07774486541748
CRO,kmer,reg,k_AGCACCCTAG,9.069363403320313
CRO,kmer,reg,k_TCTCCCGAAA,9.017079925537109
CRO,kmer,clf,k_GACGTTTCGC,8.979876708984374
CRO,kmer,reg,k_CTCGGGACCC,8.94287338256836
CRO,kmer,reg,k_GGGAGCTCAA,8.812849521636963
CRO,kmer,reg,k_GTTTCGCTCA,8.78371295928955
CRO,kmer,reg,k_GACATTTCTA,8.766784608364105
CRO,kmer,clf,k_CCGATAAGAG,8.724335479736329
CRO,kmer,clf,k_GAATGTCAGA,8.626554679870605
CRO,kmer,reg,k_ACCCCTGACC,8.611599731445313
CRO,kmer,clf,k_AATAGGCCAT,8.443901062011719
CRO,kmer,clf,k_ATCACATGAT,8.397655105590822
CRO,kmer,clf,k_TGAAGCCGAA,8.204305744171142
CRO,kmer,clf,k_CATTTAGTGG,8.146480083465576
CRO,kmer,reg,k_AATAAATGTC,8.03741912841797
CRO,kmer,clf,k_ATCTATCACA,7.885460519790649
CRO,kmer,clf,k_GAGGCCATGC,7.8184661865234375
CRO,kmer,reg,k_CGTATATAGA,7.812384033203125
CRO,kmer,clf,k_TGGTGAGTAA,7.809513854980469
CRO,kmer,clf,k_CGACATACCA,7.793179321289062
CRO,kmer,clf,k_TAAGACCGTA,7.7531982421875
CRO,kmer,clf,k_CCTAGAGTTC,7.710980987548828
CRO,kmer,clf,k_AACAAGTGCG,7.667697143554688
CRO,kmer,reg,k_ACTCAGACAC,7.645343780517578
CRO,kmer,reg,k_ACCTATTGCT,7.615769958496093
CRO,kmer,reg,k_ATCGTGTATC,7.611526097357273
CRO,kmer,clf,k_ACATTCATGC,7.61031683087349
CRO,kmer,clf,k_GGAGCCTAAA,7.605300331115723
CRO,kmer,clf,k_GCATAATGCA,7.551247406005859
CRO,kmer,reg,k_AGCGCACGAC,7.534110817313195
CRO,kmer,reg,k_GTTTGTCCGA,7.49963264465332
CRO,kmer,clf,k_AGCGACGAGG,7.424024963378907
CRO,kmer,clf,k_AAGTTACATC,7.365799617767333
CRO,kmer,clf,k_TAACCTAATA,7.3441468477249146
CRO,kmer,clf,k_TGTCACCACA,7.29725341796875
CRO,kmer,clf,k_GTGAGACTGA,7.278226089477539
CRO,kmer,clf,k_AACAACATGT,7.269862365722656
CRO,kmer,reg,k_CGCCTGTACA,7.211643981933594
CRO,kmer,reg,k_ATAATGCATG,7.207257843017578
CRO,kmer,clf,k_AGCACCTCTA,7.1699820280075075
CRO,kmer,clf,k_CTGCTGCGCC,7.142601203918456
CRO,kmer,reg,k_CACCACCCCC,7.098036861419677
CRO,kmer,clf,k_AATGCATGCT,7.0712158203125
CRO,kmer,clf,k_CGTCATCGTC,7.053531616926193
CRO,kmer,clf,k_AAGGGAGGGA,6.995939636230469
CRO,kmer,reg,k_ATTCTATCTC,6.907904052734375
CRO,kmer,clf,k_ATAATGCATG,6.855740356445313
CRO,kmer,clf,k_CATGTTTAGG,6.851968383789062
CRO,kmer,clf,k_AGTGACACAT,6.850077438354493
CRO,kmer,clf,k_GCCGACGCAC,6.831869506835938
CRO,kmer,clf,k_CGTCTGAATC,6.820639038085938
CRO,kmer,clf,k_GAGGCTCAGA,6.81448974609375
CRO,kmer,reg,k_AGAGCCGTCC,6.735869646072388
CRO,kmer,clf,k_ACGACACTAG,6.666506958007813
CRO,kmer,clf,k_CGCCATGACC,6.665781211853028
CRO,kmer,clf,k_CGACTTCTCA,6.6343470215797415
CRO,kmer,clf,k_AAAAAAAAAA,6.610208457708359
CRO,kmer,reg,k_CTCATCGTGA,6.605499649047852
CRO,kmer,reg,k_ACCACAGCAC,6.596693992614746
CRO,kmer,clf,k_CCAATTAATA,6.538514736294746
CRO,kmer,clf,k_ATCGCATTCC,6.527465057373047
CRO,kmer,clf,k_AGTCTCAGTA,6.51117422580719
CRO,kmer,reg,k_CCCTGACCTC,6.35113839507103
CRO,kmer,clf,k_AGATAACGCA,6.342990270256996
CRO,kmer,clf,k_AGTAGACGAT,6.340166664123536
CRO,kmer,clf,k_ACTATCCGGG,6.33582763671875
CRO,kmer,reg,k_AATGCCCGTC,6.304888534545898
CRO,kmer,reg,k_CCTCATGAGC,6.299644231796265
CRO,kmer,clf,k_TGCATGTCCA,6.283527290821076
CRO,kmer,clf,k_CGATCAATAC,6.240112686157227
CRO,kmer,clf,k_AACCGTTACA,6.16669921875
CRO,kmer,reg,k_CGGAAGTCGC,6.086114120483399
CRO,kmer,reg,k_CCGTCCGCTA,6.077150344848633
CRO,kmer,clf,k_ACATAACTAC,6.064426612854003
CRO,kmer,clf,k_ATGTCTGATG,6.057371056079864
CRO,kmer,clf,k_ACCGGATTTA,6.0218757629394535
CRO,kmer,clf,k_AAGCCGACGC,5.994834899902344
CRO,kmer,clf,k_GAAGCGACAA,5.993705368041992
CRO,kmer,reg,k_GCCAGTCGTA,5.979107666015625
CRO,kmer,clf,k_ACCTACAGTG,5.959719562530518
CRO,kmer,clf,k_TATCTGACGA,5.954810333251953
CRO,kmer,clf,k_CAGCTAGCCG,5.907064819335938
CRO,kmer,clf,k_ATACGGGAAC,5.894012498855591
CRO,kmer,clf,k_CCTGGGAGAG,5.887117004394531
CRO,kmer,clf,k_ACGACTCTGG,5.878317260742188
CRO,kmer,clf,k_TACGTTTGCA,5.833797454833984
CRO,kmer,clf,k_CGTGCCGCCC,5.827357482910156
CRO,combined,reg,k_AGGCGGCGAC,281.4993621826172
CRO,combined,reg,k_TACCGTTAGA,271.3574462890625
CRO,combined,clf,k_GCTGCCGATA,209.6776626586914
CRO,combined,reg,k_ATGCATTATG,197.0755767822266
CRO,combined,reg,k_CAAGGCGGCG,177.45936470031737
CRO,combined,reg,k_GAAACGTCCC,166.51869201660156
CRO,combined,reg,k_GCGACCGGAA,155.985693359375
CRO,combined,reg,k_CGACTACCCA,116.35950927734375
CRO,combined,clf,k_AAGCTAAATG,100.48213500976563
CRO,combined,reg,k_CTTACCCTGA,96.35056152343749
CRO,combined,clf,k_GGGCTCGACC,87.62659912109375
CRO,combined,reg,k_CAGGGTAAGA,86.48457098305225
CRO,combined,reg,k_GCATAACTCC,86.15198020935058
CRO,combined,clf,k_CTATGCCGAA,81.08333129882813
CRO,combined,reg,k_TATCTGAACA,79.72846908569336
CRO,combined,clf,k_GCTTGCCGCA,69.32426757812499
CRO,combined,reg,k_ATGAGTCTAC,64.19665908813477
CRO,combined,clf,k_CCGGACGGAC,62.306201171875
CRO,combined,clf,k_CTCGGCGTTC,59.02064208984375
CRO,combined,clf,k_CGACCTGTTA,57.47392578125
CRO,combined,reg,k_TACCGCTCTA,56.49105224609375
CRO,combined,clf,k_ACGCGCCCAT,53.05708999633789
CRO,combined,clf,k_TACACTTTAA,49.295849609375
CRO,combined,clf,k_ACGCCGAAAT,46.343746948242185
CRO,combined,clf,k_ATACTATTGG,44.55592445135116
CRO,combined,clf,k_TCGGGATTAA,44.051202392578126
CRO,combined,clf,k_CATGGGGGTA,41.45206909179687
CRO,combined,clf,k_ACGTCCACAA,41.243028771877285
CRO,combined,reg,k_ACGGTCTAGC,40.11981022357941
CRO,combined,reg,k_GCATGCATTA,39.67972335815429
CRO,combined,clf,k_GAATGTGCCC,38.86131591796875
CRO,combined,reg,k_ACCGTCGCTA,37.88157958984375
CRO,combined,reg,k_AATACGCCCT,36.40687866210938
CRO,combined,clf,k_CGTTGGGTGA,35.98662109375
CRO,combined,clf,k_ACGACAGAAT,35.962709522247316
CRO,combined,clf,k_CCATACATTC,35.86329345703125
CRO,combined,clf,k_CTCAAAGCTC,35.226800537109376
CRO,combined,clf,k_TAGCTGCCGA,34.92105407714844
CRO,combined,clf,k_ATAATGCATG,30.620849943161012
CRO,combined,reg,k_GCCGAATAGC,29.76748733520508
CRO,combined,clf,k_AGCTGCCGAT,28.970147198438642
CRO,combined,reg,k_AGCCGAATAG,27.121971130371094
CRO,combined,clf,k_ATCACATGAT,25.998835945129393
CRO,combined,reg,k_CCACAGCACA,25.60234680175781
CRO,combined,reg,k_GGTCAGTGCA,24.39130268096924
CRO,combined,reg,k_GACGGTTAGA,24.223904418945313
CRO,combined,clf,k_ATTGGGTCGC,24.0306884765625
CRO,combined,reg,k_ATACTATTGG,23.976097869873044
CRO,combined,reg,k_CCCAGTACTA,23.729766845703125
CRO,combined,reg,k_AGTCTAACTC,21.598556518554688
CRO,combined,clf,k_ATGCATTATG,21.572535705566406
CRO,combined,reg,k_GCCCTCACGC,20.3667236328125
CRO,combined,clf,k_GACGTTTCGC,20.010661697387697
CRO,combined,clf,k_CCCAAAAACA,19.371379089355468
CRO,combined,reg,k_ATAATGCATG,17.43260498046875
CRO,combined,clf,k_AGGCGGCGAC,17.30307388305664
CRO,combined,clf,k_TAATTCCGCA,17.04472961425781
CRO,combined,clf,k_CTGGAGGCCC,17.022177124023436
CRO,combined,clf,k_ACCATCTCAA,16.170188903808594
CRO,combined,clf,k_CCTACAGCAA,15.5600830078125
CRO,combined,clf,k_CGTATCACTC,15.322349548339844
CRO,combined,reg,k_AGGCTAACAG,15.047629356384276
CRO,combined,reg,k_AGGGATCGTA,15.043795585632324
CRO,combined,clf,k_GGCCCCCTTA,15.014859008789063
CRO,combined,clf,k_CCTCTGATCG,14.509037017822266
CRO,combined,reg,k_ATCGTGCGAC,14.383293151855469
CRO,combined,clf,k_ACACTTCCCC,13.057868957519531
CRO,combined,clf,k_CATAATCCAG,13.053596496582031
CRO,combined,reg,k_CCCACAGTAC,12.346514892578124
CRO,combined,reg,k_ATGGATTCCC,12.253935623168946
CRO,combined,clf,k_CCAGGGCTAC,12.246110534667968
CRO,combined,reg,k_AACCTCGTCA,12.123527526855469
CRO,combined,clf,k_AAGCTGTGGG,12.119619750976563
CRO,combined,clf,k_AGATACCTAA,12.04669647216797
CRO,combined,reg,k_ATCACTACAC,11.989346313476563
CRO,combined,clf,k_AAACAGCGTA,11.972401428222657
CRO,combined,clf,k_TATCTGACGA,11.810018157958984
CRO,combined,clf,k_CTATACCAAA,11.503057861328125
CRO,combined,clf,k_GTTTACCGAA,10.951456451416016
CRO,combined,clf,k_AAAGTGTCGC,10.73201904296875
CRO,combined,clf,k_CGATAGTGTA,10.693378448486328
CRO,combined,reg,k_GGAAATTACC,10.385451601445675
CRO,combined,clf,k_AAGTAGTAGC,10.361277770996093
CRO,combined,reg,k_AAGCATGCAT,10.29719037413597
CRO,combined,clf,k_CATTTAGTGG,10.21434841156006
CRO,combined,clf,k_ACTCCACCTA,10.20315170288086
CRO,combined,clf,k_AATAGTAGTG,10.199021148681641
CRO,combined,reg,k_ACCACAGCAC,10.104106903076172
CRO,combined,reg,k_CGCCTGTACA,9.944195175170899
CRO,combined,reg,k_CTTAAGCCCA,9.870166015625
CRO,combined,clf,k_ACTGATCAAG,9.799248123168944
CRO,combined,clf,k_ACGCCCTAAA,9.622872924804687
CRO,combined,reg,k_ATAAGATCTA,9.599633204936982
CRO,combined,reg,k_ACCGTTAGAA,9.471305084228515
CRO,combined,clf,k_CAATCCTTAG,9.141142654418946
CRO,combined,clf,k_AGTCGCCCGA,9.095423126220703
CRO,combined,reg,k_ACCATTGGAG,9.076174354553222
CRO,combined,clf,k_CCTTGCCGCA,8.949146842956543
CRO,combined,clf,k_GCATAATGCA,8.906289672851562
CRO,combined,clf,k_GAAGAGCCTA,8.874618530273438
CRO,combined,reg,k_TACACTTTAA,8.854238128662109
CRO,combined,reg,k_ACAAACTACC,8.843832778930665
CRO,combined,reg,k_CGCCGGGTTC,8.823831748962402
CRO,combined,clf,k_CATTAGTCAC,8.753747698664666
CRO,combined,reg,k_AGGTCAGGGG,8.70545835494995
CRO,combined,clf,k_AATTACGGGA,8.692860794067384
CRO,combined,clf,k_TCGATCGGAA,8.6391845703125
CRO,combined,clf,k_AGTCTCAACG,8.60150203704834
CRO,combined,reg,k_TCTCCCGAAA,8.512183380126952
CRO,combined,reg,k_AACTGGTACG,8.502547445893287
CRO,combined,clf,k_AGATACATAT,8.499608612060547
CRO,combined,reg,k_CCTGTACATC,8.447612190246582
CRO,combined,clf,k_AGCCTCCCAG,8.431258487701415
CRO,combined,reg,k_GTCCGTCCCA,8.401615142822266
CRO,combined,clf,k_ACAACGAACG,8.366153812408447
CRO,combined,reg,k_CGAATCTCGC,8.362835693359376
CRO,combined,reg,k_CACAACTCCC,8.298475646972657
CRO,combined,reg,k_TAACCCACTA,8.285338592529296
CRO,combined,clf,k_AGGTAGGCTG,8.233410340547561
CRO,combined,clf,k_GTGTGCAAGA,8.0771728515625
CRO,combined,clf,k_AGCACATCAC,8.063491821289062
CRO,combined,clf,k_AGCGTGGGAT,7.907977294921875
CRO,combined,reg,k_AGATGACCAC,7.85745849609375
CRO,combined,clf,k_ATCTAGTACG,7.79094066619873
CRO,combined,clf,k_ACTGTTGCGA,7.771672058105469
CRO,combined,clf,k_CTGCTATAGC,7.769777297973633
CRO,combined,clf,k_GATCTTGGCA,7.757890701293945
CRO,combined,clf,k_CATGGGGGAC,7.756930685043335
CRO,combined,reg,k_ATCCGAAGTG,7.637436079978944
CRO,combined,reg,k_GTGGGTTATA,7.603404450416565
CRO,combined,clf,k_CGAGCATGCA,7.597555541992188
CRO,combined,clf,k_AACGTTATAT,7.57678451538086
CRO,combined,reg,k_GTAAGATCAA,7.522250366210938
CRO,combined,clf,k_AGTCTCAGTA,7.472547626495361
CRO,combined,reg,k_TCATGAGCCA,7.464622497558594
CRO,combined,reg,k_CGCAACTATC,7.451250803470611
CRO,combined,reg,k_GGGGCTTCTA,7.428395080566406
CRO,combined,reg,k_ATTGTGAGAG,7.413363671302795
CRO,combined,clf,k_AGTATAAGCC,7.381901931762695
CRO,combined,reg,k_GTTTGTCCGA,7.349100491404533
CRO,combined,reg,k_GTGAGTGGGA,7.330593872070312
CRO,combined,clf,k_TGGGCGTGAA,7.2708587646484375
CRO,combined,clf,k_TGTCACCACA,7.254550170898438
CRO,combined,reg,k_CTCGGGACCC,7.2157539367675785
CRO,combined,reg,k_TAACGTCATA,7.210998725891113
CRO,combined,reg,k_GAGCGAAACC,7.179716491699219
CRO,combined,clf,k_GCAACCTCCA,7.156404113769531
CRO,combined,clf,k_ACGACACTAG,7.119137573242187
CRO,combined,reg,k_GAGATATAGC,7.073711395263672
CRO,combined,clf,k_AGCCGCTCCT,7.0452018737792965
CRO,combined,reg,k_ACCCCTAATG,7.033527374267578
CRO,combined,clf,k_ACCGCATCCC,7.029140472412109
CRO,combined,reg,k_ACAAGAGGAC,6.990109024941921
CRO,combined,clf,k_GCATGCCTTA,6.983976733684539
CRO,combined,clf,k_AACCATTGTA,6.974884033203125
CRO,combined,clf,k_ACCTCCCATA,6.937448120117187
CRO,combined,clf,k_AGATGTAACT,6.895879396796227
CRO,combined,clf,k_CAGTACTAGC,6.768707275390625
CRO,combined,clf,k_AGCTGAACGC,6.749518585205078
CRO,combined,clf,k_ACGTACTAGA,6.73821220099926
CRO,combined,clf,k_AGGACGGTTG,6.70985164642334
CRO,combined,clf,k_AGGGATCGTA,6.631967163085937
CRO,combined,reg,k_CCACTCGTAC,6.599689483642578
CRO,combined,clf,k_AGGACAACGC,6.597004699707031
CRO,combined,clf,k_AGCGACGAGG,6.593984985351563
CRO,combined,reg,k_GACAGGATAA,6.591331338882446
CRO,combined,clf,k_CTGGCCTCAC,6.5908653259277346
CRO,combined,clf,k_CTACTATTCC,6.567494201660156
CRO,combined,reg,k_GTACTATAAC,6.566937696933746
CRO,combined,clf,k_AGTTCGGATA,6.522244262695312
CRO,combined,clf,k_CAGGCTAGCA,6.5010124206542965
CRO,combined,reg,t_serotype_15A,6.477551174163819
CRO,combined,clf,k_AGTGGGACGA,6.472685718536376
CRO,combined,reg,k_CATGCTAATG,6.463707733154297
CRO,combined,clf,k_AACTCATAGT,6.44505500793457
CRO,combined,clf,k_ATATTAGGAT,6.385403442382812
CRO,combined,clf,k_TAATGTAAGA,6.354521906375885
CRO,combined,clf,k_ACGACTCTGG,6.344790649414063
CRO,combined,clf,k_AGGGTGTCTA,6.327642822265625
CRO,combined,clf,k_CATAATTCAA,6.251931762695313
CRO,combined,reg,k_GAATAGATTC,6.231709289550781
CRO,combined,clf,k_CGTCGGCTTC,6.217512130737305
CRO,combined,reg,k_CCCGAAAACC,6.208087372779846
CRO,combined,clf,k_GACCTACCTC,6.108806991577148
CRO,combined,clf,k_AGTTGCCTAC,6.029972839355469
CRO,combined,clf,k_TATCCGATAA,5.995673751831054
CRO,combined,reg,k_ACCTACAGTG,5.993680763244629
CRO,combined,reg,k_GTTTCGCTCA,5.983831286430359
CRO,combined,clf,k_CTCACACATA,5.960510325431823
CRO,combined,reg,k_AGCGCACGAC,5.952918338775634
CRO,combined,clf,k_AACCGTTACA,5.940860366821289
CRO,combined,clf,k_CCGATAAGAG,5.891343688964843
CRO,combined,clf,k_CCAAATGGGA,5.85104579925537
CRO,combined,clf,k_CGAGTGCGTC,5.846957397460938
CRO,combined,clf,k_CAATAGGCTC,5.822227096557617
CRO,combined,reg,k_ATATTAGGGG,5.8045436382293705
CRO,combined,clf,k_AAAAACCCCC,5.803286743164063
CRO,combined,clf,k_AAGGGGCTTA,5.779278182983399
CRO,combined,clf,k_GTGTTAGAGA,5.763017272949218
CRO,combined,reg,k_ATGGATACTC,5.75867919921875
ERY,kmer,reg,k_AGTTTCGTCG,796.4003967285156
ERY,kmer,reg,k_ATTCCGCTGG,768.1613464355469
ERY,kmer,reg,k_GGGGTCCCGA,597.0103366851806
ERY,kmer,reg,k_CTCGGGACCC,568.4644165039062
ERY,kmer,reg,k_CAGTGACGTA,351.5561920166015
ERY,kmer,reg,k_GCTGAATCGA,302.4466064453125
ERY,kmer,reg,k_GCGCTCGGGA,287.55118589401246
ERY,kmer,reg,k_CCCTGTCTTA,155.91990966796874
ERY,kmer,reg,k_CCCGACTGTC,99.465771484375
ERY,kmer,clf,k_GGGGTCCCGA,61.03441467285156
ERY,kmer,clf,k_ATTCCGCTGG,59.411909961700445
ERY,kmer,clf,k_GTACCTGCGA,44.199560534954074
ERY,kmer,clf,k_CTCGGGACCC,43.85899429321289
ERY,kmer,reg,k_AAACCTACAG,39.9712879601866
ERY,kmer,reg,k_GAATTTAGGC,38.725215673446655
ERY,kmer,reg,k_CTAAACGAGC,37.954498291015625
ERY,kmer,reg,k_GTACCTGCGA,37.74025497436523
ERY,kmer,reg,k_ACCTAGTCGC,36.009902453422555
ERY,kmer,reg,k_GGGCATTTAA,35.76685791015625
ERY,kmer,reg,k_CTGCTATGTA,33.505592346191406
ERY,kmer,reg,k_AACTGCCACT,33.10489044189453
ERY,kmer,reg,k_ACGCCAAAGT,32.228755712509155
ERY,kmer,reg,k_GGGGAACGGA,31.175042724609376
ERY,kmer,reg,k_CTGTAGCGGC,30.36980514526367
ERY,kmer,clf,k_GCGCTCGGGA,29.862426376342775
ERY,kmer,clf,k_AGTTTCGTCG,29.5798321723938
ERY,kmer,reg,k_AGATACGGGG,28.574272537231444
ERY,kmer,reg,k_GGAGCACCTA,27.469781494140626
ERY,kmer,reg,k_TCATTCTAGA,26.76416015625
ERY,kmer,reg,k_GCATTCTATA,24.00947799682617
ERY,kmer,reg,k_AGCACCTCCT,22.643070220947266
ERY,kmer,clf,k_CGCCCGATTC,22.3672119140625
ERY,kmer,reg,k_CTCTAGAACC,22.319266970455647
ERY,kmer,clf,k_GCTGAATCGA,22.058378601074217
ERY,kmer,reg,k_GCGTTTACTA,21.285546875
ERY,kmer,reg,k_ACCTAACTTG,21.0137939453125
ERY,kmer,reg,k_AATTGCTACC,20.78491439819336
ERY,kmer,reg,k_AAGCACCAGT,20.626812171936038
ERY,kmer,reg,k_TCACCGAACA,19.717657470703124
ERY,kmer,reg,k_CCGTAATAGA,19.345526885986327
ERY,kmer,reg,k_GAAAGCCACA,19.19715099334717
ERY,kmer,reg,k_TGTACATGAA,18.2729736328125
ERY,kmer,reg,k_AACTCTCCCG,17.6101318359375
ERY,kmer,clf,k_CCCCGTAGGC,17.400728607177737
ERY,kmer,reg,k_GCCGCTAACA,17.171915340423585
ERY,kmer,reg,k_CGTTTTTCAC,16.449114990234374
ERY,kmer,reg,k_CCGACACAAG,16.395762634277343
ERY,kmer,reg,k_TACTCACATA,16.205778503417967
ERY,kmer,reg,k_CCCCGTAGGC,16.043075561523438
ERY,kmer,reg,k_AAAGTGTATA,15.993415832519531
ERY,kmer,reg,k_GACTACATAC,15.97841796875
ERY,kmer,reg,k_GATATACTAC,15.488847351074218
ERY,kmer,reg,k_ACGACCTACA,14.97454833984375
ERY,kmer,reg,k_AGCTCTAGGG,14.141387677192688
ERY,kmer,reg,k_AGAACACCTC,13.941015625
ERY,kmer,reg,k_CCCGTTAAAC,13.710516357421875
ERY,kmer,reg,k_CTTACATTAA,13.706793212890624
ERY,kmer,reg,k_AGTAACGTAC,13.26322021484375
ERY,kmer,clf,k_CAGTGACGTA,13.125561809539795
ERY,kmer,reg,k_GCAACTCTGC,12.9947509765625
ERY,kmer,reg,k_GACACCTCTC,12.9080322265625
ERY,kmer,reg,k_TGCCGTATAA,12.854833984375
ERY,kmer,clf,k_ACATGATACT,12.820520114898683
ERY,kmer,reg,k_GTCAGACGCA,12.603977966308594
ERY,kmer,reg,k_CGCAATCTAA,12.555584236979485
ERY,kmer,reg,k_ACCTCATATA,12.5091552734375
ERY,kmer,reg,k_AATAGCTCTA,12.279620110988617
ERY,kmer,reg,k_CTAGCTTCGC,11.989617919921875
ERY,kmer,reg,k_ATGTCGCGTC,11.89396562576294
ERY,kmer,reg,k_CGCACCAAGA,11.80286464691162
ERY,kmer,reg,k_AGGGTAGTTG,11.733689188957214
ERY,kmer,clf,k_GTCGGCATAA,11.268405151367187
ERY,kmer,reg,k_AAGATTAGGG,10.842919921875
ERY,kmer,reg,k_CAGCTCGAGA,10.7514404296875
ERY,kmer,reg,k_GAGAAGCCCC,10.706158447265626
ERY,kmer,reg,k_AATCGTTCAC,10.561325836181641
ERY,kmer,reg,k_AGAGACATGA,10.455252075195313
ERY,kmer,reg,k_GTACGTCATA,10.072061252593993
ERY,kmer,reg,k_GTTCTCTGCA,10.0199951171875
ERY,kmer,reg,k_AAGTTAGGTG,9.974713134765626
ERY,kmer,reg,k_ATCGTAATTA,9.574343872070312
ERY,kmer,reg,k_ATCGGTAAAC,9.47674560546875
ERY,kmer,clf,k_GCGTGCATAA,9.4531494140625
ERY,kmer,reg,k_AGTGTAGCCC,9.227197265625
ERY,kmer,reg,k_CGTCAACGCC,9.210544300079345
ERY,kmer,reg,k_ACACCTCAAT,9.201582336425782
ERY,kmer,reg,k_GGACGATTAA,9.008229827880859
ERY,kmer,reg,k_AGCTACGGAT,8.99879150390625
ERY,kmer,reg,k_CACTATGCGC,8.883361028134823
ERY,kmer,reg,k_AATACCCTTC,8.814467620849609
ERY,kmer,reg,k_ATATATAGAC,8.70676675736904
ERY,kmer,reg,k_GGACAGATTA,8.6873779296875
ERY,kmer,reg,k_CGGACGGATC,8.64449462890625
ERY,kmer,reg,k_AGTCGTACGA,8.534143054485321
ERY,kmer,reg,k_GCGCTTAGAA,8.35498046875
ERY,kmer,reg,k_GAGGCCATGC,8.32332763671875
ERY,kmer,reg,k_CACTTATTAG,8.285724675655365
ERY,kmer,reg,k_AAGCTAAATG,8.280194091796876
ERY,kmer,reg,k_ATCCCACCTA,8.21448860168457
ERY,kmer,reg,k_AGGTGCTTGC,8.117565536499024
ERY,kmer,reg,k_AGCCGCTAAC,8.112386724352836
ERY,kmer,reg,k_CGTCATGATC,8.057457733154298
ERY,kmer,reg,k_AACTGGTACG,8.04874267578125
ERY,kmer,reg,k_CGCAATTAAC,8.031929779052735
ERY,kmer,reg,k_CAGAATGTTA,8.012841796875
ERY,kmer,reg,k_ACCTCTGGTG,7.96732177734375
ERY,kmer,reg,k_ACTGGTATAC,7.683355259895325
ERY,kmer,reg,k_CTGGTATACC,7.527211475372315
ERY,kmer,reg,k_AGCTAATCAG,7.468801021575928
ERY,kmer,reg,k_CGTTATTCAA,7.443281555175782
ERY,kmer,reg,k_ACTGTAACGC,7.439990234375
ERY,kmer,reg,k_CATCGGCTTC,7.38201904296875
ERY,kmer,reg,k_CCGAGATCAC,7.1045413494110115
ERY,kmer,reg,k_CTATCGCCTC,7.097737121582031
ERY,kmer,reg,k_GCAGTACAGA,7.019276428222656
ERY,kmer,reg,k_ACAGGCCTTA,6.957064056396485
ERY,kmer,reg,k_GTGTGTAGTA,6.871942138671875
ERY,kmer,reg,k_AGGTGCACTG,6.7994140625
ERY,kmer,reg,k_CCCAATACTC,6.779501342773438
ERY,kmer,reg,k_CTTCAGCAAG,6.767889404296875
ERY,kmer,reg,k_CTACATTCGA,6.71075439453125
ERY,kmer,reg,k_GGGTCATGAA,6.700217437744141
ERY,kmer,reg,k_ATGCAGCATG,6.692333984375
ERY,kmer,reg,k_AAGTCCTATT,6.545392870903015
ERY,kmer,reg,k_GAAGGACTCC,6.4992792129516594
ERY,kmer,reg,k_AACTACACTT,6.309613800048828
ERY,kmer,reg,k_AGTTACCGTA,6.30189208984375
ERY,kmer,reg,k_AATTGAGACC,6.2804924011230465
ERY,kmer,reg,k_CATTCAACGC,6.267951202392577
ERY,kmer,reg,k_AATAACACAC,6.223475122451782
ERY,kmer,reg,k_GGCCACTCCC,6.11748046875
ERY,kmer,reg,k_CGATATCCCC,6.110015487670898
ERY,kmer,reg,k_AAGTTCCGAA,6.026848220825195
ERY,kmer,reg,k_CGTAAGCTAG,6.014318438619376
ERY,kmer,reg,k_ATTTCCACGG,5.942694091796875
ERY,kmer,reg,k_ATAGGACAGC,5.899292548000813
ERY,kmer,reg,k_TAAATGCACA,5.89700927734375
ERY,kmer,reg,k_CTCACTCAAC,5.861315155029297
ERY,kmer,reg,k_GACTATATAC,5.840827178955078
ERY,kmer,reg,k_GCATAAGTTA,5.79732666015625
ERY,kmer,reg,k_CTTATGACAC,5.785846710205078
ERY,kmer,reg,k_GCGTTGACGA,5.7805718898773195
ERY,kmer,reg,k_CACTTACCGA,5.7273193359375
ERY,kmer,reg,k_ATTCAGAGCG,5.71783971786499
ERY,kmer,reg,k_ATTATAATCA,5.6738037109375
ERY,kmer,reg,k_GAGGGTTTGA,5.638232421875
ERY,kmer,reg,k_GGACTGCATA,5.636336135864258
ERY,kmer,reg,k_AAACGGGCTG,5.621253806352615
ERY,kmer,reg,k_CGTTAGAATA,5.532013647258282
ERY,kmer,reg,k_AGTGCTGGGG,5.457689666748047
ERY,kmer,reg,k_ACAGGTACAA,5.372296142578125
ERY,kmer,reg,k_AAACATAGCT,5.34971152022481
ERY,kmer,reg,k_AACACTTGAG,5.323143768310547
ERY,kmer,reg,k_AGCTCCTCGA,5.26043930053711
ERY,kmer,reg,k_AAGGGAGGGA,5.233831596374512
ERY,kmer,reg,k_ATAATCGAAG,5.203719711303711
ERY,kmer,reg,k_CGACATCGGA,5.172081443667412
ERY,kmer,reg,k_AGATCTATAA,5.153191447257996
ERY,kmer,reg,k_ATAAGTCCGA,5.1486206382513044
ERY,kmer,reg,k_ATATCGGTAC,5.1173129916191105
ERY,kmer,reg,k_CACTTTGGTA,5.0902565002441404
ERY,kmer,reg,k_AACGTCCGGG,5.0580078125
ERY,kmer,reg,k_CGAAGCAGGC,5.028470230102539
ERY,kmer,reg,k_ATCGAAGGCC,5.011248779296875
ERY,kmer,clf,k_CGTGTGCCAA,5.0109375
ERY,kmer,reg,k_AATAATGTGC,5.0047462463378904
ERY,kmer,reg,k_CCTCAACCCG,4.95595703125
ERY,kmer,reg,k_ACAGCTAGCG,4.955152130126953
ERY,kmer,reg,k_ATTGTACCCG,4.947531890869141
ERY,kmer,reg,k_AGCACCAGTG,4.942028725147247
ERY,kmer,reg,k_ACTAAGAGAT,4.87542724609375
ERY,kmer,reg,k_AGCTGGTGGC,4.754541015625
ERY,kmer,reg,k_ACCCCCTACA,4.697660350799561
ERY,kmer,reg,k_AGTGGGGTGG,4.645303344726562
ERY,kmer,reg,k_AGTTATGTCA,4.599815225601196
ERY,kmer,reg,k_AGAGATTAAT,4.597299194335937
ERY,kmer,reg,k_CTAGGTATAA,4.581895446777343
ERY,kmer,reg,k_CCCACCGTCC,4.57537841796875
ERY,kmer,reg,k_AATAGGTTAC,4.5548828125
ERY,kmer,clf,k_ACGACCTACA,4.535112762451172
ERY,kmer,reg,k_AGCGTCTGGA,4.520879006385803
ERY,kmer,reg,k_AAGGGTAGGA,4.512806192040443
ERY,kmer,reg,k_TACGAAGCTA,4.48677978515625
ERY,kmer,reg,k_ATTTCTGCGA,4.482194471359254
ERY,kmer,clf,k_CTGCTATGTA,4.435358047485352
ERY,kmer,reg,k_AACACTTCGG,4.303717803955078
ERY,kmer,reg,k_TATGCAAGGA,4.300066947937012
ERY,kmer,reg,k_AAAGTTCCGA,4.2743499964475635
ERY,kmer,reg,k_CGTATATTTC,4.25931396484375
ERY,kmer,reg,k_CAGGGTCTAG,4.248333740234375
ERY,kmer,reg,k_AATAGAGACT,4.226353335380554
ERY,kmer,reg,k_TACTGCCGAA,4.224443250894547
ERY,kmer,clf,k_ATATATAGAC,4.156445121765137
ERY,kmer,reg,k_AAACACTAAT,4.121415311098099
ERY,kmer,clf,k_AATTGCTACC,4.058552360534668
ERY,kmer,reg,k_CTGTTGGTGC,4.054964637756348
ERY,kmer,reg,k_ACAGAACAGT,4.0549560546875
ERY,kmer,reg,k_CCATAAGATC,4.030855178833007
ERY,kmer,reg,k_ACCAGCATGC,4.021757888793945
ERY,kmer,reg,k_AAACCCTCGA,4.010924243927002
ERY,combined,reg,k_CTCGGGACCC,1594.8086059570314
ERY,combined,reg,k_GCGTGCATAA,882.98349609375
ERY,combined,reg,k_ATTCCGCTGG,800.8775335788728
ERY,combined,reg,k_GGGGTCCCGA,693.5513549804688
ERY,combined,reg,k_GCGCTCGGGA,629.5741638183595
ERY,combined,reg,k_AGTTTCGTCG,506.288720703125
ERY,combined,reg,k_GCTGAATCGA,267.4474853515625
ERY,combined,reg,k_AGAGGTCCCT,237.7418212890625
ERY,combined,reg,k_CCCGACTGTC,156.219091796875
ERY,combined,reg,k_CAGTGACGTA,107.64479322433472
ERY,combined,clf,k_GGGGTCCCGA,72.48671264648436
ERY,combined,clf,k_CTCGGGACCC,70.42566375732422
ERY,combined,clf,k_GCGCTCGGGA,62.87147102355957
ERY,combined,clf,k_AGTAGACCAC,52.425531005859376
ERY,combined,reg,k_GGGGAACGGA,43.36051635742187
ERY,combined,reg,k_CGGATAACTA,41.844546508789065
ERY,combined,clf,k_ATTCCGCTGG,41.41623539924622
ERY,combined,reg,k_CACACTTTCC,38.76695251464844
ERY,combined,reg,k_ACCTAGTCGC,38.32071952819824
ERY,combined,clf,k_CAGTGACGTA,36.424156188964844
ERY,combined,reg,k_AGATACGGGG,36.13362426757813
ERY,combined,reg,k_ACGGAGGGCC,35.185516357421875
ERY,combined,reg,k_ACAGAACAGT,34.11159057617188
ERY,combined,reg,k_CTGCTATGTA,33.42956695556641
ERY,combined,reg,k_CTCTACCCTA,33.0443359375
ERY,combined,reg,k_AGTGTTCGTC,31.514083099365234
ERY,combined,reg,k_AATTGCTACC,31.235160732269286
ERY,combined,reg,k_ACGACCTACA,29.71300048828125
ERY,combined,reg,k_ACGCCAAAGT,29.491884899139404
ERY,combined,reg,k_CCCCGTAGGC,28.14648609161377
ERY,combined,reg,k_CGTGTGCCAA,27.20517578125
ERY,combined,reg,k_CCGTAATAGA,27.005364608764648
ERY,combined,clf,k_ATACGTTAGA,26.22191467285156
ERY,combined,clf,k_AGTTTCGTCG,25.243645095825194
ERY,combined,reg,k_CTGTAGCGGC,23.23222885131836
ERY,combined,reg,k_GCATTCTATA,21.03431396484375
ERY,combined,reg,k_ATCGGATAAG,20.878860393166544
ERY,combined,reg,k_CTAAACGAGC,20.701355934143066
ERY,combined,reg,k_ATATATAGAC,20.563263309001922
ERY,combined,reg,k_CGTCAACGCC,20.474730491638184
ERY,combined,reg,k_AACTTCCGAA,19.5036865234375
ERY,combined,reg,k_AACTGCCACT,18.986122131347656
ERY,combined,reg,k_GCCGCTAACA,17.9201940536499
ERY,combined,clf,k_GCTGAATCGA,17.750926208496093
ERY,combined,reg,k_TACGAAGCTA,17.592822265625
ERY,combined,reg,k_GATCTCGTCA,17.3842041015625
ERY,combined,clf,k_ACATGATACT,17.049099254608155
ERY,combined,reg,k_GGGCATTTAA,16.93028564453125
ERY,combined,reg,k_CAGCTCGAGA,16.3774658203125
ERY,combined,reg,k_TCTATAGTCA,16.277083587646484
ERY,combined,reg,k_CTTACATTAA,16.091229248046876
ERY,combined,reg,k_AATAGCTCTA,16.086213290691376
ERY,combined,reg,k_GGAGCACCTA,15.95148162841797
ERY,combined,reg,k_CGTTTTTCAC,15.70477752685547
ERY,combined,reg,k_ACATCCGCAC,14.54671630859375
ERY,combined,reg,k_GACTACATAC,14.152796936035156
ERY,combined,clf,k_CCCCGTAGGC,13.454711961746215
ERY,combined,reg,k_CGTCATGATC,13.254132080078126
ERY,combined,reg,k_AGGCTGACGC,13.1575439453125
ERY,combined,reg,k_AAGTTAGGTG,13.0059326171875
ERY,combined,reg,k_ATCCCACCTA,12.855361557006836
ERY,combined,reg,k_TACTCACATA,12.065672302246094
ERY,combined,reg,k_ACCTAACTTG,11.831103515625001
ERY,combined,reg,k_ACGAGAGTTG,11.81552734375
ERY,combined,reg,k_GGTTGTACAA,11.75252685546875
ERY,combined,reg,k_GAAAGCCACA,11.482949948310852
ERY,combined,reg,k_CCACCATACA,11.480236053466797
ERY,combined,reg,k_ACCTCTGGTG,11.230810546875
ERY,combined,reg,k_CAGTTGACAG,11.158215141296388
ERY,combined,reg,k_CTCCCATTCA,11.15235595703125
ERY,combined,reg,k_AGGGGTGAAT,11.084694059193135
ERY,combined,reg,k_CAGCAAGCAC,10.95320119857788
ERY,combined,clf,k_AGAGGTCCCT,10.941130065917969
ERY,combined,reg,k_CGCACCAAGA,10.768147468566895
ERY,combined,reg,k_CCCGTTAAAC,10.60609130859375
ERY,combined,reg,k_GTCAGACGCA,10.54635238647461
ERY,combined,reg,k_GAGCGACACA,10.333395385742188
ERY,combined,reg,k_AGTCAGCTTA,10.2589176222682
ERY,combined,reg,k_CCGTCTATTA,10.109326171875
ERY,combined,reg,k_AAACCTACAG,9.965949249267577
ERY,combined,reg,k_ATAGGACAGC,9.834126815199852
ERY,combined,reg,k_AATTGTCGCG,9.6916259765625
ERY,combined,reg,k_ATGTAACTAC,9.618441772460937
ERY,combined,reg,k_GCACTGAGAA,9.570779418945312
ERY,combined,reg,k_AGCTCTAGGG,9.524054336547852
ERY,combined,reg,k_CGAGAAAGGA,9.476825261116028
ERY,combined,reg,k_CTCAAGCCGC,9.475767201185226
ERY,combined,reg,k_AGCTAATCAG,9.271023941040038
ERY,combined,reg,k_CCTCAATAAG,9.024930182099343
ERY,combined,reg,k_GTACGTCATA,8.971973323822022
ERY,combined,reg,k_ATACATAGAT,8.91875468492508
ERY,combined,reg,k_TGCCGTATAA,8.677934265136718
ERY,combined,clf,k_GTCGGCATAA,8.503800964355468
ERY,combined,reg,k_ATTATAATCA,8.4396484375
ERY,combined,reg,k_CAGAGCGATA,8.400633239746094
ERY,combined,reg,k_CTAGCTTCGC,8.30260009765625
ERY,combined,reg,k_AAGATTAGGG,8.299314451217652
ERY,combined,reg,k_AGCCGCTAAC,8.234941458702087
ERY,combined,reg,k_GGCCTGGTAC,8.180467987060547
ERY,combined,reg,k_GTGGTTAGTA,8.151336300373078
ERY,combined,reg,k_AATCGTTCAC,8.079003143310548
ERY,combined,reg,k_ATTCTAATGC,7.95053316950798
ERY,combined,reg,k_AGAGACATGA,7.8823486328125
ERY,combined,reg,k_CGGACGGATC,7.807672119140625
ERY,combined,reg,k_GGACTATTAA,7.7201416015625
ERY,combined,reg,k_AGCACCTCCT,7.715679550170899
ERY,combined,reg,k_AAATACTGCG,7.600439453125
ERY,combined,reg,k_AGGATAGCCG,7.555631947517395
ERY,combined,reg,k_CACTTTGGTA,7.524725341796875
ERY,combined,reg,k_AGGTCCATAG,7.44703369140625
ERY,combined,reg,k_ATTGTACCCG,7.440133666992187
ERY,combined,reg,k_CCGTTGTAGG,7.2911376953125
ERY,combined,reg,k_TCACCTCAGA,7.272581481933594
ERY,combined,reg,k_GAATTTAGGC,7.271809959411621
ERY,combined,reg,k_ATGATACTGC,7.213106536865235
ERY,combined,reg,k_AAGGATCAGA,7.134487152099609
ERY,combined,clf,k_CGGATAACTA,6.993404388427734
ERY,combined,reg,k_CATGCCCGTA,6.96839599609375
ERY,combined,reg,k_AGCAACTTAA,6.93987774848938
ERY,combined,reg,k_AATAGGACAG,6.9349414825439455
ERY,combined,reg,k_AACAAAAGTG,6.894514353573323
ERY,combined,reg,k_AGATACCCTC,6.891653764247894
ERY,combined,reg,k_GTTCAGACGA,6.82801513671875
ERY,combined,reg,k_GCGTTGACGA,6.821152360737324
ERY,combined,reg,k_AGATGGGGCG,6.793241500854492
ERY,combined,reg,k_AATATGCACA,6.79267578125
ERY,combined,reg,k_CCTCAGGAGC,6.7908219575881965
ERY,combined,reg,k_GTCCCCAATA,6.789985275268555
ERY,combined,reg,k_AGCCACGTAT,6.77501220703125
ERY,combined,reg,k_CGAATGTAGA,6.71517333984375
ERY,combined,reg,k_ACACAAGAGT,6.673664164543152
ERY,combined,reg,k_TATGCAAGGA,6.6543825507164005
ERY,combined,reg,k_GCGTCATTAA,6.65284423828125
ERY,combined,clf,k_CACACTTTCC,6.642453718185425
ERY,combined,reg,k_CAAAGTTCCG,6.618017578125
ERY,combined,reg,k_AGTAGACCCC,6.6171623229980465
ERY,combined,clf,k_GGCGAAGACA,6.4834734916687005
ERY,combined,reg,k_AAGTTCCGAA,6.449392652511596
ERY,combined,reg,k_AACCCACTAC,6.381774139404297
ERY,combined,reg,k_ATCGAAGGCC,6.342832946777344
ERY,combined,reg,k_CACAGTACAA,6.3041015625
ERY,combined,reg,k_CGGAAGTACA,6.302413730323314
ERY,combined,reg,k_CCTCCTTGAG,6.257053804397583
ERY,combined,reg,k_GGGTAGTTGA,6.214845275878906
ERY,combined,reg,k_CACAGGCAAA,6.210212707519531
ERY,combined,reg,k_CCTCAATCTA,6.137469482421875
ERY,combined,reg,k_AACATTAGCT,6.132410603761673
ERY,combined,reg,k_AAGCACCAGT,6.094374746084213
ERY,combined,reg,k_GGACGGATCC,6.061761742830277
ERY,combined,reg,k_AAAGTTCCGA,5.954006171226502
ERY,combined,reg,k_ACAGTGCACC,5.943609619140625
ERY,combined,reg,k_CCCTATAGTC,5.940677642822266
ERY,combined,clf,k_CTGCTATGTA,5.921633911132812
ERY,combined,reg,k_ACGAAGCTAC,5.916836547851562
ERY,combined,reg,k_GAGATCTGGC,5.835940933227539
ERY,combined,reg,k_ACTGGTATAC,5.784019708633423
ERY,combined,reg,k_AATGCCGAAC,5.747748184204101
ERY,combined,reg,k_ACGCAGAACA,5.685882186889648
ERY,combined,reg,k_AGTAACGTAC,5.67744140625
ERY,combined,reg,k_ACTGTAACGC,5.6618408203125
ERY,combined,reg,k_ACTAGCACGA,5.647586441040039
ERY,combined,clf,k_ATATATAGAC,5.442664337158202
ERY,combined,reg,k_AGCGCCATGG,5.416466093063355
ERY,combined,reg,k_CCAGTCTAAG,5.368901062011719
ERY,combined,reg,k_AGTGAATTTC,5.349055033922196
ERY,combined,reg,k_ATTCCCTCCA,5.338022613525391
ERY,combined,reg,k_AATAACACAC,5.323291349411011
ERY,combined,reg,k_CCGTCTAAGA,5.296326042711734
ERY,combined,reg,k_AAACCCCCAT,5.293858808279037
ERY,combined,reg,k_AAACCCTCGA,5.273051452636719
ERY,combined,reg,k_CCTCTGCAGC,5.23402795791626
ERY,combined,reg,k_AAAGACACGC,5.215053558349609
ERY,combined,reg,k_AATTGCTTAC,5.151708984375
ERY,combined,reg,k_CCGTACTCAC,5.1109619140625
ERY,combined,reg,k_AGCACCAGTG,5.037924194335938
ERY,combined,reg,k_AAGCTTAGCT,4.954700703173876
ERY,combined,reg,k_CCCCTCGTTA,4.900531339645386
ERY,combined,reg,k_CAGAGCAACC,4.869788329303265
ERY,combined,reg,k_TCCGAGATCA,4.825892686843872
ERY,combined,reg,k_ACATGATACT,4.792861747741699
ERY,combined,reg,k_AACCAGGCCG,4.764705801010132
ERY,combined,reg,k_CTTAGTGAAC,4.6185546875
ERY,combined,reg,k_CATTAAGTTC,4.580810546875
ERY,combined,reg,k_ATAGTCTGTG,4.576424407958984
ERY,combined,reg,k_AATACTAGGG,4.555825805664062
ERY,combined,reg,k_ACCGTCTTAT,4.552120518684387
ERY,combined,reg,k_AGTGCTGGGG,4.5484607219696045
ERY,combined,clf,k_AAACCTAACG,4.5483154296875
ERY,combined,reg,k_CTAAGACCAC,4.534272766113281
ERY,combined,reg,k_CACGTTTTCA,4.4366149425506585
ERY,combined,reg,k_TAGCGAACTA,4.425465762615204
ERY,combined,reg,k_TAGCACATGA,4.410173334926367
ERY,combined,reg,k_CACTTATTAG,4.342656373977661
ERY,combined,reg,k_AAGCTGTCCG,4.3310302734375
ERY,combined,reg,k_AAACGGCGTG,4.3232728242874146
ERY,combined,clf,k_AATTGCTACC,4.321661806106568
ERY,combined,reg,k_ATGCTCGACG,4.251776123046875
ERY,combined,reg,k_ATCGTAAGGG,4.215167236328125
ERY,combined,reg,k_AAGACCCAGG,4.1998291015625
ERY,combined,reg,k_CGATGTCGCG,4.198628902435303
CLI,kmer,reg,k_GGGGTCCCGA,1168.327459716797
CLI,kmer,reg,k_AGTTTCGTCG,1089.5878540039062
CLI,kmer,reg,k_ATTCCGCTGG,785.4598106384277
CLI,kmer,reg,k_CTCGGGACCC,555.4625762939453
CLI,kmer,reg,k_CAGTGACGTA,503.94072265625005
CLI,kmer,reg,k_GCTGAATCGA,344.7690185546875
CLI,kmer,reg,k_GCGCTCGGGA,308.12157897949214
CLI,kmer,reg,k_CCCGACTGTC,202.19031982421876
CLI,kmer,reg,k_CCCTGTCTTA,154.72098388671876
CLI,kmer,clf,k_GGGGTCCCGA,82.16029357910156
CLI,kmer,reg,k_ACGCCAAAGT,50.616554260253906
CLI,kmer,clf,k_CTCGGGACCC,50.12682113647461
CLI,kmer,clf,k_AGTTTCGTCG,43.80281200408936
CLI,kmer,clf,k_ATTCCGCTGG,41.66875095367432
CLI,kmer,reg,k_CTAATCGCAG,38.9870849609375
CLI,kmer,reg,k_CTAAACGAGC,38.737904739379886
CLI,kmer,reg,k_ACGCCTGTAC,37.4575439453125
CLI,kmer,reg,k_ACAGGATCGG,34.85037078857422
CLI,kmer,reg,k_ATGTTGTGTA,33.557958984375
CLI,kmer,reg,k_GGTTGTACAA,32.579314422607425
CLI,kmer,reg,k_ACGTGCAGCT,31.4635498046875
CLI,kmer,reg,k_AAACCCTCGG,31.28232421875
CLI,kmer,reg,k_CTACTGGCTA,30.703318786621093
CLI,kmer,reg,k_AGGATAGAGC,30.335539245605467
CLI,kmer,reg,k_TCATTCTAGA,29.79547958374023
CLI,kmer,clf,k_GCGCTCGGGA,28.173115539550782
CLI,kmer,reg,k_CGTTCATGTC,27.158995437622067
CLI,kmer,reg,k_GTCGGATAGA,25.2973388671875
CLI,kmer,clf,k_GCTGAATCGA,23.90144500732422
CLI,kmer,reg,k_GGGCCGATAA,22.68664608001709
CLI,kmer,reg,k_TCACCGAACA,22.32944622039795
CLI,kmer,reg,k_CCACAGAGAG,22.273326110839843
CLI,kmer,reg,k_AAGCGACAAT,22.222265625
CLI,kmer,reg,k_GTGCTGTGGA,22.08119602203369
CLI,kmer,reg,k_TAGCCCCTGA,21.94830322265625
CLI,kmer,reg,k_GTGTTCTACA,21.62928466796875
CLI,kmer,reg,k_CGGGAATGGA,21.235528564453126
CLI,kmer,reg,k_CCCCGTAGGC,21.221140670776368
CLI,kmer,reg,k_ATTGCCACAC,20.94910430908203
CLI,kmer,reg,k_CTATCAGGGC,20.720733642578125
CLI,kmer,reg,k_AGTCCCATAA,19.959123969078064
CLI,kmer,reg,k_AGCTCTAGGG,19.67332923412323
CLI,kmer,reg,k_GCCGCTAACA,18.95917139053345
CLI,kmer,reg,k_CCGACACAAG,18.570280456542967
CLI,kmer,reg,k_CGGAGACAAG,18.3259033203125
CLI,kmer,reg,k_AACGCTCTCT,18.13858766555786
CLI,kmer,reg,k_GAGACCTGGA,17.152762246131896
CLI,kmer,reg,k_CCATAAACCG,17.053387451171876
CLI,kmer,reg,k_GATCCGTCCC,17.036544704437254
CLI,kmer,reg,k_CATCCTGTAG,16.827143126726153
CLI,kmer,reg,k_AGTAAACGGG,16.8260986328125
CLI,kmer,reg,k_GCACCAGTGC,16.787715911865234
CLI,kmer,clf,k_CCCGACTGTC,16.750772094726564
CLI,kmer,reg,k_ACCCCCCTTC,16.53081359863281
CLI,kmer,reg,k_AATTCCGGAG,16.5197509765625
CLI,kmer,reg,k_TCTATAGTCA,15.930084228515625
CLI,kmer,reg,k_TAAATGCACA,15.907577514648438
CLI,kmer,reg,k_GGCGTGTCGA,15.808189392089844
CLI,kmer,reg,k_TCGACGAACA,15.745068359374999
CLI,kmer,reg,k_AAGCACCAGT,15.589233255386354
CLI,kmer,reg,k_AGCCGCTAAC,15.267117309570311
CLI,kmer,reg,k_AATATTATGC,15.209543132781983
CLI,kmer,clf,k_CCCCGTAGGC,15.169589233398437
CLI,kmer,reg,k_AGTCTTACAG,15.102059936523437
CLI,kmer,reg,k_AAGTAGGACG,15.000211429595948
CLI,kmer,reg,k_AACTGCCACT,14.684128570556641
CLI,kmer,reg,k_AACTGGTACG,14.579287719726562
CLI,kmer,reg,k_AAGTACAGTC,14.546566112339496
CLI,kmer,reg,k_ATATAATGCC,13.999861907958984
CLI,kmer,reg,k_GGGCATTTAA,13.968243408203126
CLI,kmer,reg,k_ATCACTACAC,13.716162109375
CLI,kmer,reg,k_ACGTTCGTTG,13.455270385742187
CLI,kmer,reg,k_GCCGTATACA,13.42659912109375
CLI,kmer,reg,k_ATAATCGAAG,13.390048837661743
CLI,kmer,reg,k_AGCATAACTC,13.123144531249999
CLI,kmer,reg,k_ACAGGACCCA,13.1069580078125
CLI,kmer,reg,k_CACCAGTGCA,13.016166687011719
CLI,kmer,reg,k_ACCTCATGAG,12.971325874328613
CLI,kmer,reg,k_AACTTCCGAA,12.9527099609375
CLI,kmer,reg,k_ACACCCATTG,12.818623065948486
CLI,kmer,reg,k_GCCCTACAGC,12.467326354980468
CLI,kmer,reg,k_ACCACAGCAC,12.274773597717285
CLI,kmer,reg,k_GTCAGACGCA,12.146964263916015
CLI,kmer,reg,k_AGCACCAGTG,12.00055866241455
CLI,kmer,reg,k_ACGACTTGGG,11.887349796295167
CLI,kmer,reg,k_GAATTAGCGC,11.88507080078125
CLI,kmer,reg,k_ATCGCAGCGC,11.873091125488282
CLI,kmer,reg,k_GGGGTATGAC,11.553469848632812
CLI,kmer,reg,k_CAAGCACGTC,11.47893180847168
CLI,kmer,reg,k_GAAGGGTATA,11.27774658203125
CLI,kmer,reg,k_AACATACAAA,11.260079193115235
CLI,kmer,reg,k_ACGGACTACA,11.020338439941407
CLI,kmer,reg,k_ACCAGACTAC,10.91641845703125
CLI,kmer,reg,k_ATACATGTCC,10.694993340969086
CLI,kmer,reg,k_ACCTCAACGC,10.653967571258546
CLI,kmer,reg,k_AAGGGATCTC,10.542193603515624
CLI,kmer,reg,k_ATAGGTAGCA,10.468773651123048
CLI,kmer,reg,k_AAGTACCCCT,10.370967864990234
CLI,kmer,reg,k_AGTGGGCATA,10.3390625
CLI,kmer,reg,k_GACTGTAGGC,10.153125
CLI,kmer,reg,k_ACCTCACAAA,10.14141845703125
CLI,kmer,reg,k_CCTCCAGTAA,10.046461486816407
CLI,kmer,reg,k_AGAGTACGAC,10.00329818725586
CLI,kmer,reg,k_ACTGGTATAC,9.972458851337432
CLI,kmer,reg,k_AGGGAGAGTA,9.935988253355028
CLI,kmer,reg,k_GGAGGTCAGA,9.7406982421875
CLI,kmer,reg,k_CGAATAGTAG,9.72161685526371
CLI,kmer,reg,k_ATTCAATAAG,9.643464398384095
CLI,kmer,reg,k_AGGTCTAGTA,9.629109191894532
CLI,kmer,reg,k_AGCAAGCACC,9.620400631427765
CLI,kmer,reg,k_GGCTTTGCTA,9.5056396484375
CLI,kmer,reg,k_ATAACTGCGG,9.427456665039063
CLI,kmer,reg,k_GCAACTCTGC,9.325811386108398
CLI,kmer,reg,k_TAGACGTATA,9.166708374023438
CLI,kmer,reg,k_AACAGAGAAC,9.124825429916381
CLI,kmer,reg,k_AAAGCGTTAG,9.085482788085937
CLI,kmer,reg,k_GGGGTGCATA,9.031758117675782
CLI,kmer,reg,k_CTCGTTGGAC,8.986372566223144
CLI,kmer,reg,k_CACCAGTGCG,8.90694580078125
CLI,kmer,reg,k_GTTGTTCGGA,8.856095886230468
CLI,kmer,reg,k_CATGACAGGC,8.8387939453125
CLI,kmer,reg,k_CGAGTTATAA,8.81458740234375
CLI,kmer,reg,k_CCTCCAGTCC,8.784290504455566
CLI,kmer,reg,k_GCTTTCCCAC,8.742044067382812
CLI,kmer,reg,k_ACGCTCGAAA,8.696905517578125
CLI,kmer,reg,k_AATAACACAC,8.652629089355468
CLI,kmer,reg,k_CTATGGCAAC,8.515087890625
CLI,kmer,reg,k_AGTAGATTGC,8.431385803222657
CLI,kmer,reg,k_AGCTGAGAGG,8.3966552734375
CLI,kmer,reg,k_CTTCACTTAC,8.380831909179687
CLI,kmer,reg,k_ACGGCCGACC,8.31995849609375
CLI,kmer,reg,k_CTTAATTCTC,8.310709464550017
CLI,kmer,reg,k_ACTTAGGGAA,8.253732299804687
CLI,kmer,reg,k_CCTACTAGCA,8.24283447265625
CLI,kmer,clf,k_TCACCGAACA,8.230892229080201
CLI,kmer,reg,k_TATGGCGACA,8.186438101530076
CLI,kmer,reg,k_GCCTCACGCC,8.169667053222657
CLI,kmer,clf,k_CAGTGACGTA,8.03755226135254
CLI,kmer,reg,k_CATAGGGGGG,8.036789703369141
CLI,kmer,reg,k_GTAGGTATAC,8.018526840209962
CLI,kmer,clf,k_ATACGTTAGA,7.954959869384766
CLI,kmer,reg,k_CATTTATTCG,7.951057434082031
CLI,kmer,reg,k_ATATTCCGAG,7.922319984436036
CLI,kmer,reg,k_CGTCAACGCC,7.864467954635621
CLI,kmer,reg,k_CTTGGGAGGC,7.790723609924317
CLI,kmer,reg,k_GGGTAATTAC,7.746142578125
CLI,kmer,reg,k_ATATAGTACA,7.593775939941406
CLI,kmer,reg,k_CAAATATAGA,7.505648040771485
CLI,kmer,reg,k_CTACTTTGGC,7.398680877685547
CLI,kmer,reg,k_ACAGTCCGGG,7.394213408231736
CLI,kmer,reg,k_AGTATACCCG,7.336238098144531
CLI,kmer,reg,k_CCATGGGTAG,7.330142211914063
CLI,kmer,reg,k_AGTTTACGGC,7.326966562867165
CLI,kmer,reg,k_ATGTCGCGTC,7.282682037353515
CLI,kmer,reg,k_CCCCTATGGA,7.258542907238006
CLI,kmer,reg,k_CATTGGGTGA,7.246759247779846
CLI,kmer,reg,k_AATTCAATAG,7.194640350341797
CLI,kmer,reg,k_ACTTCGCTTA,7.1555225372314455
CLI,kmer,reg,k_CCGTACTTAA,7.123780822753906
CLI,kmer,reg,k_CCTTAACTAA,7.1062065124511715
CLI,kmer,reg,k_ACACTTTTTA,7.098109436035156
CLI,kmer,reg,k_ACGCCCCCAA,7.017461466789246
CLI,kmer,reg,k_AACCTGGTTA,6.990633392333985
CLI,kmer,reg,k_ATCGGTCTTA,6.917758941650391
CLI,kmer,reg,k_CTAACTTACC,6.844035625457764
CLI,kmer,clf,k_TCATTCTAGA,6.800924587249757
CLI,kmer,reg,k_CTAATGGTGA,6.7458490371704105
CLI,kmer,reg,k_CAGTTCTAAC,6.7312744140625
CLI,kmer,reg,k_ATAGGGGCTC,6.654736328125
CLI,kmer,reg,k_CAACGTAAGA,6.584158325195313
CLI,kmer,reg,k_AGAGCGGCTG,6.5668785095214846
CLI,kmer,reg,k_AGTCCGAACC,6.43544373512268
CLI,kmer,reg,k_GTGATTCTAA,6.317299652099609
CLI,kmer,reg,k_AACAAGTGCG,6.267906719446183
CLI,kmer,reg,k_AAACATACAA,6.26781155616045
CLI,kmer,reg,k_GAGTTAGCAA,6.247039794921875
CLI,kmer,reg,k_GATGCCACTA,6.2412761688232425
CLI,kmer,reg,k_GGGGCTGCGA,6.230973815917968
CLI,kmer,reg,k_CGCTACAGTC,6.133771920204162
CLI,kmer,reg,k_ACTTATTGAG,6.116937923431396
CLI,kmer,reg,k_TCGTTATACA,6.04449588060379
CLI,kmer,reg,k_CACCCATTGG,6.006775379180908
CLI,kmer,clf,k_CCGACACAAG,5.989509963989258
CLI,kmer,reg,k_AGTGGGCATG,5.98298454284668
CLI,kmer,reg,k_ACGTTGTCTG,5.972615551203489
CLI,kmer,reg,k_ATCGGATAAG,5.970889985561371
CLI,kmer,reg,k_GGATACACAC,5.96497517824173
CLI,kmer,reg,k_CGCCTTAGTA,5.907025146484375
CLI,kmer,reg,k_CAGTTGACAG,5.892392349243163
CLI,kmer,reg,k_GCATAACTCC,5.88651123046875
CLI,kmer,reg,k_GATTTAATCC,5.649100303649902
CLI,kmer,reg,k_ACCACACTTG,5.639207458496093
CLI,kmer,reg,k_AGATCTATAA,5.625080430507659
CLI,kmer,clf,k_ATTGCCACAC,5.567406082153321
CLI,kmer,reg,k_AAATCTGAGG,5.5648651123046875
CLI,kmer,reg,k_ATGAGCGACC,5.545553529262542
CLI,kmer,reg,k_ACGTTTATAT,5.5388946533203125
CLI,kmer,reg,k_AAGCCGCTAA,5.460575798153878
CLI,kmer,reg,k_CACTTAACCA,5.2856271266937265
CLI,kmer,reg,k_CGACCTGTTA,5.285342025756836
CLI,combined,reg,k_GGGGTCCCGA,1184.8058715820312
CLI,combined,reg,k_CTCGGGACCC,1034.894677734375
CLI,combined,reg,k_GCGTGCATAA,860.1966796875
CLI,combined,reg,k_ATTCCGCTGG,815.6436603546142
CLI,combined,reg,k_AGTTTCGTCG,594.7981979370118
CLI,combined,reg,k_GCGCTCGGGA,563.1350708007812
CLI,combined,reg,k_GCTGAATCGA,308.6540283203125
CLI,combined,reg,k_CCCGACTGTC,235.2001953125
CLI,combined,reg,k_AGAGGTCCCT,235.0969482421875
CLI,combined,reg,k_CAGTGACGTA,112.79660186767578
CLI,combined,clf,k_CTCGGGACCC,102.49936065673828
CLI,combined,reg,k_ACGCCAAAGT,96.38458557128907
CLI,combined,reg,k_ATACGTTAGA,83.57723999023438
CLI,combined,reg,k_TCACCGAACA,82.81605224609375
CLI,combined,clf,k_GGGGTCCCGA,79.31372375488282
CLI,combined,reg,k_CCCCGTAGGC,52.781923675537115
CLI,combined,clf,k_GCGTGCATAA,50.3348876953125
CLI,combined,reg,k_AATTCCGGAG,48.982177734375
CLI,combined,reg,k_AGTAGACCAC,45.826348876953126
CLI,combined,clf,k_ATTCCGCTGG,44.503017044067384
CLI,combined,reg,k_ACCCCCTACA,44.4994291305542
CLI,combined,reg,k_GGTTGTACAA,44.060709381103514
CLI,combined,reg,k_ACCTAACTTG,38.46513671875
CLI,combined,reg,k_ACGCCTGTAC,37.4575439453125
CLI,combined,clf,k_AGTTTCGTCG,32.079898834228516
CLI,combined,reg,k_GGGGAACGGA,30.378662109375
CLI,combined,clf,k_GCGCTCGGGA,30.10643615722656
CLI,combined,reg,k_GCACCAGTGC,28.973052215576175
CLI,combined,reg,k_GCTGCACGTA,28.155807495117188
CLI,combined,reg,k_GTGCTGTGGA,27.649688053131104
CLI,combined,reg,k_CGTTCATGTC,26.832969665527344
CLI,combined,reg,k_ACACATATTA,23.524978637695312
CLI,combined,reg,k_AGTCTTACAG,23.185888671875
CLI,combined,clf,k_AGAGGTCCCT,22.697093200683593
CLI,combined,reg,k_CTACTTTGGC,22.3382080078125
CLI,combined,reg,k_CCCGCAAATA,22.128014969825745
CLI,combined,reg,k_GAGAGAGAGA,21.9624267578125
CLI,combined,reg,k_GTGTTCTACA,21.62000732421875
CLI,combined,reg,k_GATACGCCTA,21.015916919708253
CLI,combined,reg,k_AGTAAACGGG,20.9486572265625
CLI,combined,reg,k_CGGATAACTA,20.774577331542968
CLI,combined,reg,k_CACACTTTCC,20.395895385742186
CLI,combined,reg,k_ATGTATGGTC,20.05411282479763
CLI,combined,reg,k_AATATTATGC,19.65950515270233
CLI,combined,clf,k_CCCCGTAGGC,18.978278350830077
CLI,combined,reg,k_GGGAGGACTA,18.65221972465515
CLI,combined,reg,k_AAGGGCGCAA,18.613970041275024
CLI,combined,reg,k_AACTGCCACT,18.353268432617188
CLI,combined,reg,k_CGGAGACAAG,18.3259033203125
CLI,combined,reg,k_ACAATACTAC,18.299208450317384
CLI,combined,reg,k_GCCGCTAACA,18.071674156188962
CLI,combined,reg,k_AAGGGATCTC,17.57388916015625
CLI,combined,reg,k_AACAGAGAAC,17.32030454874039
CLI,combined,reg,k_ACGGTGTACT,17.183164978027342
CLI,combined,reg,k_AAACCGCGAC,17.054351806640625
CLI,combined,reg,k_GCATAACTCC,16.943087100982666
CLI,combined,reg,k_ACAGGATCGG,16.622863388061525
CLI,combined,reg,k_GTTATCGGGA,16.298197746276855
CLI,combined,clf,k_GCTGAATCGA,16.174235534667968
CLI,combined,reg,k_AACGGAGCCT,15.932540893554688
CLI,combined,reg,k_ATGTAATAGA,15.882539367675781
CLI,combined,reg,k_CGTAGCGAAC,15.535100746154784
CLI,combined,reg,k_GTCGGATAGA,15.381401062011719
CLI,combined,reg,k_CCTACTAGCA,15.328564453125
CLI,combined,reg,k_GATCCGTCCC,15.239791488647459
CLI,combined,reg,k_ACCCCCGTTG,14.764974975585938
CLI,combined,reg,k_AACGCTCTCT,14.517902851104736
CLI,combined,reg,k_ACAGAATACA,14.374064636230468
CLI,combined,reg,k_GTCAGACGCA,14.370964050292969
CLI,combined,reg,k_CAAATATAGA,14.332758378982545
CLI,combined,reg,k_GAAGGGTATA,14.297923278808593
CLI,combined,reg,k_AGGGGGGAAA,14.001179504394532
CLI,combined,reg,k_GGCGTGTCGA,13.868009781837463
CLI,combined,reg,k_GTGTTCCTTA,13.6629150390625
CLI,combined,reg,k_CCTCCAGTCC,13.656402587890625
CLI,combined,reg,k_AAGCGTGACA,13.4646728515625
CLI,combined,reg,k_AGCCACGTCA,13.117721557617188
CLI,combined,reg,k_TCATTCTAGA,13.004464715719223
CLI,combined,reg,k_AGCTCTAGGG,12.982712364196779
CLI,combined,reg,k_CTGTGAGCCA,12.87884521484375
CLI,combined,reg,k_CGAGCCCTAA,12.78974609375
CLI,combined,reg,k_AGTCTCAACG,12.787098693847657
CLI,combined,reg,k_ATACATGTCC,12.600591826438903
CLI,combined,reg,k_ACGGGATATA,12.56856689453125
CLI,combined,reg,k_ACATAGCATA,12.3902099609375
CLI,combined,reg,k_ACACCCATTG,12.312778425216674
CLI,combined,reg,k_CTAATCGCAG,12.282938385009766
CLI,combined,reg,k_ACCACAGCAC,12.227589797973632
CLI,combined,reg,k_CCACAGCACA,11.794847106933593
CLI,combined,reg,k_CACCAGTGCA,11.768345642089844
CLI,combined,reg,k_AATACAGGGT,11.7414794921875
CLI,combined,reg,k_GGGGTGAATA,11.647793817520142
CLI,combined,reg,k_GCGTTGACGA,11.517936182022094
CLI,combined,reg,k_CAAGCTTAGC,11.458342653512956
CLI,combined,reg,k_AAGCTTAGCT,11.42283582687378
CLI,combined,reg,k_ATGTCAGACG,11.410941934585573
CLI,combined,reg,k_AACTGGTACG,11.330523681640624
CLI,combined,reg,k_ACATGCGACA,11.261299896240235
CLI,combined,reg,k_CCTTAACTAA,11.251234102249146
CLI,combined,reg,k_AACATACAAA,11.18031711578369
CLI,combined,reg,k_CCTCCAGTAA,11.17223663330078
CLI,combined,reg,k_ATTTATGATC,11.1669189453125
CLI,combined,reg,k_AACAATTAGT,11.15208740234375
CLI,combined,reg,k_AAGCACCAGT,11.15110263824463
CLI,combined,reg,k_ACTAACTAAC,11.0573974609375
CLI,combined,reg,k_AGGTTATTCC,10.987088561058044
CLI,combined,reg,k_CAGTTGACAG,10.805941915512086
CLI,combined,reg,k_AACAGTCGAG,10.773054885864259
CLI,combined,reg,k_GAAGCTTCCC,10.7168701171875
CLI,combined,reg,k_AAGTCGTACG,10.459971344470977
CLI,combined,reg,k_ACGATCTAGG,10.427783203125
CLI,combined,clf,k_CACACTTTCC,10.182789611816407
CLI,combined,reg,k_AATGCCCACG,10.07877197265625
CLI,combined,reg,k_GCAAATATCA,10.071810913085937
CLI,combined,reg,k_GGGTAAGTTA,10.008918184041978
CLI,combined,reg,k_CCGCAGGAAG,9.813259887695313
CLI,combined,reg,k_AGCCGCTAAC,9.81059309244156
CLI,combined,reg,k_CCGCTCTTTA,9.694192504882812
CLI,combined,reg,k_AAGTGCCCCA,9.678987884521485
CLI,combined,reg,k_ACAGCGCTAC,9.60094985961914
CLI,combined,reg,k_CGTCAACGCC,9.513047862052918
CLI,combined,reg,k_CACCCATTGG,9.483486747741699
CLI,combined,reg,k_ACACTAAGCC,9.270026397705077
CLI,combined,reg,k_ACTCACATAG,9.243807220458985
CLI,combined,reg,k_AATAACACAC,9.233612060546875
CLI,combined,reg,k_AATCGAGCCT,9.223411560058594
CLI,combined,reg,k_ACGTGCTTGC,9.100504088401795
CLI,combined,reg,k_ATAGCGTCAC,9.093635904788972
CLI,combined,reg,k_ACCTCATGAG,8.979673004150392
CLI,combined,clf,k_TCGACGAACA,8.959475582838058
CLI,combined,reg,k_CTAAACGAGC,8.95941390991211
CLI,combined,reg,k_AAAGTAGTCG,8.8731689453125
CLI,combined,reg,k_AGTCCCATAA,8.726997333765029
CLI,combined,reg,k_AAACAACGAG,8.609580051898956
CLI,combined,reg,k_ATATAATGCC,8.461743927001953
CLI,combined,reg,k_AGCAGGGACC,8.43955078125
CLI,combined,clf,k_ATTGCCACAC,8.321930694580079
CLI,combined,reg,k_ATATGTCCGG,8.269077682495118
CLI,combined,reg,k_CAGTTCTAAC,8.24473876953125
CLI,combined,reg,k_CACAATACAG,8.09748387336731
CLI,combined,reg,k_AAGTGTCGTA,8.035842895507812
CLI,combined,reg,k_AAGGGTCATC,7.9008544921875
CLI,combined,reg,k_ACTGGTATAC,7.774684906005859
CLI,combined,reg,k_AGGGGTGAAT,7.76354610323906
CLI,combined,reg,k_ACTTCGCTTA,7.713117218017578
CLI,combined,reg,k_ACCAGACTAC,7.712480163574218
CLI,combined,reg,k_CATGACAGGC,7.636090087890625
CLI,combined,reg,k_TCGACGAACA,7.599411201477051
CLI,combined,reg,k_AACGCTAATG,7.533273431658745
CLI,combined,clf,k_ATACGTTAGA,7.4845741271972654
CLI,combined,reg,k_CCATAAACCG,7.446261596679687
CLI,combined,reg,k_CAAGCACGTC,7.417468643188477
CLI,combined,reg,k_CTAGAACAGC,7.275295257568359
CLI,combined,reg,k_ATGCGATAGA,7.241864013671875
CLI,combined,reg,k_AAACTCGCAT,7.122733306884766
CLI,combined,reg,k_AACCATCCAG,7.0303496479988095
CLI,combined,reg,k_GAGCCGTATA,7.005464935302735
CLI,combined,reg,k_GGCCTGGTAC,6.968160247802734
CLI,combined,reg,k_GAATTAGCGC,6.939971923828125
CLI,combined,reg,k_ACTTCCGAAT,6.870806884765625
CLI,combined,reg,k_AGCATAACTC,6.828998565673828
CLI,combined,reg,k_GGAGACCTCC,6.798248291015625
CLI,combined,reg,k_GTGACTGACA,6.7718738436698915
CLI,combined,reg,k_ATAGATTCCG,6.715571594238281
CLI,combined,reg,k_AGTCCGAACC,6.671524429321289
CLI,combined,reg,k_CCGCTCAAAG,6.579244995117188
CLI,combined,reg,k_ATCGGTTAAC,6.574623870849609
CLI,combined,reg,k_GGAGAGATCA,6.570770072937012
CLI,combined,reg,k_AAGCTGAAGC,6.546020895242691
CLI,combined,reg,k_ATAACTGCGG,6.401808166503907
CLI,combined,reg,k_GCAAGCACCA,6.399891445040703
CLI,combined,reg,k_CGTAAATTAA,6.397421646118164
CLI,combined,reg,k_AAATACTGCG,6.367304992675781
CLI,combined,reg,k_ACCGTACATG,6.2778076171875
CLI,combined,reg,k_TTATATACAA,6.273260498046875
CLI,combined,reg,k_AGGGGGCGAA,6.269561386108398
CLI,combined,reg,k_CTGGTATACC,6.268227958679199
CLI,combined,reg,k_AACTCCACGG,6.242765808105469
CLI,combined,reg,k_AACCCTGGCA,6.178236389160157
CLI,combined,reg,k_GTGATTCTAA,6.171606206893921
CLI,combined,clf,k_CTAAACGAGC,6.075619405508042
CLI,combined,reg,k_CAAAGTTCCG,6.064534759521484
CLI,combined,reg,k_AGGATAGAGC,6.047511434555053
CLI,combined,reg,k_TAAGATGCAA,5.97325439453125
CLI,combined,reg,k_ATTCCGATAG,5.7038532257080075
CLI,combined,reg,k_ACACGACTCA,5.6937903881073
CLI,combined,reg,k_CAGAGCAACC,5.666481590270997
CLI,combined,reg,k_TACATACGCA,5.6567535400390625
CLI,combined,reg,k_AAGTTACATC,5.629552924633026
CLI,combined,reg,k_CCACAGTTAA,5.601581573486328
CLI,combined,reg,k_GCCCTACAGC,5.544031858444214
CLI,combined,reg,k_AAATGTACCC,5.528934478759766
CLI,combined,reg,k_TATTGCGCAA,5.521612918376922
CLI,combined,reg,k_CTTAAAGCAC,5.511123847961425
CLI,combined,reg,k_CGGGAATGGA,5.507170724868774
CLI,combined,reg,k_AGCAAGCACC,5.461562693119049
CLI,combined,reg,k_ATGACTGAGC,5.407464981079102
CLI,combined,clf,k_TCACCGAACA,5.40397081375122
CLI,combined,reg,k_AGAGCGGCTG,5.3771720886230465
CLI,combined,reg,k_AAAGTAGGAC,5.375595796108247
LVX,kmer,reg,k_AGTCAAGACG,2.523497486114502
LVX,kmer,reg,k_ACCTGGTTAA,2.3070373058319094
LVX,kmer,reg,k_ATTAATGTTA,2.19600772857666
LVX,kmer,reg,k_ACACTAAGCC,2.0643917083740235
LVX,kmer,reg,k_TGTAGTGACA,1.9417613983154296
LVX,kmer,reg,k_ATTATTCGAC,1.874222755432129
LVX,kmer,reg,k_CCACGCTCTC,1.8585049629211425
LVX,kmer,reg,k_CGATATGAGA,1.6095802307128906
LVX,kmer,reg,k_GATCCGAATC,1.549362015724182
LVX,kmer,reg,k_ACTTAAGGAG,1.5078792095184328
LVX,kmer,reg,k_ACCAAGGATC,1.497825002670288
LVX,kmer,reg,k_CCTGCCCAGA,1.3723100662231444
LVX,kmer,reg,k_TGGCGAGAAA,1.3632664680480957
LVX,kmer,reg,k_CAATGGGGGG,1.342841911315918
LVX,kmer,reg,k_TAACGTCATA,1.3071975827217102
LVX,kmer,reg,k_ACCTGTAAGC,1.2864055156707763
LVX,kmer,reg,k_CCGCTACAGC,1.2722676396369934
LVX,kmer,reg,k_ATAGTGAGCC,1.2654008865356445
LVX,kmer,reg,k_AGACATTAAT,1.2298755645751953
LVX,kmer,reg,k_GATGATCTAC,1.1975943565368652
LVX,kmer,reg,k_GAGGTGGCAA,1.1811320304870605
LVX,kmer,reg,k_GTGTCTACCA,1.1599813461303712
LVX,kmer,reg,k_ACGGCCGACA,1.1294245719909668
LVX,kmer,reg,k_ACTTTGGACG,1.124863862991333
LVX,kmer,reg,k_AATGCGACCT,1.1244425773620605
LVX,kmer,reg,k_CATCCAGGAA,1.12260103225708
LVX,kmer,reg,k_AACTAAAGCG,1.1190545558929443
LVX,kmer,reg,k_AAGGACTAGG,1.1178784370422363
LVX,kmer,reg,k_CATAAACGAA,1.1142092168331146
LVX,kmer,reg,k_ACCTAGCGAG,1.106297206878662
LVX,kmer,reg,k_ACATCACTAT,1.0427701860666274
LVX,kmer,reg,k_ACAGAACCCG,1.0406108140945434
LVX,kmer,reg,k_ATTGGGGCTA,1.0053162574768066
LVX,kmer,reg,k_ACAATTAGCG,0.9864259719848634
LVX,kmer,reg,k_TGCCTATCCA,0.9709068298339844
LVX,kmer,reg,k_CTTTAATGTA,0.9686495825648307
LVX,kmer,reg,k_GCTGTAAACC,0.9600295543670654
LVX,kmer,reg,k_CCCAACTTAG,0.9496435165405274
LVX,kmer,reg,k_CGGCACTTTC,0.9493056297302247
LVX,kmer,reg,k_ACTAATCAGA,0.938974666595459
LVX,kmer,reg,k_TGGCGTACAA,0.9237932205200196
LVX,kmer,reg,k_CTGACACGAC,0.8908950328826903
LVX,kmer,reg,k_GAGCGTTATC,0.8626457154750824
LVX,kmer,reg,k_GTCGTCAGAC,0.8437539353966712
LVX,kmer,reg,k_ACGATTTAAC,0.8381221532821654
LVX,kmer,reg,k_GAGCGTGTTA,0.8291929244995118
LVX,kmer,reg,k_CTTGCAATGC,0.8100534856319428
LVX,kmer,reg,k_TAGCCCCCTA,0.806615161895752
LVX,kmer,reg,k_CGTCGGCTTC,0.804215670377016
LVX,kmer,reg,k_ACAGTCCGAA,0.7860373020172119
LVX,kmer,reg,k_ATGGAGGGGA,0.7696992874145507
LVX,kmer,reg,k_AGAAACCGCC,0.7304852843284607
LVX,kmer,reg,k_CCTACTTAAC,0.7294654846191406
LVX,kmer,reg,k_ACGGACTGAA,0.728908920288086
LVX,kmer,reg,k_CGCACTTGTA,0.7271633893251419
LVX,kmer,reg,k_CCAAGGAGAC,0.7099891185760498
LVX,kmer,reg,k_ACGCACACGA,0.7074793756008149
LVX,kmer,reg,k_CTCTGATATC,0.7063340723514557
LVX,kmer,reg,k_CACTGCGACC,0.6938791751861573
LVX,kmer,reg,k_ATACAATACA,0.6812448620796203
LVX,kmer,reg,k_GTTCATACTA,0.6668505847454071
LVX,kmer,reg,k_ATCGTTTAAG,0.6627790927886963
LVX,kmer,reg,k_CAATCCCCTA,0.6581665903329849
LVX,kmer,reg,k_AATGCTTAGT,0.6552750110626221
LVX,kmer,reg,k_CCTAGGCAAA,0.6502858161926269
LVX,kmer,reg,k_CGTCCCAGGA,0.6462402768433094
LVX,kmer,reg,k_CAGCGGATGC,0.6406890869140625
LVX,kmer,reg,k_ATCGAGCATA,0.6363320589065552
LVX,kmer,reg,k_CCAGGATCTA,0.6317059874534607
LVX,kmer,reg,k_GATGTACACA,0.6245701313018799
LVX,kmer,reg,k_ACGGAAGTAC,0.6238064885139466
LVX,kmer,reg,k_CCCCTGGTAA,0.621380264312029
LVX,kmer,reg,k_GAAGCGTGGA,0.614392876625061
LVX,kmer,reg,k_GATGCCTGCC,0.6108932495117188
LVX,kmer,reg,k_GCCTATGGCC,0.6051017880439759
LVX,kmer,reg,k_CACGTGCGAC,0.6034213066101074
LVX,kmer,reg,k_AATATGTGCG,0.5744450628757477
LVX,kmer,reg,k_AGTCAGCTTA,0.5692831635475158
LVX,kmer,reg,k_GAATACAGCA,0.5690159618854522
LVX,kmer,reg,k_ATCTAAGCTA,0.5643628597259521
LVX,kmer,reg,k_CCGATTCAGA,0.560672378540039
LVX,kmer,reg,k_TATCGCATAA,0.558201789855957
LVX,kmer,reg,k_CCGATTCCAC,0.5571640491485595
LVX,kmer,reg,k_ACATTAGGGT,0.5536002039909362
LVX,kmer,reg,k_GTATATAGAC,0.5534957051277161
LVX,kmer,reg,k_AGTCATGTAT,0.5341387152671815
LVX,kmer,reg,k_TCCCGTGGAA,0.5330832004547119
LVX,kmer,reg,k_GGATCTAAAA,0.5297163486480713
LVX,kmer,reg,k_CCGTCCATAA,0.5204718589782715
LVX,kmer,reg,k_TCCCGCCTCA,0.511424970626831
LVX,kmer,reg,k_CATAACTCCA,0.5053102016448975
LVX,kmer,reg,k_AGCTTAGCGA,0.5049259662628174
LVX,kmer,reg,k_CAATTAGCGA,0.5017447471618652
LVX,kmer,reg,k_CGGAATTACA,0.4970106601715088
LVX,kmer,reg,k_GCTGACGACC,0.4961576461791992
LVX,kmer,reg,k_ACCTGTCTCC,0.4939721047878266
LVX,kmer,reg,k_CGTCTGCCTC,0.4911961302161217
LVX,kmer,reg,k_GTCGGCTTCA,0.48954105377197266
LVX,kmer,reg,k_GGACGCTTTA,0.4894105911254883
LVX,kmer,reg,k_AATTACTGTG,0.4832056999206543
LVX,kmer,reg,k_GATTCACTCC,0.478425931930542
LVX,kmer,reg,k_ATACGGGAAC,0.4758976340293884
LVX,kmer,reg,k_AAGTAGGGCG,0.47339965105056764
LVX,kmer,reg,k_CTTCTGATCC,0.47024989128112793
LVX,kmer,reg,k_AGCCGTAAAC,0.46992013454437254
LVX,kmer,reg,k_AGCGTGGGGG,0.4665637969970703
LVX,kmer,reg,k_ACGGATTACC,0.4653297424316406
LVX,kmer,reg,k_TGCGACGGAA,0.4641456723213196
LVX,kmer,reg,k_ATCTAACGAG,0.4623998880386353
LVX,kmer,reg,k_GCCGGAGAAA,0.4620898902416229
LVX,kmer,reg,k_CAGCATGCTC,0.4614861786365509
LVX,kmer,reg,k_TGTGCATGAA,0.46040863692760464
LVX,kmer,reg,k_CCTTAATTGC,0.46023199036717416
LVX,kmer,reg,k_AATCCGGTAC,0.4576937198638916
LVX,kmer,reg,k_AACCATCGAG,0.4562819480895996
LVX,kmer,reg,k_CAACACAGGG,0.4561489447951317
LVX,kmer,reg,k_AGTACTAGTG,0.45607615709304805
LVX,kmer,reg,k_CCCCACTTCC,0.4559143304824829
LVX,kmer,reg,k_ATTATTCACC,0.4543913841247559
LVX,kmer,reg,k_AAAGGGGCTC,0.4542237281799316
LVX,kmer,reg,k_ACCAACTTAC,0.45323963165283204
LVX,kmer,reg,k_ACGAAATAGA,0.4486399486660957
LVX,kmer,reg,k_AACGTATTTG,0.4461308717727661
LVX,kmer,reg,k_CATTAGTCAC,0.44475847780704497
LVX,kmer,reg,k_AGCTGTAGCG,0.4433599472045898
LVX,kmer,reg,k_CACATATCTG,0.44292826652526857
LVX,kmer,reg,k_AATCCGTCTG,0.44271392822265626
LVX,kmer,reg,k_AATTCCTACC,0.44257265627384185
LVX,kmer,reg,k_AACCAGTGCG,0.4422581575810909
LVX,kmer,reg,k_ACCTGTTTAG,0.44152531027793884
LVX,kmer,reg,k_ATGTAATAGA,0.43650810085237024
LVX,kmer,reg,k_CACCGATCAA,0.43107967376708983
LVX,kmer,reg,k_AACACTCCAC,0.4286372564733028
LVX,kmer,reg,k_TCGGTTAGAA,0.42640390396118166
LVX,kmer,reg,k_GAGCGGTTGC,0.4259754180908203
LVX,kmer,reg,k_GCAAGGCACA,0.418902238458395
LVX,kmer,reg,k_ACCCACACCC,0.41814651489257815
LVX,kmer,reg,k_ACGTTGTCTG,0.4164117693901062
LVX,kmer,reg,k_GGACAATGCA,0.41030132845044137
LVX,kmer,reg,k_ATGGGCGCAA,0.4086350440979004
LVX,kmer,reg,k_ATGTATGATA,0.40656206011772156
LVX,kmer,reg,k_CGCTGAAGCC,0.40478214919567107
LVX,kmer,reg,k_ACTAAACAGT,0.40475168228149416
LVX,kmer,reg,k_AGACCCTAAA,0.40425710678100585
LVX,kmer,reg,k_AACAATACTC,0.402231216756627
LVX,kmer,reg,k_GGGTGTACTA,0.39960732460021975
LVX,kmer,reg,k_AACGTCTGCC,0.3992116302251816
LVX,kmer,reg,k_ATTATAGGCG,0.3953149437904358
LVX,kmer,reg,k_AGTAGACGAT,0.39341784715652467
LVX,kmer,reg,k_AACGTAAGCT,0.391083288192749
LVX,kmer,reg,k_CCACGTAAGC,0.390917444229126
LVX,kmer,reg,k_AGGTTTACGC,0.3901955604553223
LVX,kmer,reg,k_ACCAGTGCAT,0.38864885568618773
LVX,kmer,reg,k_CTAGAGCACA,0.3871505722403526
LVX,kmer,reg,k_CCCTAATGTC,0.3844034016132355
LVX,kmer,reg,k_ATGCTTCTAC,0.38237306475639343
LVX,kmer,reg,k_ATCGTGTATG,0.38066341280937194
LVX,kmer,reg,k_AGCCTACCTA,0.37955446243286134
LVX,kmer,reg,k_ATGAGGTCAG,0.37900731563568113
LVX,kmer,reg,k_TAATACAATA,0.3731896162033081
LVX,kmer,reg,k_GTCAACACAC,0.37072828263044355
LVX,kmer,reg,k_ATAGGTAGCA,0.36859180927276614
LVX,kmer,reg,k_AAGCCGACGC,0.36781403898494325
LVX,kmer,reg,k_AAACGGGGAA,0.36775870323181153
LVX,kmer,reg,k_AATCGAGACT,0.36658306121826173
LVX,kmer,reg,k_AAGTACTAGT,0.3660474240779876
LVX,kmer,reg,k_GATGACAGCC,0.36562979221343994
LVX,kmer,reg,k_CGTGATGTAC,0.36112222671508787
LVX,kmer,reg,k_ACATCAGAGA,0.3588029146194458
LVX,kmer,reg,k_AACGAGTGCG,0.35789281427860264
LVX,kmer,reg,k_CGTAACCTAG,0.3563854217529297
LVX,kmer,reg,k_GTGAACTATA,0.3556741654872894
LVX,kmer,reg,k_AATCGCCCTA,0.3548950225114823
LVX,kmer,reg,k_AAGCCGCTAA,0.3546925842761993
LVX,kmer,reg,k_ATGCGCTCAA,0.3541421592235565
LVX,kmer,reg,k_AAAGCCCAGG,0.35347347259521483
LVX,kmer,reg,k_CATCGGACAG,0.35294647216796876
LVX,kmer,reg,k_AAATACTCGC,0.35074420571327214
LVX,kmer,reg,k_ACAGTTTAAC,0.34946355819702146
LVX,kmer,reg,k_CAGTTACGGA,0.34894921034574505
LVX,kmer,reg,k_AAAAGTACCT,0.34764146953821184
LVX,kmer,reg,k_GTTGACCGCA,0.3463631868362427
LVX,kmer,reg,k_AGGAGGGGTA,0.34378800392150877
LVX,kmer,reg,k_CGCGTTCACC,0.34203619956970216
LVX,kmer,reg,k_GATCCAGCAC,0.3406404733657837
LVX,kmer,reg,k_AGCGTAGGAG,0.3396732330322266
LVX,kmer,reg,k_AGGATGTAAG,0.3395645670592785
LVX,kmer,reg,k_CCGTTGACGA,0.3385675668716431
LVX,kmer,reg,k_GCCACCTTAC,0.33698368072509766
LVX,kmer,reg,k_GCTCCTAAAC,0.3345957458019257
LVX,kmer,reg,k_CAAGCGCCTC,0.33263978809118266
LVX,kmer,reg,k_CTCCGGTTCC,0.3284935649484396
LVX,kmer,reg,k_GGTCAACACA,0.32840257734060285
LVX,kmer,reg,k_ATGAGCCGAG,0.32688536643981936
LVX,kmer,reg,k_AGGCACGTGC,0.32582542300224304
LVX,kmer,reg,k_CGAACAGGTA,0.3246736764907837
LVX,kmer,reg,k_ACAAATATAT,0.32448103874921796
LVX,kmer,reg,k_ACATTGCCTG,0.32363052368164064
LVX,kmer,reg,k_ACAGGCAGTG,0.3234973192214966
LVX,kmer,reg,k_CTTAAAACAC,0.32279845923185346
LVX,combined,reg,k_ACCTGGTTAA,2.4366495609283447
LVX,combined,reg,k_ACACTAAGCC,2.310985660552978
LVX,combined,reg,k_AGTCAAGACG,2.1474092721939084
LVX,combined,reg,k_TAAGGGCCAA,1.8629322052001953
LVX,combined,reg,k_CTGACACGAC,1.7080779612064363
LVX,combined,reg,k_ATTAATGTTA,1.692962646484375
LVX,combined,reg,k_GGGGTTAGAA,1.5209195137023925
LVX,combined,reg,k_ACAGAACCCG,1.4784945964813234
LVX,combined,reg,k_AAAGCCCAGG,1.443725657463074
LVX,combined,reg,k_CGGAATTACA,1.4303902626037597
LVX,combined,reg,k_GATGCCTGCC,1.4140118598937987
LVX,combined,reg,k_ACCAAGGATC,1.336836814880371
LVX,combined,reg,k_TGGCGTACAA,1.2899808883666992
LVX,combined,reg,k_CCAAGGAGAC,1.2647435188293457
LVX,combined,reg,k_GATCCGAATC,1.2462910652160644
LVX,combined,reg,k_CCGCTACAGC,1.2280492186546326
LVX,combined,reg,k_ATAGTGAGCC,1.1941061973571778
LVX,combined,reg,k_ACAGTCCGAA,1.1749300956726074
LVX,combined,reg,k_TAACGTCATA,1.173731231689453
LVX,combined,reg,k_ATCTAGTTCC,1.082936429977417
LVX,combined,reg,k_CGGCACTTTC,1.073084981739521
LVX,combined,reg,k_TCGGTTAGAA,1.071701431274414
LVX,combined,reg,k_ACGGCCGACA,1.0541245460510253
LVX,combined,reg,k_CATCCAGGAA,1.0050498962402343
LVX,combined,reg,k_GATGATCTAC,0.9940881729125977
LVX,combined,reg,k_AGGCTGACCC,0.982452392578125
LVX,combined,reg,k_GCAACTCTGC,0.9655202865600586
LVX,combined,reg,k_ACGGGTCTAC,0.9590940475463867
LVX,combined,reg,k_CTCCCTCTGC,0.9542262800037862
LVX,combined,reg,k_ATAGGCGATC,0.9423336029052735
LVX,combined,reg,k_TGAACAGGCA,0.9008096694946289
LVX,combined,reg,k_ACAGTTTAAC,0.886781120300293
LVX,combined,reg,k_ATACAATACA,0.8750985443592072
LVX,combined,reg,k_GGGAGATCTA,0.8665586471557617
LVX,combined,reg,k_CACCGATCAA,0.8616165161132813
LVX,combined,reg,k_AATGTTTCCT,0.8506897926330567
LVX,combined,reg,k_CAATGGGGGG,0.8309878349304199
LVX,combined,reg,k_CAGTATTAGG,0.8202888369560242
LVX,combined,reg,k_GGTAATGCGA,0.815402889251709
LVX,combined,reg,k_AGTGCTTGCG,0.8145666599273682
LVX,combined,reg,k_GAAGCGTGGA,0.8057410359382629
LVX,combined,reg,k_AACCAGTGCG,0.80297042876482
LVX,combined,reg,k_ACAATTAGCG,0.7982766568660736
LVX,combined,reg,k_AACTAAACCG,0.7956710815429687
LVX,combined,reg,k_AGAGCCGTAT,0.7878421187400818
LVX,combined,reg,k_AATATATATC,0.774272624589503
LVX,combined,reg,k_CTCAGCGTCA,0.7663294315338135
LVX,combined,reg,k_ACCAGTGCAT,0.7647726532071829
LVX,combined,reg,k_AATGCTTAGT,0.7615449905395508
LVX,combined,reg,k_CCACGCTCTC,0.7423206329345703
LVX,combined,reg,k_ACTTTGGACG,0.7396021604537963
LVX,combined,reg,k_AGTAGACGAT,0.7285733580589294
LVX,combined,reg,k_GATGTACACA,0.7261960983276368
LVX,combined,reg,k_TAATACAATA,0.7103015899658203
LVX,combined,reg,k_TAACCGACTA,0.7078359603881836
LVX,combined,reg,k_TGTAGTGACA,0.6967424869537353
LVX,combined,reg,k_ACCAGGGGAG,0.6962155222892761
LVX,combined,reg,k_CCGTATGTGC,0.6886067390441895
LVX,combined,reg,k_AGAAACCGCC,0.6811667874455452
LVX,combined,reg,k_AAGTCGAACA,0.6780733585357666
LVX,combined,reg,k_ATTGGGGCTA,0.6759236812591553
LVX,combined,reg,k_CAACACAGGG,0.675139319896698
LVX,combined,reg,k_TAGATATGCA,0.6694398641586304
LVX,combined,reg,k_AATGCGACCT,0.6519776701927186
LVX,combined,reg,k_AGGATAGCCG,0.6476150780916214
LVX,combined,reg,k_ACCCAACCAG,0.6472258687019348
LVX,combined,reg,k_CCTAGGCAAA,0.6444935478270054
LVX,combined,reg,k_CATAAACGAA,0.6358656585216522
LVX,combined,reg,k_AACAGTCTTG,0.631033182144165
LVX,combined,reg,k_ACTTAAGGAG,0.628895902633667
LVX,combined,reg,k_CAGCGGATGC,0.6265032291412354
LVX,combined,reg,k_ATCTAAGCTA,0.6158187687397003
LVX,combined,reg,k_ATCGAGCATA,0.6110227346420288
LVX,combined,reg,k_GTTCATACTA,0.6034361004829407
LVX,combined,reg,k_CCCAATGTAA,0.6018283009529114
LVX,combined,reg,k_ACGATTTAAC,0.5949450016021729
LVX,combined,reg,k_ACTAATCAGA,0.5824295043945312
LVX,combined,reg,k_AGAGGCCAAT,0.5726766347885133
LVX,combined,reg,k_AGACATTAAT,0.5707584649324418
LVX,combined,reg,k_TAGGGTTATA,0.5692516803741455
LVX,combined,reg,k_GCTGTAAACC,0.5620291233062744
LVX,combined,reg,k_CGCTGAAGCC,0.5607439994812011
LVX,combined,reg,k_AAAGTGGCTC,0.5605350695550442
LVX,combined,reg,k_AGCAGTTATA,0.5556979656219483
LVX,combined,reg,k_AGTTAATCGC,0.5556554093956947
LVX,combined,reg,k_ACACAGGAAT,0.5496013164520264
LVX,combined,reg,k_GCCTATAACC,0.5482739049941302
LVX,combined,reg,k_TCAGCGTCAA,0.5478643774986267
LVX,combined,reg,k_AACTAAAGCG,0.544642162322998
LVX,combined,reg,k_ACCAGTAGCG,0.5445301055908203
LVX,combined,reg,k_AACTTACCAT,0.5438664436340332
LVX,combined,reg,k_CAATCCCCTA,0.5412874460220337
LVX,combined,reg,k_ACTTATTGAG,0.5357595831155777
LVX,combined,reg,k_TCCCGTGGAA,0.5352859497070312
LVX,combined,reg,k_CTAAATGGTC,0.5343076705932617
LVX,combined,reg,k_GCAATTAGAC,0.5303286552429199
LVX,combined,reg,k_ACCCCAATTG,0.5292601555585861
LVX,combined,reg,k_GCCTATGGCC,0.5265622794628143
LVX,combined,reg,k_ATGCAACACC,0.5261520385742188
LVX,combined,reg,k_AGTGTAGCCC,0.52022275775671
LVX,combined,reg,k_GGATCTAAAA,0.5176678657531738
LVX,combined,reg,k_AGACCCTAAA,0.5124426364898682
LVX,combined,reg,k_GGAACAAATA,0.5077759444713592
LVX,combined,reg,k_TGAGCAGACA,0.5008792877197266
LVX,combined,reg,k_CTTAACTAGA,0.49818692207336424
LVX,combined,reg,k_AAGCGCCTCA,0.4976489380002022
LVX,combined,reg,k_CTCAGCCTCA,0.49667592346668243
LVX,combined,reg,k_GGGAAATACA,0.4960934638977051
LVX,combined,reg,k_GCTGACGACC,0.495330810546875
LVX,combined,reg,k_AAGCACCAAC,0.49322357177734377
LVX,combined,reg,k_ATTGTACAAC,0.48791221082210545
LVX,combined,reg,k_CAGCTTGTGC,0.487397289276123
LVX,combined,reg,k_AACGTCATAC,0.4873357772827148
LVX,combined,reg,k_ACCTGTCTCC,0.48594234734773634
LVX,combined,reg,k_ATCCAGGATC,0.4852134972810745
LVX,combined,reg,k_ACCTAATAGA,0.4843499660491944
LVX,combined,reg,k_CACGTTTTCA,0.48373031299561264
LVX,combined,reg,k_CAAGTGGCCC,0.4819189548492432
LVX,combined,reg,k_CTAAGTTCTC,0.4819114848971367
LVX,combined,reg,k_CCCTAATGTC,0.4806952178478241
LVX,combined,reg,k_CAGTATATCC,0.47978515625
LVX,combined,reg,k_GTGGTCTAAA,0.4795190811157226
LVX,combined,reg,k_AGGACGGTTG,0.4775686532258987
LVX,combined,reg,k_AACAGTAGAC,0.4726843953132629
LVX,combined,reg,k_GTCGGCTTCA,0.47190564572811133
LVX,combined,reg,k_AGCTATAAGA,0.47148343324661257
LVX,combined,reg,k_ACGGCTCCCT,0.4708839416503906
LVX,combined,reg,k_CCCCACTTCC,0.4640327453613281
LVX,combined,reg,k_ACATTAGGGT,0.4611404180526733
LVX,combined,reg,k_ATATGACGAG,0.4607344150543213
LVX,combined,reg,k_AGGCCGTCTG,0.459602016210556
LVX,combined,reg,k_AGTTCTCAGA,0.45894713401794435
LVX,combined,reg,k_AACGACACAC,0.4584524154663086
LVX,combined,reg,k_ACGCTGAAGC,0.4568724870681763
LVX,combined,reg,k_GATAGGTTAA,0.45207815170288085
LVX,combined,reg,k_TAAGGCACGA,0.4483517646789551
LVX,combined,reg,k_GAGCGCAGAA,0.4474602699279785
LVX,combined,reg,k_CATAACTCCA,0.4468876361846924
LVX,combined,reg,k_AGCCTCAGCA,0.4441964626312256
LVX,combined,reg,k_TACTTGCTGA,0.4434822559356689
LVX,combined,reg,k_ATGTATGATA,0.43588230609893797
LVX,combined,reg,k_CACCAGTGCA,0.4325082302093506
LVX,combined,reg,k_ACAGTTCAGA,0.43239622116088866
LVX,combined,reg,k_GTTCCGGGGA,0.4299156665802002
LVX,combined,reg,k_AAGCCGACGC,0.42809026241302495
LVX,combined,reg,k_CAGACCCTTC,0.4278883934020996
LVX,combined,reg,k_AGCTAAGCTC,0.42640124037861826
LVX,combined,reg,k_AATCGCCCTA,0.42172731161117555
LVX,combined,reg,k_CCCTGCGAAA,0.4215576171875
LVX,combined,reg,k_TAGAGAAACA,0.4197669506072998
LVX,combined,reg,k_CTCAAAGCTC,0.41846604347229005
LVX,combined,reg,k_AGCGGTTATA,0.4134512901306152
LVX,combined,reg,k_CGGTTGCTCA,0.4126465566456318
LVX,combined,reg,k_CAAGCGCCTC,0.4125649452209473
LVX,combined,reg,k_AGGTTAAACC,0.41194527316838503
LVX,combined,reg,k_AAGGACACAA,0.4099125385284424
LVX,combined,reg,k_GCCGGAGAAA,0.40829258859157563
LVX,combined,reg,k_CAATAACCCA,0.4072726249694824
LVX,combined,reg,k_AACATTGCAG,0.40709437578916546
LVX,combined,reg,k_CAGTGCATCA,0.4060844101011753
LVX,combined,reg,k_ATGCCCCAAC,0.405596187710762
LVX,combined,reg,k_GAATACAGCA,0.40471854209899905
LVX,combined,reg,k_AACGAGTGCG,0.4033796787261963
LVX,combined,reg,k_AGGTTTACGC,0.40079493522644044
LVX,combined,reg,k_AGCTCCTAGG,0.40021543502807616
LVX,combined,reg,k_ATAACATGTA,0.40010700225830076
LVX,combined,reg,k_ATTTCTGCGA,0.3981155216693878
LVX,combined,reg,k_CGAGGTGAAC,0.3971314787864685
LVX,combined,reg,k_ATTTGTACTG,0.39687021300196645
LVX,combined,reg,k_CACACCCGTA,0.3964047640562057
LVX,combined,reg,k_CAATTAGCGA,0.3962227046489716
LVX,combined,reg,k_AATACCAGGA,0.3954330921173096
LVX,combined,reg,k_CGCTACAGTC,0.39410050958395004
LVX,combined,reg,k_GAATCCGTTA,0.39300787448883057
LVX,combined,reg,k_CTTTAATGTA,0.3923723042011261
LVX,combined,reg,k_AAGTATCTCA,0.39130103886127476
LVX,combined,reg,k_AAGTACTAGT,0.38960261195898055
LVX,combined,reg,k_AACCCCAATT,0.3887465059757232
LVX,combined,reg,k_CGTCTGAATC,0.3874503068625927
LVX,combined,reg,k_CTCCACGTAA,0.3852090835571289
LVX,combined,reg,k_TAGAGCCACA,0.3846261024475098
LVX,combined,reg,k_GAATTCTAGA,0.38423067331314087
LVX,combined,reg,k_TGGCGAGAAA,0.38405895233154297
LVX,combined,reg,k_AAAAGTACCT,0.38275933861732486
LVX,combined,reg,k_GAGACGGTGA,0.3819811403751373
LVX,combined,reg,k_CATTTAGGGA,0.3768150269985199
LVX,combined,reg,k_AGTAGAGATC,0.3710075914859772
LVX,combined,reg,k_ATATAAATCC,0.36988933086395265
LVX,combined,reg,k_GAGGTTAAAC,0.36891726255416873
LVX,combined,reg,k_GCTTTGGGTA,0.36498275548219683
LVX,combined,reg,k_CCGAATTTAA,0.3643107175827026
LVX,combined,reg,t_serotype_NVT,0.3641192436218262
LVX,combined,reg,k_GGAATTAACC,0.36403751373291016
LVX,combined,reg,k_CCATAGGTTC,0.3637016475200653
LVX,combined,reg,k_ACAGCAGTCC,0.3636967957019806
LVX,combined,reg,t_serotype_15B,0.3626915350556374
LVX,combined,reg,t_serotype_14,0.3599908143281937
LVX,combined,reg,k_CTATCCAGTA,0.35970927178859713
LVX,combined,reg,k_GCAAGAGGCA,0.3593489646911621
LVX,combined,reg,k_AAGCTGAAGC,0.35923720523715014
MFX,kmer,reg,k_GCAATTAGAC,5.526396560668946
MFX,kmer,reg,k_CAGCAGTCCC,5.270326232910156
MFX,kmer,reg,k_ACGACTTTAA,4.266467486321926
MFX,kmer,reg,k_ACCTGGTTAA,4.134327983856201
MFX,kmer,reg,k_AGTCAAGACG,4.0883307456970215
MFX,kmer,reg,k_GAAGCATTAC,3.8155597686767577
MFX,kmer,reg,k_CCACGCTCTC,3.4909067153930664
MFX,kmer,reg,k_AGATACCACA,3.2365600109100345
MFX,kmer,reg,k_ACATAGACAC,2.999454641342163
MFX,kmer,reg,k_ATGTCTGATG,2.7203481674194334
MFX,kmer,reg,k_GGTACCCTTA,2.7161844253540037
MFX,kmer,reg,k_AGGAGTGTTC,2.638421821594238
MFX,kmer,reg,k_ACTTTACTGC,2.5052677154541017
MFX,kmer,reg,k_ACCTCCCAAG,2.473104351013899
MFX,kmer,reg,k_ATATAAGGGC,2.4538253784179687
MFX,kmer,reg,k_ACCTGTAAGC,2.3593158245086667
MFX,kmer,reg,k_GAATGGGCTA,2.2984600186347963
MFX,kmer,reg,k_GACGATTTAA,2.243541717529297
MFX,kmer,reg,k_ATTGTAATGG,2.2207397699356077
MFX,kmer,reg,k_ATAGCGTCAC,2.144590377807617
MFX,kmer,reg,k_CTTAATGGTC,2.073251873254776
MFX,kmer,reg,k_GACGGGTCTA,2.052852725982666
MFX,kmer,reg,k_CTGTCACCGC,2.0395954132080076
MFX,kmer,reg,k_CGAGGTTGTA,2.0165401458740235
MFX,kmer,reg,k_CAGCCCCTAG,1.9381900787353517
MFX,kmer,reg,k_ACGCAAATTC,1.921287041902542
MFX,kmer,reg,k_ACAGTCCGAA,1.850411605834961
MFX,kmer,reg,k_CTGGATAACA,1.7988789081573486
MFX,kmer,reg,k_CCATGTTTAG,1.761385726928711
MFX,kmer,reg,k_GTTGTCCCTA,1.74981689453125
MFX,kmer,reg,k_TAGTCCTATA,1.703587818145752
MFX,kmer,reg,k_AACCAGTGCT,1.6898978412151338
MFX,kmer,reg,k_TAGTACTAGA,1.6531862258911132
MFX,kmer,reg,k_CAACTTACTC,1.6094086050987242
MFX,kmer,reg,k_AACGTATTTG,1.6021033868193626
MFX,kmer,reg,k_TGCGACTCCA,1.601413257420063
MFX,kmer,reg,k_AGTTGTGCAT,1.5828963279724122
MFX,kmer,reg,k_CCCCTATAGG,1.5561637878417969
MFX,kmer,reg,k_CTTTGTGTAC,1.5000094056129456
MFX,kmer,reg,k_AGCCGCTAAC,1.4837528467178345
MFX,kmer,reg,k_ATACGCTCCG,1.4814144134521485
MFX,kmer,reg,k_GTATACTTCA,1.471511435508728
MFX,kmer,reg,k_GATGACAGCC,1.4204213619232178
MFX,kmer,reg,k_CGGGTCTACA,1.415610384941101
MFX,kmer,reg,k_GTGTGGACAA,1.3977730751037598
MFX,kmer,reg,k_CGTCCTTTGC,1.3967205047607423
MFX,kmer,reg,k_GGCTGAAGCC,1.3895074263215064
MFX,kmer,reg,k_ATGTTTAGCC,1.385508680343628
MFX,kmer,reg,k_CCGATTACGA,1.3834548950195313
MFX,kmer,reg,k_CGTCTGCCCC,1.3425381660461426
MFX,kmer,reg,k_ACTATTGCGG,1.3392261505126952
MFX,kmer,reg,k_CCCTCGCTCG,1.3112198829650878
MFX,kmer,reg,k_CGGCATAGGC,1.3100399017333983
MFX,kmer,reg,k_GGGTGGTACA,1.3065483093261718
MFX,kmer,reg,k_ACGCACCAAA,1.2914398193359375
MFX,kmer,reg,k_ATACTCTCGA,1.287016248703003
MFX,kmer,reg,k_AACTAAAGCG,1.2693985462188722
MFX,kmer,reg,k_ATAATTGCCG,1.2657652854919434
MFX,kmer,reg,k_CAGTGCTTCA,1.2624604940414428
MFX,kmer,reg,k_GTTTGAGTAA,1.2599674992263317
MFX,kmer,reg,k_CACTCTAGCA,1.2520854949951172
MFX,kmer,reg,k_ATCGTCCGAC,1.2489995956420898
MFX,kmer,reg,k_GTTCCGAGCA,1.2312280893325807
MFX,kmer,reg,k_GAGCGTTATC,1.2268975496292116
MFX,kmer,reg,k_GTTACGGAAC,1.2192514896392823
MFX,kmer,reg,k_GAGTTATGGA,1.1881845116615295
MFX,kmer,reg,k_GACTTGTGAC,1.1855021208524705
MFX,kmer,reg,k_GTCTTCTGAA,1.1851720392704008
MFX,kmer,reg,k_ATGGCGAGAA,1.1812474250793457
MFX,kmer,reg,k_ACGAGTGCGT,1.1804941833019258
MFX,kmer,reg,k_CACACAAGAG,1.1595849871635437
MFX,kmer,reg,k_GTAACTTAGA,1.1591014862060547
MFX,kmer,reg,k_ACGGGCTGAA,1.1507198333740234
MFX,kmer,reg,k_ACCCTACCGT,1.1505091428756713
MFX,kmer,reg,k_AGTAGACACG,1.1451804161071777
MFX,kmer,reg,k_CACCAGTGCG,1.1230331525206567
MFX,kmer,reg,k_ATGCGCTCAA,1.118359500169754
MFX,kmer,reg,k_AAACACTCCT,1.1159957885742187
MFX,kmer,reg,k_ATAGGTCCAT,1.1104535102844237
MFX,kmer,reg,k_AATCGAACAT,1.109123945236206
MFX,kmer,reg,k_TCTAGGCTCA,1.1090381532907485
MFX,kmer,reg,k_CAGCGGATGC,1.1080029010772705
MFX,kmer,reg,k_ATGGGCCGCA,1.097681748867035
MFX,kmer,reg,k_AGCTAAGTCC,1.0915960311889648
MFX,kmer,reg,k_CAGCAAGCAC,1.0891233354806902
MFX,kmer,reg,k_AATCGACTAA,1.0862061738967896
MFX,kmer,reg,k_TACACAGGCA,1.078090763092041
MFX,kmer,reg,k_AGACGGAAAG,1.0702441930770874
MFX,kmer,reg,k_ATGCTACCAT,1.0694136142730712
MFX,kmer,reg,k_CCTTTTAGTA,1.0646867752075195
MFX,kmer,reg,k_ACAGCAGTCC,1.0645084381103516
MFX,kmer,reg,k_AGCGGGTTGG,1.0634489059448242
MFX,kmer,reg,k_CGAATTCGAC,1.0597221374511718
MFX,kmer,reg,k_GATAGGTTAA,1.058858299255371
MFX,kmer,reg,k_ACATCACTAT,1.055885624885559
MFX,kmer,reg,k_ATCGTACGAC,1.0497373580932616
MFX,kmer,reg,k_TACTTCCCCA,1.0459169387817382
MFX,kmer,reg,k_TGATCGACCA,1.03920316696167
MFX,kmer,reg,k_GCCGAACTAA,1.035843086242676
MFX,kmer,reg,k_CGCTATCTAA,1.03309246301651
MFX,kmer,reg,k_CGTTTTTCAC,1.0234538078308106
MFX,kmer,reg,k_CTGGTTCCTA,1.020787525177002
MFX,kmer,reg,k_CTGTATGTGC,1.0110884547233583
MFX,kmer,reg,k_AAGCGTTTCC,1.0109731435775757
MFX,kmer,reg,k_CGTCTGACTA,1.010965061187744
MFX,kmer,reg,k_CTAGAGCTGA,1.0078942894935607
MFX,kmer,reg,k_AGCGTACAAG,1.0070461332798004
MFX,kmer,reg,k_GATCCAAACA,0.9982221603393555
MFX,kmer,reg,k_ACAAACTACG,0.9978457450866699
MFX,kmer,reg,k_TAAAACGCTA,0.9966439485549926
MFX,kmer,reg,k_TGCGCTCAAA,0.9959783732891083
MFX,kmer,reg,k_GTAGAACACA,0.9915819764137268
MFX,kmer,reg,k_ACTCATTAAC,0.9819456100463867
MFX,kmer,reg,k_CCTTACGTGA,0.9770915985107422
MFX,kmer,reg,k_AGGATCTGTC,0.9751452863216401
MFX,kmer,reg,k_GATAGCAGCC,0.9748448729515077
MFX,kmer,reg,k_CTTTAATGTA,0.9710031509399414
MFX,kmer,reg,k_TACTCCTGGA,0.9708793640136719
MFX,kmer,reg,k_GCTCTACCCA,0.9694252014160156
MFX,kmer,reg,k_AGTGGCTCAT,0.9671098530292511
MFX,kmer,reg,k_GAATGGGCGA,0.9609624385833739
MFX,kmer,reg,k_GCTAAATGTA,0.9569559335708618
MFX,kmer,reg,k_GAGACGGTGA,0.9421042442321778
MFX,kmer,reg,k_TCGCCCTAAA,0.9391914010047913
MFX,kmer,reg,k_GGTAGTTGAA,0.9384513318538666
MFX,kmer,reg,k_ATCACCGATC,0.934619140625
MFX,kmer,reg,k_GCAGGGTGCA,0.9345793724060059
MFX,kmer,reg,k_ATGTCAGAGC,0.9303999900817871
MFX,kmer,reg,k_CTAACCCCTA,0.9262988448143006
MFX,kmer,reg,k_TTCCCGCAAA,0.9231209754943848
MFX,kmer,reg,k_ACACAAGAGT,0.9224388778209687
MFX,kmer,reg,k_TTACGCCGAA,0.9217470169067383
MFX,kmer,reg,k_AATTAGTAGT,0.9214951515197753
MFX,kmer,reg,k_CCATAGGGGG,0.9207914471626281
MFX,kmer,reg,k_CGAGCTTAGC,0.91769038438797
MFX,kmer,reg,k_CTACAGGCTC,0.9145886898040771
MFX,kmer,reg,k_GACACGCACA,0.9132362365722656
MFX,kmer,reg,k_TAAACGAGTA,0.9124665260314941
MFX,kmer,reg,k_CCTTACAATA,0.9104009628295898
MFX,kmer,reg,k_GGATAGCGCA,0.9103005230426788
MFX,kmer,reg,k_AGTGTTTAGA,0.9084721863269807
MFX,kmer,reg,k_CCGCGCCATC,0.9063834190368653
MFX,kmer,reg,k_GCTAAGGCAA,0.8960415095090868
MFX,kmer,reg,k_TACTCATGGA,0.8916823387145996
MFX,kmer,reg,k_GTATCTATTA,0.8893494606018066
MFX,kmer,reg,k_ATCGTCCACA,0.8879381418228148
MFX,kmer,reg,k_CTTTCGTATA,0.881281852722168
MFX,kmer,reg,k_CGATACTATC,0.8805241584777832
MFX,kmer,reg,k_AAGCCGAGGG,0.8795453608036041
MFX,kmer,reg,k_ACGTGGCATA,0.8792450845241547
MFX,kmer,reg,k_AAGGGTTATT,0.871894645690918
MFX,kmer,reg,k_ATCTATAGGG,0.8696354925632477
MFX,kmer,reg,k_ATTGGGGGTC,0.8639752388000488
MFX,kmer,reg,k_CGAGCTTTGA,0.8635826110839844
MFX,kmer,reg,k_GCTATTCAGA,0.8621722996234894
MFX,kmer,reg,k_CCCCCTATAG,0.8581729292869568
MFX,kmer,reg,k_AATGGGGGTA,0.8531547546386719
MFX,kmer,reg,k_ACTCGTTGAT,0.8514609977602957
MFX,kmer,reg,k_AAGGCGTACC,0.8486666262149811
MFX,kmer,reg,k_GTACCTCCTA,0.8447226256132125
MFX,kmer,reg,k_CCGCAGGCTC,0.839620304107666
MFX,kmer,reg,k_GTAACGTTAC,0.839068603515625
MFX,kmer,reg,k_CGTTATTGTA,0.8378437995910644
MFX,kmer,reg,k_CTCAATTGCA,0.8344798356294632
MFX,kmer,reg,k_CGGAGTGTAA,0.83411865234375
MFX,kmer,reg,k_AGAATTAGAT,0.833231619745493
MFX,kmer,reg,k_AGATTAATTA,0.8315930366516113
MFX,kmer,reg,k_ATCTACATCG,0.8295801520347595
MFX,kmer,reg,k_CACACCGCAA,0.8262943267822266
MFX,kmer,reg,k_CGAAAGTTAA,0.824980354309082
MFX,kmer,reg,k_GTATTCCCTA,0.8246255755424499
MFX,kmer,reg,k_AATTGGGGGT,0.8178289175033568
MFX,kmer,reg,k_GGCATGTGAC,0.8177884101867676
MFX,kmer,reg,k_ATCAGTTGAG,0.8163325726985932
MFX,kmer,reg,k_GGAGAGCAAC,0.8162782430648804
MFX,kmer,reg,k_CGTTCAGACC,0.8161786079406739
MFX,kmer,reg,k_AGAGAGTCTA,0.8103363037109375
MFX,kmer,reg,k_ACGGTACCTG,0.8055642366409301
MFX,kmer,reg,k_AGTTCCGAAA,0.8025841772556305
MFX,kmer,reg,k_GGTCAGCGGA,0.8014041900634765
MFX,kmer,reg,k_GGTCTATAGA,0.8006101608276367
MFX,kmer,reg,k_GTAACACCAC,0.7998725593090057
MFX,kmer,reg,k_AACCGCTCAG,0.7996867537498473
MFX,kmer,reg,k_CTCGAAAGAG,0.7989257067441939
MFX,kmer,reg,k_AGGACTCCAA,0.7984712779521943
MFX,kmer,reg,k_AGACTGAAGC,0.7976467356085778
MFX,kmer,reg,k_GCGGAGAGAA,0.7935051888227462
MFX,kmer,reg,k_CGCACCTGAA,0.7906412541866303
MFX,kmer,reg,k_CCTCGCTCTC,0.7876656264066696
MFX,kmer,reg,k_TATACGATAA,0.7841925621032715
MFX,kmer,reg,k_GTGGCCCAAA,0.7835755050182343
MFX,kmer,reg,k_GAGTGCTTCA,0.7831363737583161
MFX,kmer,reg,k_AACAGTGGGT,0.7830725193023682
MFX,kmer,reg,k_AAGGGGAACC,0.7794622361660004
MFX,kmer,reg,k_GCTCCCTAAC,0.778868579864502
MFX,kmer,reg,k_CCCCCAATTA,0.7785728171467781
MFX,kmer,reg,k_AGAAAGTGGC,0.7779282689094544
MFX,kmer,reg,k_AGACCACACA,0.7777771472930908
MFX,kmer,reg,k_ATACATATCC,0.7754756540060044
MFX,kmer,reg,k_ACGTGCACAT,0.7753971338272094
MFX,combined,reg,k_ACTTTACTGC,4.046251678466797
MFX,combined,reg,k_ACGACTTTAA,4.032592034339904
MFX,combined,reg,k_GAAGCATTAC,3.8155597686767577
MFX,combined,reg,k_CGGGTCTACA,3.7438557624816893
MFX,combined,reg,k_ACCTGGTTAA,3.684218406677246
MFX,combined,reg,k_CAGCAGTCCC,3.411243438720703
MFX,combined,reg,k_GGAATAGACC,3.321007633209229
MFX,combined,reg,k_ATTCCGGTAA,2.9860034942626954
MFX,combined,reg,k_GGTACCCTTA,2.9497169017791744
MFX,combined,reg,k_ATGTCTGATG,2.7219432830810546
MFX,combined,reg,k_AGTCAAGACG,2.6906198740005496
MFX,combined,reg,k_AGGAGTGTTC,2.638421821594238
MFX,combined,reg,k_AGTTTAAGGC,2.559958267211914
MFX,combined,reg,k_AGATACCACA,2.521582508087158
MFX,combined,reg,k_GACGATTTAA,2.366664505004883
MFX,combined,reg,k_GCAATTAGAC,2.3595062255859376
MFX,combined,reg,k_ACGGGTCTAC,2.2662942886352537
MFX,combined,reg,k_ATATGCTAAT,2.237215518951416
MFX,combined,reg,k_CGAGTTACTA,2.183082675933838
MFX,combined,reg,k_ATACATACAA,2.138335418701172
MFX,combined,reg,k_GTGTGGACAA,2.0366294331848622
MFX,combined,reg,k_AGTAGCCCCC,2.029285430908203
MFX,combined,reg,k_CATCGCTCCC,2.0231619834899903
MFX,combined,reg,k_ACGGTACCTG,1.999693489074707
MFX,combined,reg,k_GAAATGCACC,1.9831062316894532
MFX,combined,reg,k_CGTCTGCCCC,1.9810895919799805
MFX,combined,reg,k_ATACTCTCGA,1.9659823417663573
MFX,combined,reg,k_ACCCCTCTAC,1.958487319946289
MFX,combined,reg,k_CTTACACATA,1.952737045288086
MFX,combined,reg,k_AACCAGTGCG,1.9155729889869688
MFX,combined,reg,k_CTAACCCCTA,1.8636210441589356
MFX,combined,reg,k_GAGACCTGGA,1.8602784276008606
MFX,combined,reg,k_CAGCCCCTAG,1.8457183837890625
MFX,combined,reg,k_ATGCTACCAT,1.8332496643066407
MFX,combined,reg,k_CGTCCTTTGC,1.802825355529785
MFX,combined,reg,k_ACTTGGCGAG,1.7489391326904298
MFX,combined,reg,k_ATGGGCCGCA,1.6850948348641395
MFX,combined,reg,k_AGTTGTGCAT,1.6388357162475586
MFX,combined,reg,k_GGTACTAGTA,1.6295360565185546
MFX,combined,reg,k_CTTTGTGTAC,1.6236528873443603
MFX,combined,reg,k_TAGTACTAGA,1.6191089630126954
MFX,combined,reg,k_TGCGACTCCA,1.6052830219268799
MFX,combined,reg,k_ACGCTTCTCT,1.5966933488845825
MFX,combined,reg,k_AGCGGCTTGG,1.5611838340759276
MFX,combined,reg,k_CATGTACACC,1.5554633617401123
MFX,combined,reg,k_AGCAGCGGTC,1.548924446105957
MFX,combined,reg,k_GTAATTTGTA,1.5325639724731446
MFX,combined,reg,k_CTAAGTACAG,1.4783990025520324
MFX,combined,reg,k_ACCCCAATTG,1.4756869316101073
MFX,combined,reg,k_ACAGTCCGAA,1.4247123718261718
MFX,combined,reg,k_GAGTGCTTCA,1.4120242834091186
MFX,combined,reg,k_AAGCCGAGAA,1.392568188905716
MFX,combined,reg,k_GTCTTCTGAA,1.3909126043319702
MFX,combined,reg,k_AGGTAAGGTG,1.3801603317260742
MFX,combined,reg,k_AGCGTACAAG,1.366384220123291
MFX,combined,reg,k_AATTAGTAGT,1.3599321365356445
MFX,combined,reg,k_GATCCAAACA,1.3479678988456727
MFX,combined,reg,k_ACAATTCGGT,1.34707612991333
MFX,combined,reg,k_ATGTTTAGCC,1.3266222596168518
MFX,combined,reg,k_CTACTTCCAG,1.3133809089660644
MFX,combined,reg,k_CTCCACGTAA,1.2939282089471817
MFX,combined,reg,k_CATTATAACC,1.2867919921875
MFX,combined,reg,k_ATAGTGATTC,1.2707758903503419
MFX,combined,reg,k_GGTTTAAACC,1.267571783065796
MFX,combined,reg,k_TGCGCTCAAA,1.2653955936431887
MFX,combined,reg,k_CAGGCATTGG,1.264502765983343
MFX,combined,reg,k_AATCGAGAGT,1.2586742803454398
MFX,combined,reg,k_GGGTGGTACA,1.249029541015625
MFX,combined,reg,k_CTATAATCCC,1.2396425247192382
MFX,combined,reg,k_TACACAGGCA,1.2287590026855468
MFX,combined,reg,k_AACTGCCACT,1.2151811599731446
MFX,combined,reg,k_CCGCGCCATC,1.2132750511169434
MFX,combined,reg,k_CATCGGAAAG,1.1901204109191894
MFX,combined,reg,k_AAACTGCGGC,1.1894594438374042
MFX,combined,reg,k_CTTTACGTAA,1.1866924285888671
MFX,combined,reg,k_AAGCGCTCTA,1.1718031167984009
MFX,combined,reg,k_ATTGTAATGG,1.1694438993930816
MFX,combined,reg,k_AACATATTGC,1.1690492630004883
MFX,combined,reg,k_TCAGAACTCA,1.1661976814270019
MFX,combined,reg,k_CATTAGAATC,1.1558496475219726
MFX,combined,reg,k_ACGGGCTGAA,1.1507198333740234
MFX,combined,reg,k_CATTCAGTAC,1.1493005752563477
MFX,combined,reg,k_CGGAAGTATC,1.1479878425598145
MFX,combined,reg,k_GAGACGGTGA,1.138412346690893
MFX,combined,reg,k_GCACCTCAGC,1.133234977722168
MFX,combined,reg,k_CTTAACTAGA,1.1328886985778808
MFX,combined,reg,k_CGGCTCCACC,1.1186420246958733
MFX,combined,reg,k_ATCACCGATC,1.1130009293556213
MFX,combined,reg,k_ACTCCACCTA,1.1072832107543946
MFX,combined,reg,k_TCGCCCTAAA,1.0965497016906738
MFX,combined,reg,k_GATCGTGACC,1.0877810716629028
MFX,combined,reg,k_GTGTGTTGCA,1.0821120262145996
MFX,combined,reg,k_CGTTATTGTA,1.0732091426849366
MFX,combined,reg,k_CCTTCTAAAG,1.0605058670043945
MFX,combined,reg,k_GAATCCCCCA,1.034158420562744
MFX,combined,reg,k_CTCTAGATCA,1.0222027778625489
MFX,combined,reg,k_AACTATTAGG,1.0203527450561523
MFX,combined,reg,k_ACGACGTGCT,1.016864013671875
MFX,combined,reg,k_AGAATTAATG,1.008407996594906
MFX,combined,reg,k_GATCACAAAA,1.0070882797241212
MFX,combined,reg,k_ACCTGTCTCC,1.0025094866752624
MFX,combined,reg,k_ATATGTAAAG,0.9976920247077942
MFX,combined,reg,k_ATGTCAGAGC,0.9935365676879883
MFX,combined,reg,k_ATATAATGCC,0.9924981534481049
MFX,combined,reg,k_CCATGTTTAG,0.9924160003662109
MFX,combined,reg,k_GACATGTACC,0.989697140455246
MFX,combined,reg,k_ACCACGGAAT,0.9857025146484375
MFX,combined,reg,k_ACAAGGGGGT,0.984922981262207
MFX,combined,reg,k_GCCTACAGAC,0.9830942392349243
MFX,combined,reg,k_GAGCTTAGGC,0.9739392280578614
MFX,combined,reg,k_TACTCCTGGA,0.9727396965026855
MFX,combined,reg,k_GATTATAAAC,0.9668343544006348
MFX,combined,reg,k_AACCAGTGCT,0.962221074104309
MFX,combined,reg,k_GGGTATAGTA,0.960752010345459
MFX,combined,reg,k_AGAGGCAGCG,0.959445858001709
MFX,combined,reg,k_CTAGAGCTGA,0.9590990781784057
MFX,combined,reg,k_ACGGCCTTAC,0.9556282997131348
MFX,combined,reg,k_ACTAGCGCTA,0.9534812927246094
MFX,combined,reg,k_AGGCCAATAG,0.9490378379821778
MFX,combined,reg,k_ATTACGACCC,0.9489445686340332
MFX,combined,reg,k_TCCAGCCACA,0.9443817019462586
MFX,combined,reg,k_AGTCAGACGA,0.9413064002990723
MFX,combined,reg,k_GTAGCACCCA,0.9397233963012696
MFX,combined,reg,k_ATCTAACCCA,0.9379643559455871
MFX,combined,reg,k_ATCAGTGTTA,0.9373725891113281
MFX,combined,reg,k_CTCATATTAA,0.9257148742675781
MFX,combined,reg,k_CAGTGCTTCA,0.9182782530784608
MFX,combined,reg,k_TGGACAGACA,0.9167781829833984
MFX,combined,reg,k_ACTGCATCGG,0.9138298034667969
MFX,combined,reg,k_AAATTAGTGT,0.9112277612090111
MFX,combined,reg,k_CATAATACTA,0.9010796010494233
MFX,combined,reg,k_ACCACAGATG,0.8942806601524352
MFX,combined,reg,k_ATACTCCGTG,0.8926728248596192
MFX,combined,reg,k_CTCTGTTTAA,0.8917617648839951
MFX,combined,reg,k_ACAGCAGTCC,0.8900622367858887
MFX,combined,reg,k_AGAAACCCTA,0.8817574262619018
MFX,combined,reg,k_AGTGTGGTAT,0.8767243385314941
MFX,combined,reg,k_GCTGCTATAA,0.8752768039703369
MFX,combined,reg,k_CCAGGAGGAG,0.8711698532104493
MFX,combined,reg,k_GCTAACTTCA,0.8697470098733902
MFX,combined,reg,k_ATAGGAAGTG,0.869692325592041
MFX,combined,reg,k_AATCGACTAA,0.8676597595214843
MFX,combined,reg,k_TATTCCGTAA,0.8648051276803017
MFX,combined,reg,k_ATCTATGGGC,0.8624792098999023
MFX,combined,reg,k_AAACCAACGC,0.8580887407064437
MFX,combined,reg,k_GTGAGGCTAA,0.8567942261695861
MFX,combined,reg,k_CGTGTCCAAA,0.8550387144088746
MFX,combined,reg,k_GAATGGGCTA,0.8550276517868042
MFX,combined,reg,k_ATGGGAGCGA,0.8542334318161011
MFX,combined,reg,k_AGTTAATCGC,0.8470494389533996
MFX,combined,reg,k_CAACGCACGA,0.8435214996337891
MFX,combined,reg,k_TAAGCTGAGA,0.838314437866211
MFX,combined,reg,k_ATTCGGGCGA,0.835948322713375
MFX,combined,reg,k_AGGTGCGAGC,0.8267174810171127
MFX,combined,reg,k_TAAACGAGTA,0.8246664047241211
MFX,combined,reg,k_AATTGGGGGT,0.8202384173870088
MFX,combined,reg,k_AACTAAAGCG,0.8196963250637055
MFX,combined,reg,k_CAGAACGAGG,0.8189437866210938
MFX,combined,reg,k_CGAGGCAAAA,0.817022705078125
MFX,combined,reg,k_TACCCATGGA,0.8161864280700684
MFX,combined,reg,k_AGCCGAGGCA,0.8152480363845824
MFX,combined,reg,k_GCCTACTTAA,0.8151281356811524
MFX,combined,reg,k_AGTTGGGCGA,0.809207534790039
MFX,combined,reg,k_CCATAGGGGG,0.809153711795807
MFX,combined,reg,k_CAGATCCATA,0.8067695617675781
MFX,combined,reg,k_GCTCCCTAAC,0.8048439979553222
MFX,combined,reg,k_AAGTCCTATT,0.8027599871158599
MFX,combined,reg,k_AACCCCATAT,0.8003381699323655
MFX,combined,reg,k_GACAATCTAA,0.7955443680286407
MFX,combined,reg,k_TATTGCGCAA,0.7938541293144226
MFX,combined,reg,k_AGTCCGCCAC,0.7930490016937255
MFX,combined,reg,k_AGTAAGTTGA,0.7854877799749374
MFX,combined,reg,k_AATGCGGACA,0.7821555703878402
MFX,combined,reg,k_CCCATAGGAC,0.7815654754638672
MFX,combined,reg,k_ATGCTATAGG,0.7815219163894653
MFX,combined,reg,k_CCACTTATTC,0.7774513244628907
MFX,combined,reg,k_AGGCTTCAGA,0.7770666599273681
MFX,combined,reg,k_ACCCTAATCA,0.7755130767822266
MFX,combined,reg,k_TATGCGCTCA,0.7730814218521118
MFX,combined,reg,k_GACAATAAGC,0.772292184829712
MFX,combined,reg,k_CGTGGCATAA,0.7719479642808438
MFX,combined,reg,k_GTACATGCGA,0.7714342594146728
MFX,combined,reg,k_GGGTCATGAA,0.7662135124206543
MFX,combined,reg,k_TCCGTTTACA,0.7647251605987548
MFX,combined,reg,k_AGTTTCCGTC,0.7605249404907226
MFX,combined,reg,k_AGCGTCTGGA,0.756009204685688
MFX,combined,reg,k_ATTTGTACTG,0.7540904998779296
MFX,combined,reg,k_CTTAAAGCAC,0.7515064716339112
MFX,combined,reg,k_AGTGTAGCCC,0.7508411526679992
MFX,combined,reg,k_AATATAAGGG,0.7503196716308593
MFX,combined,reg,k_ATTTCGCCCA,0.7485259532928467
MFX,combined,reg,k_TATGGCGACA,0.7434680998325347
MFX,combined,reg,k_CCCAGAGTAA,0.7433738708496094
MFX,combined,reg,k_ACACAAACAC,0.738793420791626
MFX,combined,reg,k_AGCGTCTACC,0.7387619256973266
MFX,combined,reg,k_ACTCTAACTC,0.7354377746582031
MFX,combined,reg,k_AGGACTCCAA,0.7353890359401702
MFX,combined,reg,k_CTTAATGCGA,0.7311110496520996
MFX,combined,reg,k_ATCTTTTCGG,0.7287103176116944
MFX,combined,reg,k_CGTAATACCA,0.7284356415271759
SXT,kmer,reg,k_CGCGTAATCC,514.6442840576171
SXT,kmer,reg,k_ATCCGGAAGA,449.106298828125
SXT,kmer,reg,k_GCAATACGCC,327.7627227783203
SXT,kmer,reg,k_CCACCGTCCG,316.3554321289063
SXT,kmer,reg,k_AATACGCCCT,244.08124618530272
SXT,kmer,reg,k_TAATCCGGAA,202.9797290802002
SXT,kmer,reg,k_AATCCGGAAG,190.29012756347657
SXT,kmer,reg,k_AAGCGAGGCT,101.36430130004882
SXT,kmer,reg,k_AGTTACTTAT,95.8454833984375
SXT,kmer,reg,k_AGGGCTGGCG,84.59528198242188
SXT,kmer,reg,k_GCTGCGGTAA,77.7206787109375
SXT,kmer,reg,k_CACGGCTTCG,72.38181381225586
SXT,kmer,reg,k_CTCATCGTGA,66.6399658203125
SXT,kmer,reg,k_AGGCGACACA,59.3870849609375
SXT,kmer,reg,k_GGATCCAGGA,55.64617233276367
SXT,kmer,reg,k_CCGACTCATA,54.85417251586914
SXT,kmer,reg,k_GATCTCAGAA,49.99650115966797
SXT,kmer,reg,k_GTTACTCCCA,45.3876708984375
SXT,kmer,reg,k_ATGCTCGATA,42.62087497711182
SXT,kmer,reg,k_TAGCCCCCTA,40.988772583007815
SXT,kmer,reg,k_AAGACACTTC,40.925540161132815
SXT,kmer,reg,k_AGGGTAGGAA,38.8872314453125
SXT,kmer,reg,k_AATTGCTTAC,35.33709201812745
SXT,kmer,reg,k_CCGATATCGA,34.6946090221405
SXT,kmer,reg,k_CAGGCTTGGC,33.590170288085936
SXT,kmer,clf,k_AATACGCCCT,33.248125076293945
SXT,kmer,reg,k_GCGGAGATCA,32.34251708984375
SXT,kmer,reg,k_GTTAGATATA,30.8591552734375
SXT,kmer,reg,k_CCTTGTAGGC,28.821438598632813
SXT,kmer,reg,k_ATTGCCTCCG,28.68602600097656
SXT,kmer,reg,k_AATGCCCTGA,28.50443115234375
SXT,kmer,clf,k_CGCGTAATCC,28.50416431427002
SXT,kmer,reg,k_AGTGAAGCAT,26.0802001953125
SXT,kmer,clf,k_AGGGCTGGCG,24.390172910690307
SXT,kmer,clf,k_GCAATACGCC,24.17205352783203
SXT,kmer,reg,k_ATTTCCGCCC,24.06254425048828
SXT,kmer,reg,k_AGACTGTACC,23.666110229492187
SXT,kmer,reg,k_CAGTTCGCCA,23.62001190185547
SXT,kmer,reg,k_AGAGGCGGGG,23.206671142578124
SXT,kmer,reg,k_CTAAATATGC,22.42266845703125
SXT,kmer,reg,k_CGTAAGCGTC,21.859892272949217
SXT,kmer,reg,k_CCTGGCCAAC,21.5412353515625
SXT,kmer,reg,k_ACGTTCCACG,21.2232177734375
SXT,kmer,reg,k_AATAGTTAAG,21.039111328125
SXT,kmer,reg,k_GGCAGGCTGA,20.7852294921875
SXT,kmer,clf,k_CCACCGTCCG,20.50984077453613
SXT,kmer,reg,k_GCCACTTAAC,20.207557177543638
SXT,kmer,reg,k_CGATCCCACA,19.97552490234375
SXT,kmer,reg,k_AGTCATATGC,19.39183349609375
SXT,kmer,reg,k_ACGACTGACC,19.054965209960937
SXT,kmer,clf,k_GGACGGATCA,18.590757346153257
SXT,kmer,reg,k_GAGACCGCAA,18.452294921875
SXT,kmer,clf,k_GAAAGCCACA,18.42560033798218
SXT,kmer,reg,k_AAGAGATCCC,18.329328536987305
SXT,kmer,reg,k_AGCGTGGGAT,17.9915771484375
SXT,kmer,reg,k_CCTGATTAGA,17.876742839813232
SXT,kmer,reg,k_ATTGTTGTCG,17.7721435546875
SXT,kmer,reg,k_AGGCACGCTA,17.72673149108887
SXT,kmer,reg,k_GTACGGAGGA,17.716778433322908
SXT,kmer,reg,k_CCTACATAAA,17.461925888061522
SXT,kmer,reg,k_ACAGCCCCTA,17.39776153564453
SXT,kmer,reg,k_AATGTGAGTG,17.34831033349037
SXT,kmer,reg,k_AGCCACAGAG,17.347265625
SXT,kmer,reg,k_GCAGACGATA,17.157003784179686
SXT,kmer,reg,k_AGTGTAAAGC,17.080405044555665
SXT,kmer,reg,k_GCCCTGTTAC,17.071824264526366
SXT,kmer,reg,k_AGCGGTCCAA,16.561686706542968
SXT,kmer,clf,k_CGGACGACCA,15.991166877746581
SXT,kmer,reg,k_CAATGCCCTC,15.69001998901367
SXT,kmer,reg,k_GCCACATTTA,15.41907958984375
SXT,kmer,reg,k_CGGACGACCA,15.344482421875
SXT,kmer,reg,k_CCATGGATCA,15.30541534423828
SXT,kmer,reg,k_ATAAGATCAG,15.284582519531249
SXT,kmer,reg,k_CTCCCTCTGC,14.980201911926269
SXT,kmer,clf,k_CCGACTCATA,14.828057861328126
SXT,kmer,reg,k_TACTCCCTAA,14.7569580078125
SXT,kmer,reg,k_ACAGCTCATA,14.7153076171875
SXT,kmer,reg,k_ACTATAACGA,14.503071403503416
SXT,kmer,reg,k_ATTGCTTCGC,14.4755615234375
SXT,kmer,reg,k_AGCGATACAA,14.45804443359375
SXT,kmer,reg,k_AGCCGGCTCG,14.262353515625
SXT,kmer,reg,k_ATACGCCCTG,14.203654277324677
SXT,kmer,reg,k_CAGCATTATA,14.176986694335938
SXT,kmer,reg,k_CATCGGCAAG,14.105241394042968
SXT,kmer,reg,k_CCTGCGTCAC,13.93370361328125
SXT,kmer,reg,k_ATTTCGCCCC,13.898576354980468
SXT,kmer,reg,k_AGGAGTACTC,13.848052406311034
SXT,kmer,reg,k_TAGCGAGTAA,13.754150390625
SXT,kmer,reg,k_CTAACTCTGA,13.729295349121093
SXT,kmer,reg,k_TATTGCGCAA,13.588938480615617
SXT,kmer,reg,k_CACACCGCCA,13.539572095870973
SXT,kmer,reg,k_TCATGAGCCA,13.513081359863282
SXT,kmer,reg,k_CAGGCAGTGG,13.388702392578125
SXT,kmer,reg,k_ATATCCTGTA,13.04999237060547
SXT,kmer,reg,k_CCCTCAAGTA,12.91503448486328
SXT,kmer,reg,k_CGTCTCTGGA,12.9133544921875
SXT,kmer,clf,k_GGATCCAGGA,12.88288402557373
SXT,kmer,reg,k_ATAATCCTAC,12.828480529785157
SXT,kmer,reg,k_ATATTGCATG,12.800927734375
SXT,kmer,reg,k_ACTATCGTCA,12.71783447265625
SXT,kmer,reg,k_AGACGGATCT,12.684637451171875
SXT,kmer,reg,k_ACTCATTGCT,12.544167655706406
SXT,kmer,reg,k_CAGGTATAGA,12.523423385620116
SXT,kmer,reg,k_AACATACACT,12.483837890625
SXT,kmer,reg,k_CCCTATTCAC,12.433403015136719
SXT,kmer,reg,k_CGAATTCAAG,12.273739624023436
SXT,kmer,reg,k_CCGAATACAA,12.26592559814453
SXT,kmer,reg,k_AACGGTTTTA,12.12408447265625
SXT,kmer,reg,k_ACAGCTTAGA,12.117446899414062
SXT,kmer,reg,k_ACATATTGGC,11.927067565917968
SXT,kmer,reg,k_CCTAATGAAA,11.848330688476562
SXT,kmer,reg,k_GATTGTAACA,11.792764282226562
SXT,kmer,clf,k_GACAAACCGC,11.629464340209962
SXT,kmer,reg,k_GTTGAATCTA,11.629060363769531
SXT,kmer,reg,k_ATCCCTAATG,11.548583984375
SXT,kmer,reg,k_AGCGAATGAC,11.489847564697266
SXT,kmer,reg,k_AACTCCCTTC,11.473121643066406
SXT,kmer,reg,k_ATCGACTTAG,11.253418731689454
SXT,kmer,reg,k_CCCGACTGGC,11.235575866699218
SXT,kmer,reg,k_ATAGTGCAGC,11.199494171142579
SXT,kmer,reg,k_TAAGACCGTA,11.189700317382812
SXT,kmer,clf,k_GCGGAGATCA,11.120643615722656
SXT,kmer,reg,k_ACATGTCCTC,11.068605041503906
SXT,kmer,reg,k_CACTCCTATC,10.95865478515625
SXT,kmer,clf,k_ATACGCCCTG,10.884298026561737
SXT,kmer,reg,k_CCGAAAAACA,10.859429931640625
SXT,kmer,reg,k_ACTGCCTGTA,10.64554443359375
SXT,kmer,reg,k_ATTCAAACCC,10.641961669921875
SXT,kmer,clf,k_GATAGTTAGC,10.629420471191406
SXT,kmer,reg,k_CGCGATGATA,10.593603897094727
SXT,kmer,reg,k_AGAGCATAAT,10.553561162948608
SXT,kmer,reg,k_GATATACATC,10.455656433105469
SXT,kmer,reg,k_CGTCCACCTA,10.439398193359375
SXT,kmer,reg,k_ACAATCTCCC,10.381398893892765
SXT,kmer,reg,k_GTGCAATTTA,10.36947021484375
SXT,kmer,reg,k_TGAGCACTAA,10.14602998495102
SXT,kmer,reg,k_CCATTATGCA,10.133155822753906
SXT,kmer,reg,k_CAGTGCTACG,10.094232177734375
SXT,kmer,reg,k_CTGTAGTTCA,10.07152862548828
SXT,kmer,reg,k_TACCTACTGA,10.038597106933594
SXT,kmer,reg,k_CCCACAGCAC,10.033755493164062
SXT,kmer,reg,k_TACGCTGTCA,10.014266967773438
SXT,kmer,clf,k_AATCCGGAAG,9.713775897026062
SXT,kmer,reg,k_ACTAGACCTC,9.702417755126953
SXT,kmer,reg,k_GCACTCAATA,9.694540193676948
SXT,kmer,reg,k_CAATGAGGTG,9.66322021484375
SXT,kmer,reg,k_GCATCGACAA,9.527197170257569
SXT,kmer,reg,k_AAGCGTTAAT,9.432884448766707
SXT,kmer,reg,k_CAAGCTAGCG,9.330542755126952
SXT,kmer,reg,k_CGAAACCCAC,9.327058374881744
SXT,kmer,reg,k_CCGGAGAATA,9.297747319936752
SXT,kmer,clf,k_AAGCGAGGCT,9.284128570556641
SXT,kmer,reg,k_ATGCGTACTA,9.260089111328124
SXT,kmer,reg,k_GCCCTGCTAA,9.180136489868165
SXT,kmer,reg,k_ACTTAAGACA,9.0955184340477
SXT,kmer,reg,k_AGGCTACCGC,9.08858642578125
SXT,kmer,reg,k_CCGTTTGATC,9.076986837387086
SXT,kmer,reg,k_ATCTCGGCTA,9.01190848350525
SXT,kmer,reg,k_CTGACAGGGC,8.995492553710939
SXT,kmer,reg,k_AAGTGTGGAC,8.914181518554688
SXT,kmer,reg,k_GCTCATGGTA,8.91017552614212
SXT,kmer,reg,k_TATATATATA,8.90993947982788
SXT,kmer,reg,k_GATCCTACCA,8.8625732421875
SXT,kmer,reg,k_AGTACATTAC,8.820355224609376
SXT,kmer,reg,k_ATTCTTTCGG,8.7998779296875
SXT,kmer,reg,k_AGGCAATGTA,8.757094573974609
SXT,kmer,reg,k_GAATAGGCGA,8.671074661612511
SXT,kmer,reg,k_AGCATTTAAG,8.59917755126953
SXT,kmer,reg,k_AACTAATCTA,8.590613508224486
SXT,kmer,reg,k_GAACCGTTAA,8.58568115234375
SXT,kmer,reg,k_GATATCGTCC,8.546466064453124
SXT,kmer,reg,k_AGCGGGAACC,8.533413696289063
SXT,kmer,reg,k_ACGACTCTGG,8.532099819183351
SXT,kmer,clf,k_CCTACATAAA,8.53205976486206
SXT,kmer,reg,k_ATATAAGGGA,8.5073082447052
SXT,kmer,clf,k_GGATTCCTCA,8.479371643066406
SXT,kmer,reg,k_CTAACAGCAG,8.428812408447266
SXT,kmer,reg,k_CTGGGAGCCA,8.38114013671875
SXT,kmer,reg,k_CCAGGTAACA,8.371492004394531
SXT,kmer,reg,k_AACTGTCCTG,8.331983947753907
SXT,kmer,clf,k_CTCATCGTGA,8.314999389648438
SXT,kmer,reg,k_GAAAGTGATC,8.306430792808532
SXT,kmer,reg,k_CAGTGCCTCA,8.244378101825713
SXT,kmer,reg,k_AGTCGCTTAT,8.210740661621093
SXT,kmer,reg,k_AACAAAAGTG,8.165867567062378
SXT,kmer,reg,k_AAGATAGGCC,8.108990728855133
SXT,kmer,reg,k_CCTCCCCCCA,8.108898663520812
SXT,kmer,reg,k_AGGATAAGCG,8.08792724609375
SXT,kmer,reg,k_TCATGTACAA,8.062200927734375
SXT,kmer,reg,k_TAATGCTAGA,8.048373413085937
SXT,kmer,reg,k_AATCGTCCTG,8.046135902404785
SXT,kmer,reg,k_CAGCATCGAC,8.036758399009704
SXT,kmer,reg,k_AACCCATATT,8.009718471765519
SXT,kmer,reg,k_ACACAGATAC,8.003569793701171
SXT,kmer,reg,k_ATCTAACCCA,7.956086921691894
SXT,kmer,reg,k_GCGCTAGAAA,7.93695068359375
SXT,kmer,clf,k_CCGATATCGA,7.917082822322846
SXT,kmer,reg,k_ACAAGCGCGT,7.908174550533294
SXT,kmer,reg,k_GCAGACAACA,7.907421398162842
SXT,kmer,reg,k_GCAGCCGAAC,7.844795018434524
SXT,combined,reg,k_ATCCGGAAGA,739.7246109008789
SXT,combined,reg,k_AATACGCCCT,434.2220687866211
SXT,combined,reg,k_AATCCGGAAG,397.01386108398435
SXT,combined,reg,k_CGCGTAATCC,360.39268951416017
SXT,combined,reg,k_CCACCGTCCG,154.46443138122558
SXT,combined,reg,k_TAATCCGGAA,132.06684761047364
SXT,combined,reg,k_ATCGAGCATA,107.63983154296875
SXT,combined,reg,k_AAGCGAGGCT,96.87586669921876
SXT,combined,reg,k_CACGGCTTCG,92.87762069702148
SXT,combined,reg,k_GCAATACGCC,81.20813064575195
SXT,combined,reg,k_CCGATATCGA,73.20541152954101
SXT,combined,reg,k_CCGACTCATA,65.78497314453125
SXT,combined,reg,k_ATACGCCCTG,59.79260330200196
SXT,combined,reg,k_CAGGCTTGGC,55.374578857421874
SXT,combined,clf,k_AATACGCCCT,54.5277723312378
SXT,combined,clf,k_ATCCGGAAGA,50.09707489013672
SXT,combined,reg,k_CGACCGGAAC,48.5607666015625
SXT,combined,reg,k_ACACGTAGAC,48.07563781738281
SXT,combined,reg,k_ACAAGCCATG,47.02684030532837
SXT,combined,reg,k_CGACAGCTCC,43.249658203125
SXT,combined,reg,k_GGGCGATTTA,38.58949279785156
SXT,combined,reg,k_AGTGTAAAGC,34.50693588256836
SXT,combined,reg,k_TCACACTAAA,33.9650634765625
SXT,combined,reg,k_CCACCATCCG,33.95306167602539
SXT,combined,reg,k_CCTACATAAA,33.768567657470705
SXT,combined,reg,k_AATTGCTTAC,33.05960597991943
SXT,combined,reg,k_AGGGTAGGAA,32.97062683105469
SXT,combined,reg,k_CACTCGTGGA,31.326684570312498
SXT,combined,reg,k_AATGTTTCCT,30.990335083007814
SXT,combined,reg,k_CATAGTCGAA,30.9431396484375
SXT,combined,reg,k_GCAACGTATA,30.080892944335936
SXT,combined,reg,k_TCCGGCTCCA,30.03575744628906
SXT,combined,reg,k_CGGACGACCA,28.753021240234375
SXT,combined,reg,k_GCCTATGGCA,27.366049194335936
SXT,combined,reg,k_ATTCTTTCGG,27.167614746093747
SXT,combined,reg,k_AAGAGATCCC,27.030838584899904
SXT,combined,reg,k_GATCTCAGAA,26.803468322753908
SXT,combined,reg,k_GGTTGTACAA,26.262982177734376
SXT,combined,reg,k_ACGCTTCGCA,26.16148681640625
SXT,combined,reg,k_CCTTGTAGGC,25.325459289550782
SXT,combined,reg,k_GAATGGGACA,24.919775390625
SXT,combined,clf,k_CGCGTAATCC,24.647141456604004
SXT,combined,reg,k_CGCGTAATTC,23.40390625
SXT,combined,reg,k_CTAAATATGC,23.10894193649292
SXT,combined,reg,k_AATTCTCGGA,23.042636370658876
SXT,combined,reg,k_CTTTCTCGGC,22.8345458984375
SXT,combined,reg,k_CATCGGCAAG,22.688551330566405
SXT,combined,reg,k_AGACTGTACC,21.54188232421875
SXT,combined,clf,k_GCAATACGCC,21.514860057830813
SXT,combined,reg,k_AAGTGCGTAC,19.225750732421876
SXT,combined,reg,k_AGGCGTGCAA,19.2122314453125
SXT,combined,reg,k_CCTGATTAGA,18.79277114868164
SXT,combined,reg,k_GACCCTTGCA,18.730410200357436
SXT,combined,reg,k_GCTTTCCCAC,18.65194149017334
SXT,combined,reg,k_CTGCGTCATA,18.571430969238282
SXT,combined,reg,k_TCGACGAACA,18.296517276763915
SXT,combined,reg,k_AGCCGGCTCG,18.156167602539064
SXT,combined,reg,k_GCAAGATCGA,17.758576774597167
SXT,combined,reg,k_ACCATACAAT,17.745864868164062
SXT,combined,reg,k_ACAACTCCGG,17.73740234375
SXT,combined,reg,k_AGCTGAACGC,17.634123229980467
SXT,combined,reg,k_AGCGGTCCAA,17.409710693359376
SXT,combined,reg,k_CGAGGTTTGC,17.28779296875
SXT,combined,reg,k_AGGGGATTAC,17.148031616210936
SXT,combined,reg,k_CATCCGTCGC,17.010968017578126
SXT,combined,reg,k_TAAGACCGTA,16.88209457397461
SXT,combined,clf,k_AAGCGAGGCT,16.682059097290036
SXT,combined,reg,k_ACTATTCTGC,16.593072509765626
SXT,combined,clf,k_CCACCGTCCG,16.048310232162475
SXT,combined,reg,k_GCTCCCTAAC,16.02864990234375
SXT,combined,reg,k_AAGCCTCCTA,15.378582763671876
SXT,combined,reg,k_ATAGCTTAAG,15.201675415039062
SXT,combined,reg,k_CACAGTTCTA,14.977426147460937
SXT,combined,reg,k_TGACGCTGAA,14.96217384338379
SXT,combined,clf,k_CGGACGACCA,14.948892211914064
SXT,combined,reg,k_ATCTCGTGAA,14.583303833007813
SXT,combined,reg,k_ACATATTGGC,14.570066452026367
SXT,combined,reg,k_CTGACAGGGC,14.07408447265625
SXT,combined,reg,k_GAATAGGCGA,13.942816162109375
SXT,combined,reg,k_TGAGCACTAA,13.896935844421387
SXT,combined,reg,k_AAGTACTTAG,13.88892183303833
SXT,combined,reg,k_CTATGTAGAC,13.6936767578125
SXT,combined,reg,k_ACAAACACGG,13.575688600540161
SXT,combined,reg,k_AGACATTGCT,13.3465576171875
SXT,combined,reg,k_GGACGGATCA,13.245951843261718
SXT,combined,reg,k_GCTGCGGTAA,13.22073974609375
SXT,combined,reg,k_CTCATTAGGA,13.095164108276368
SXT,combined,reg,k_AATAGGTTAC,13.067129516601563
SXT,combined,reg,k_CTAATTACCC,12.969972229003906
SXT,combined,reg,k_CTCATACGCA,12.829302978515624
SXT,combined,clf,k_AATCCGGAAG,12.810805577039718
SXT,combined,reg,k_ATACAGCAAT,12.771490478515625
SXT,combined,reg,k_CCGTTGTAGG,12.66226806640625
SXT,combined,reg,k_GTCACTCACA,12.5710205078125
SXT,combined,reg,k_CCTTTTACGA,12.464340066909791
SXT,combined,reg,k_TAGGTTGAAA,12.381769180297852
SXT,combined,reg,k_GAAAGTGATC,12.306276226043702
SXT,combined,reg,k_CACAATCGAG,12.289512634277344
SXT,combined,reg,k_ATCCCCCAGA,12.288360595703125
SXT,combined,reg,k_AGATCGACAT,12.126290893554687
SXT,combined,clf,k_GCAGCTGAGA,12.070285034179687
SXT,combined,reg,k_ACGACTCTGG,12.055718994140625
SXT,combined,reg,k_GAAGGCATAC,12.004924774169922
SXT,combined,clf,k_CCTACATAAA,11.953708457946778
SXT,combined,reg,k_ATACTCGGAA,11.9281494140625
SXT,combined,reg,k_ATTGCCTCCG,11.872714233398437
SXT,combined,reg,k_GGATCCAGGA,11.670118713378905
SXT,combined,reg,k_CTGGAACTAA,11.636604309082031
SXT,combined,reg,k_CAACGAACCC,11.606103515625
SXT,combined,reg,k_CCCCGACCTA,11.580514526367187
SXT,combined,reg,k_ACAATTAGCG,11.565223884582519
SXT,combined,reg,k_GGTTATAACA,11.529278564453126
SXT,combined,clf,k_TAGAAGGGCA,11.424847412109376
SXT,combined,reg,k_CTACGAGAAA,11.362432861328125
SXT,combined,reg,k_AATTCTGAGA,11.360239416360855
SXT,combined,reg,k_AGAAGGCAGG,11.340618896484376
SXT,combined,reg,k_CTCGGCTTCC,11.309472477436065
SXT,combined,reg,k_ATGAGCACTA,11.26440658569336
SXT,combined,reg,k_AAGAGCCGAA,11.231330108642577
SXT,combined,reg,k_AAGATAGGCC,11.217222285270692
SXT,combined,reg,k_GCGGTCCATA,11.178120422363282
SXT,combined,reg,k_AGCTGAGAGG,11.08525629043579
SXT,combined,clf,k_CCGACTCATA,10.93259220123291
SXT,combined,reg,k_AAGTTCCGAA,10.906655931472779
SXT,combined,clf,k_GCGGAGATCA,10.7954833984375
SXT,combined,reg,k_CCGGAGAATA,10.776099395751952
SXT,combined,reg,k_ATTTCGAATA,10.7509765625
SXT,combined,reg,k_AGTTATAGCA,10.629186248779297
SXT,combined,reg,k_GTCCGTGACA,10.55887451171875
SXT,combined,reg,k_CTTCGTCCGC,10.558766603469849
SXT,combined,reg,k_ACGACTTAGC,10.55740737915039
SXT,combined,reg,k_AACACTGGAT,10.449257564544677
SXT,combined,reg,k_CTCCCAAATA,10.414794921875
SXT,combined,reg,k_CATGCAATGA,10.407514190673828
SXT,combined,reg,k_ATTGGGGGGA,10.352972412109375
SXT,combined,reg,k_ACTGATTCCT,10.335454940795898
SXT,combined,reg,k_AGACGAGATC,10.30053253173828
SXT,combined,reg,k_AAGGATACCG,10.214610290527343
SXT,combined,reg,k_GAACATTAAA,10.116572093963622
SXT,combined,reg,k_CACCGCAATA,10.070366859436035
SXT,combined,clf,k_CCGATATCGA,10.045027995109557
SXT,combined,reg,k_AGTACAGGTA,9.971372985839844
SXT,combined,reg,k_TAACGCAAAA,9.939210891723633
SXT,combined,reg,k_AACGGTTTCC,9.8824951171875
SXT,combined,reg,k_GCCAGTCCCC,9.822743225097657
SXT,combined,reg,k_AATCGTCCTG,9.806765842437745
SXT,combined,clf,k_ATACGCCCTG,9.75595364868641
SXT,combined,reg,k_CCTTTCTCCG,9.7205810546875
SXT,combined,reg,k_CAATGCCCTC,9.669760131835936
SXT,combined,reg,k_ATTAGATATC,9.572137451171875
SXT,combined,reg,k_ACGTATACTA,9.54359130859375
SXT,combined,reg,k_CAAGTATCGC,9.359365844726563
SXT,combined,reg,k_CTTCCGAACA,9.354373925924302
SXT,combined,reg,k_AACTTGTGTC,9.318368530273437
SXT,combined,reg,k_CGAACCTCAA,9.310079193115234
SXT,combined,reg,k_ATTGCAATAA,9.276122283935546
SXT,combined,clf,k_GGACCATATA,9.252716064453125
SXT,combined,reg,k_GGTGGAATAA,9.09915771484375
SXT,combined,reg,k_CGAATTCGAG,9.078814697265624
SXT,combined,clf,k_ATGGCTTAAT,9.072216415405274
SXT,combined,reg,k_AGCGTCTAGC,9.066332244873047
SXT,combined,reg,k_GCTCATGGTA,9.063216304779052
SXT,combined,reg,k_TGTCACCACA,9.010302734375
SXT,combined,reg,k_ACATTCAACC,8.913079833984375
SXT,combined,reg,k_AGTCTATATA,8.880257844924927
SXT,combined,reg,k_AGGAGTACTC,8.852037048339843
SXT,combined,reg,k_ACCGGAAAAG,8.809343719482422
SXT,combined,reg,k_AAATGTAGTC,8.717109209299087
SXT,combined,reg,k_GTACGATATA,8.695269775390624
SXT,combined,reg,k_CGCTTCTGAG,8.66617431640625
SXT,combined,reg,k_AACGCACCAA,8.658742332458495
SXT,combined,reg,k_CGTCATCGTC,8.627117335796356
SXT,combined,reg,k_ACACTTTTTA,8.586912536621094
SXT,combined,reg,k_CCCGTAGTGC,8.5675048828125
SXT,combined,reg,k_GGGGTTACTA,8.527600228786469
SXT,combined,reg,k_GCCCAGTTCC,8.518073558807373
SXT,combined,reg,k_ACTATAACGA,8.510066032409668
SXT,combined,reg,k_CCCTCAACCC,8.426086497306823
SXT,combined,reg,k_AGCTGACGCA,8.406900787353516
SXT,combined,reg,k_AAGGTAAGCT,8.405043792724609
SXT,combined,reg,k_AACTCAAGCG,8.389421033859254
SXT,combined,clf,k_CCACCATCCG,8.387998580932617
SXT,combined,reg,k_ACATCCTAAG,8.341413497924805
SXT,combined,reg,k_CCATAACTCC,8.290886211395264
SXT,combined,reg,k_AATGTAGTAG,8.290804719924928
SXT,combined,reg,k_AGATACACAT,8.17659409046173
SXT,combined,reg,k_AGAAAGCCAC,8.169636535644532
SXT,combined,reg,k_AGACGGATCT,8.121514892578125
SXT,combined,reg,k_AGTCGCTTAT,8.120802307128907
SXT,combined,reg,k_ACATTAGGGA,8.075284576416015
SXT,combined,clf,k_CACGGCTTCG,8.035481405258178
SXT,combined,reg,k_CAGGACTCCA,8.025473022460938
SXT,combined,reg,k_GCAGACGATA,7.989277648925781
SXT,combined,reg,k_TATATGCCAA,7.98492431640625
SXT,combined,reg,k_AGTAAGTTGA,7.944204711914063
SXT,combined,reg,k_TACGCTACGA,7.918805694580078
SXT,combined,reg,k_AAGACCCAGG,7.910098266601563
SXT,combined,reg,k_AAGCCGAGGC,7.857443881034851
SXT,combined,reg,k_AGAGCTTACC,7.8518798828125
SXT,combined,reg,k_CTGTCGATAC,7.755497741699219
