drug,featset,task,feature,mean_gain
PEN,kmer,reg,k_CGACTACCCA,1276.6131225585937
PEN,kmer,reg,k_TACCGCTCTA,1132.1410949707033
PEN,kmer,reg,k_ATGCATTATG,638.7898742675782
PEN,kmer,reg,k_TACCGTTAGA,572.8841842651367
PEN,kmer,reg,k_GACGGTTAGA,429.1765111923218
PEN,kmer,reg,k_CAGGTGCTAC,414.22647781372075
PEN,kmer,reg,k_TGGAGCCTAA,318.6363700866699
PEN,kmer,reg,k_AGGCGGCGAC,303.0546459197998
PEN,kmer,reg,k_ACCGAATCAG,238.2213562011719
PEN,kmer,reg,k_ATGTCTGATG,175.80103149414063
PEN,kmer,clf,k_ATGTCTGATG,132.39712982177736
PEN,kmer,reg,k_CCCCGTAGGC,126.98684921264648
PEN,kmer,reg,k_CCACAGCACA,102.76187744140626
PEN,kmer,clf,k_CTCGGGACCC,92.06638641357422
PEN,kmer,reg,k_GGGGTCCCGA,88.10513839721679
PEN,kmer,reg,k_CACACTTTCC,84.20856933593751
PEN,kmer,reg,k_CTCGGGACCC,76.91814346313477
PEN,kmer,reg,k_GCATGCATTA,74.54648971557617
PEN,kmer,reg,k_CCCTGTCTTA,71.97366943359376
PEN,kmer,reg,k_GAAACGTCCC,66.44009704589844
PEN,kmer,reg,k_GACCGTACTA,64.1151123046875
PEN,kmer,reg,k_AGTTTCGTCG,57.637709808349605
PEN,kmer,reg,k_CCGACACAAG,49.973443603515626
PEN,kmer,reg,k_GAAGCGTGGA,47.01864738464356
PEN,kmer,reg,k_AGTAGACCAC,43.89248046875
PEN,kmer,clf,k_ATTCCGCTGG,43.54697525501252
PEN,kmer,reg,k_CGTATAGCCA,41.61465606689453
PEN,kmer,reg,k_CCGTTCCCAG,39.88774614334107
PEN,kmer,clf,k_CCCCGTAGGC,34.99425868988037
PEN,kmer,reg,k_TACAGACCGA,30.67891998291016
PEN,kmer,reg,k_ACCTACAGTG,29.109246826171876
PEN,kmer,reg,k_AGAGACATGA,28.835595703125
PEN,kmer,reg,k_ATTCCGCTGG,28.23671875
PEN,kmer,reg,k_ACCACAGCAC,28.219333648681644
PEN,kmer,clf,k_CCCTGTCTTA,27.80723249912262
PEN,kmer,reg,k_CGTTTGCATA,26.676953125
PEN,kmer,reg,k_GTATAATCAC,23.5571533203125
PEN,kmer,clf,k_GCGCTCGGGA,22.05748209953308
PEN,kmer,reg,k_CGCAATATAG,21.29266815185547
PEN,kmer,reg,k_CTTGAATATA,20.65921630859375
PEN,kmer,reg,k_AATGCATGCT,20.1087890625
PEN,kmer,reg,k_AACCCCTGAC,19.67761786580086
PEN,kmer,reg,k_CGCTGATGAG,19.513916015625
PEN,kmer,reg,k_CAAGGCGGCG,18.085177612304687
PEN,kmer,reg,k_TCTGAAGGCA,17.452197265625
PEN,kmer,clf,k_AGTTTCGTCG,17.31259956359863
PEN,kmer,reg,k_AAGTAAACGG,16.8487548828125
PEN,kmer,reg,k_CACAGTACAA,16.734285736083983
PEN,kmer,clf,k_TAACCGACTA,15.629757595062255
PEN,kmer,reg,k_CCCGTTTGAA,15.403655767440796
PEN,kmer,reg,k_AAGATCGCAG,15.29815468788147
PEN,kmer,reg,k_ATGTGGCTGG,14.802557373046875
PEN,kmer,reg,k_AATCCGGTAC,14.4015625
PEN,kmer,reg,k_GAAAGCCACA,13.464051055908202
PEN,kmer,reg,k_GCATAACTCC,13.4400390625
PEN,kmer,reg,k_GGGTCTACAA,13.118886184692384
PEN,kmer,clf,k_TACAGACCGA,12.81067352294922
PEN,kmer,reg,k_AGTCTCAACG,12.311865234375
PEN,kmer,reg,k_GGTGATATAA,12.07957763671875
PEN,kmer,reg,k_AACGCGTCAA,11.97169189453125
PEN,kmer,clf,k_TAACGTCCCA,11.817243194580076
PEN,kmer,reg,k_ATATCGTGGC,11.44433751106262
PEN,kmer,reg,k_GAACCCTACC,11.42281494140625
PEN,kmer,reg,k_ACCTAGTCGC,11.34552001953125
PEN,kmer,reg,k_TGACTGATCA,10.389467620849608
PEN,kmer,reg,k_TACGAGACAA,9.688400745391846
PEN,kmer,reg,k_TAACGTCCCA,9.642793273925781
PEN,kmer,reg,k_ATAATGCATG,9.631913757324218
PEN,kmer,reg,k_CACTAAGATG,9.604854533076287
PEN,kmer,reg,k_ACAACTACCT,9.519301950931549
PEN,kmer,clf,k_GGGACGTTAA,9.510276603698731
PEN,kmer,clf,k_CCGACACAAG,9.382061767578126
PEN,kmer,reg,k_AAGCGACTAC,9.10744400024414
PEN,kmer,reg,k_CAGTCCGATA,8.970146179199219
PEN,kmer,reg,k_AACTGAGGAG,8.9391845703125
PEN,kmer,reg,k_AGCCGAATAG,8.92379150390625
PEN,kmer,reg,k_ACTTCGGGAT,8.67014389038086
PEN,kmer,reg,k_CGTCGGATAA,8.563555908203124
PEN,kmer,reg,k_GCGCTCGGGA,8.360049438476562
PEN,kmer,reg,k_ACGGCTCCCT,8.354296875
PEN,kmer,reg,k_TCTAGGCTCA,8.199009782075882
PEN,kmer,reg,k_AATATTATGC,7.944722235202789
PEN,kmer,reg,k_AACGAACGGC,7.761995649337768
PEN,kmer,reg,k_AAGCCTACAG,7.600732421875
PEN,kmer,reg,k_GAGCGAAACC,7.551275086402892
PEN,kmer,reg,k_ACCTCATGAG,7.541559433937073
PEN,kmer,reg,k_ACTTCAGAGC,7.505202376842499
PEN,kmer,reg,k_CAAAACGCCG,7.42781982421875
PEN,kmer,reg,k_CAACTCACTC,7.274024200439453
PEN,kmer,reg,k_GATCCGTCCC,7.21201171875
PEN,kmer,clf,k_GAAAGCCACA,7.1716982364654545
PEN,kmer,reg,k_ATAAAATACG,7.138843536376953
PEN,kmer,reg,k_AGTAATAGGG,7.126239395141601
PEN,kmer,reg,k_GCCCATGGTA,7.121961879730225
PEN,kmer,reg,k_CACAACCGAA,7.033728790283203
PEN,kmer,reg,k_CAGAGTTGAG,7.008441162109375
PEN,kmer,reg,k_GATGTATAAC,6.96608864068985
PEN,kmer,reg,k_GACAGGCGCA,6.923320007324219
PEN,kmer,reg,k_CCTGTCGCCA,6.753960239887237
PEN,kmer,reg,k_CAGTGACACA,6.752932739257813
PEN,kmer,reg,k_GACGGGTCTA,6.66463623046875
PEN,kmer,reg,k_CCTGTCGCAG,6.575463104248047
PEN,kmer,reg,k_ATAGATCCAT,6.565678828954696
PEN,kmer,reg,k_ACTCTACTCC,6.521762084960938
PEN,kmer,reg,k_CATACATATG,6.5112262725830075
PEN,kmer,reg,k_CCGCTCCCAC,6.5030029296875
PEN,kmer,reg,k_CAGTTTAGGC,6.435873508453369
PEN,kmer,reg,k_CCTCCTGGAA,6.415947771072387
PEN,kmer,reg,k_CATGGTCTCA,6.3739501953125
PEN,kmer,reg,k_CATGTCAGCC,6.348115253448486
PEN,kmer,reg,k_TAAAAGTCTA,6.337645041942596
PEN,kmer,reg,k_CAAGCACAGG,6.214427661895751
PEN,kmer,reg,k_CTGGTATACC,6.1741064310073845
PEN,kmer,reg,k_ATCGGATAAG,6.098620223999023
PEN,kmer,reg,k_AGGACGGTTG,6.030931663513184
PEN,kmer,reg,k_CCCTAGCAGC,6.0071044921875
PEN,kmer,reg,k_ACACAATTCT,5.990008544921874
PEN,kmer,reg,k_ACGTTGTCTG,5.971580326557159
PEN,kmer,reg,k_GACTTCGGGA,5.936225938796997
PEN,kmer,reg,k_ATCAACGGCA,5.903656005859375
PEN,kmer,reg,k_ACTGCAGTAC,5.78736228942871
PEN,kmer,reg,k_CATGAGCCAC,5.742156982421875
PEN,kmer,clf,k_GGGGTCCCGA,5.683393859863282
PEN,kmer,reg,k_ATGTCCTAAG,5.614371871948243
PEN,kmer,reg,k_GGCGTAAATA,5.596039772033691
PEN,kmer,reg,k_CTGCGTCATA,5.5903564453125
PEN,kmer,reg,k_ACCCCTCACT,5.557058715820313
PEN,kmer,reg,k_AAGGCCTGTC,5.485382270812988
PEN,kmer,reg,k_ACTCGTCTCT,5.454168224334717
PEN,kmer,reg,k_ACGGTCCTCA,5.4382716655731205
PEN,kmer,reg,k_GGACCTACTA,5.415492916107178
PEN,kmer,reg,k_ATTCATCCTG,5.375911819934845
PEN,kmer,reg,k_CCATCCACTA,5.365902519226074
PEN,kmer,reg,k_GAGTACTTGC,5.349096965789795
PEN,kmer,reg,k_GCCTATGGCC,5.273114013671875
PEN,kmer,reg,k_GCCTATAACC,5.198515379428864
PEN,kmer,reg,k_GGTCAGTGCA,5.198062133789063
PEN,kmer,reg,k_ATAATCGCCG,5.177187299728394
PEN,kmer,reg,k_AATATCGGGT,5.13609619140625
PEN,kmer,reg,k_GCTTAGATCC,5.12615966796875
PEN,kmer,reg,k_ATCCCTTACC,5.117699587345124
PEN,kmer,reg,k_ACCACCTTTC,5.108940124511719
PEN,kmer,reg,k_ACGGAAAACC,5.104353904724121
PEN,kmer,reg,k_GGCTAGAATA,5.08291015625
PEN,kmer,reg,k_GGACAATCTA,5.0502721786499025
PEN,kmer,reg,k_AAAAGTGAGT,5.035062646865845
PEN,kmer,reg,k_ATGGGCAAGC,5.000002479553222
PEN,kmer,reg,k_CGATTAAGCA,4.9985710144042965
PEN,kmer,reg,k_TCGGTTAGAA,4.991342544555664
PEN,kmer,clf,k_AATAGCTCTA,4.9854853630065925
PEN,kmer,reg,k_AGAGTAGTGA,4.929820251464844
PEN,kmer,reg,k_ATTAACGTCC,4.919001960754395
PEN,kmer,reg,k_CCAAATTCAG,4.885832810401917
PEN,kmer,reg,k_AACGATGCTA,4.873827743530273
PEN,kmer,reg,k_AGATCAAATG,4.868902397155762
PEN,kmer,reg,k_AAGCCGCTAA,4.820189785957337
PEN,kmer,reg,k_CCAACGCATC,4.7898101806640625
PEN,kmer,reg,k_CGGTTCAGCA,4.764099884033203
PEN,kmer,reg,k_ATACAGTACG,4.707468032836914
PEN,kmer,reg,k_AGTCAGCTTA,4.673111152648926
PEN,kmer,reg,k_CCATGGTCAG,4.66359806060791
PEN,kmer,reg,k_AAATATACCC,4.62664954662323
PEN,kmer,reg,k_ATTGGAGCCC,4.550846576690674
PEN,kmer,reg,k_CTGCGGTTTA,4.5386704206466675
PEN,kmer,reg,k_CCCTCCAACA,4.53680191040039
PEN,kmer,reg,k_AGTGGACTAC,4.523182678222656
PEN,kmer,reg,k_AGAAGCGGCC,4.521344757080078
PEN,kmer,reg,k_AATACGGCCT,4.499029731750489
PEN,kmer,reg,k_AATGGCCCAG,4.498831176757813
PEN,kmer,reg,k_GAAACATTAC,4.485783386230469
PEN,kmer,reg,k_AGCGCGGTGG,4.477222442626953
PEN,kmer,reg,k_AGGATCATTG,4.468905639648438
PEN,kmer,reg,k_AGGGCGTTTA,4.452569580078125
PEN,kmer,reg,k_GGTGCCGGTA,4.445037698745727
PEN,kmer,reg,k_ATGATATACC,4.4432830810546875
PEN,kmer,reg,k_AGACGTAGCA,4.416767120361328
PEN,kmer,reg,k_CGGCTCTATC,4.372631454467774
PEN,kmer,reg,k_AGTTATACTC,4.36640625
PEN,kmer,reg,k_GGAGACCTCC,4.35411376953125
PEN,kmer,reg,k_ACTGGTCTAG,4.314189666509629
PEN,kmer,reg,k_AAAAAAAAAA,4.285148882865906
PEN,kmer,reg,k_TAACCGACTA,4.282207489013672
PEN,kmer,reg,k_ATCTAAGCTA,4.24420166015625
PEN,kmer,reg,k_CCGAGTCCAA,4.176402282714844
PEN,kmer,reg,k_TGTGTGAGAA,4.174536475539208
PEN,kmer,reg,k_ATACGAACTC,4.131454086303711
PEN,kmer,reg,k_AATTATTCAC,4.100337743759155
PEN,kmer,clf,k_GAAGCGTGGA,4.089496612548828
PEN,kmer,reg,k_CCCTCTTACG,4.035905039310456
PEN,kmer,clf,k_CATCCAATTA,4.031878089904785
PEN,kmer,reg,k_AACCTACATC,4.00382080078125
PEN,kmer,reg,k_CTCAAGCCGC,3.983880805969238
PEN,kmer,reg,k_GCATATGTTA,3.9788510322570803
PEN,kmer,reg,k_ACCATGTGAT,3.957773303985596
PEN,kmer,reg,k_AGCTCGTTGG,3.9507648944854736
PEN,kmer,reg,k_ACCCCTGACC,3.9460470199584963
PEN,kmer,reg,k_TCCAGTCGGA,3.9380416870117188
PEN,kmer,reg,k_AAGCGACGCT,3.914392566680908
PEN,kmer,clf,k_CCATGTATAA,3.900786781311035
PEN,kmer,reg,k_ACCTTGCCTA,3.8286712646484373
PEN,combined,reg,k_CGACTACCCA,1359.7531005859375
PEN,combined,reg,k_ATGCATTATG,1218.4126586914062
PEN,combined,reg,k_TACCGCTCTA,982.5469970703126
PEN,combined,reg,k_CGTATAGCCA,750.6503463745117
PEN,combined,reg,k_ACCGAATCAG,417.3649250030518
PEN,combined,reg,k_CAGGTGCTAC,302.441397857666
PEN,combined,reg,k_GAAACGTCCC,283.5339546203613
PEN,combined,reg,k_ATGTCTGATG,216.32361907958986
PEN,combined,reg,k_GACGGTTAGA,209.58790550231936
PEN,combined,reg,k_AGGCGGCGAC,160.32600746154785
PEN,combined,reg,k_CTCGGGACCC,127.16478805541993
PEN,combined,clf,k_ATGTCTGATG,124.69025573730468
PEN,combined,clf,k_CTCGGGACCC,111.00192565917968
PEN,combined,reg,k_GCATGCATTA,105.81652374267577
PEN,combined,reg,k_CCGACACAAG,91.86937255859375
PEN,combined,reg,k_CCCTGTCTTA,78.9216552734375
PEN,combined,clf,k_CCCTGTCTTA,76.76231002807617
PEN,combined,reg,k_ACCTACAGTG,76.23115997314454
PEN,combined,reg,k_ACCCCCTACA,69.719580078125
PEN,combined,reg,k_AAGTCTAAGG,60.78544569015503
PEN,combined,reg,k_CCACAGCACA,57.21221923828125
PEN,combined,reg,k_GGGGTCCCGA,48.028238677978514
PEN,combined,reg,k_TGGAGCCTAA,47.439964294433594
PEN,combined,clf,k_ATTCCGCTGG,45.589417862892155
PEN,combined,reg,k_TACCGTTAGA,43.977410888671876
PEN,combined,reg,k_GAAAGCCACA,39.879727363586426
PEN,combined,reg,k_CCCCGTAGGC,35.5632266998291
PEN,combined,reg,k_TACAGACCGA,32.485250854492186
PEN,combined,clf,k_CCCCGTAGGC,29.23252716064453
PEN,combined,reg,k_CGCAATATAG,26.480126953125
PEN,combined,reg,k_GTAGCCCCTA,25.329345703125
PEN,combined,reg,k_CAAAACGCCG,24.762646484375
PEN,combined,reg,k_CCCGTTTGAA,23.64998264312744
PEN,combined,reg,k_GTATAATCAC,23.13147735595703
PEN,combined,reg,k_CACACTTTCC,22.528466796875
PEN,combined,reg,k_ATACAGTACG,22.037718200683592
PEN,combined,reg,k_GAAGCGTGGA,19.618013381958008
PEN,combined,clf,k_GGGGTCCCGA,18.777088165283203
PEN,combined,reg,k_CGATCCCGAA,16.9782470703125
PEN,combined,reg,k_CAGAAGGCGG,16.60107421875
PEN,combined,clf,k_AGTTTCGTCG,14.9184139251709
PEN,combined,reg,k_GGACGCATCA,14.7087158203125
PEN,combined,clf,k_TAACCGACTA,14.667132568359374
PEN,combined,clf,k_TACAGACCGA,14.58091926574707
PEN,combined,reg,k_GGACCTACTA,14.23968460559845
PEN,combined,reg,k_GTGTGAGAAC,13.63076171875
PEN,combined,reg,k_AGGGGCTTAA,13.543177688121796
PEN,combined,reg,k_AGGACGGTTG,13.150952625274659
PEN,combined,reg,k_CGTTTGCATA,12.976920223236084
PEN,combined,reg,k_GTAAGCAGCA,12.376416015625
PEN,combined,reg,k_AGATCCTGGA,12.1019775390625
PEN,combined,reg,k_GCATAACTCC,11.92369384765625
PEN,combined,reg,k_AAGATCGCAG,10.924720764160156
PEN,combined,reg,k_GCGGGCGCAA,10.718295288085937
PEN,combined,clf,k_GCGCTCGGGA,10.34239640235901
PEN,combined,reg,k_GTACCCCTTA,10.294248962402344
PEN,combined,reg,k_AGTAATTCCC,10.175396169163285
PEN,combined,reg,k_ACCTCATGAG,10.152699518203736
PEN,combined,reg,t_serotype_NVT,9.791615772247313
PEN,combined,reg,k_ACTGCCCCCA,9.552069091796875
PEN,combined,reg,k_GGCGTAAATA,9.501177978515624
PEN,combined,reg,k_AGATCAGCCG,9.181655883789062
PEN,combined,reg,k_CTATCAGAGC,9.060501098632812
PEN,combined,reg,k_TGACTGATCA,8.939569091796875
PEN,combined,clf,k_ATACAGTACG,8.879743003845215
PEN,combined,reg,k_ACATACCTGC,8.833750915527343
PEN,combined,reg,k_AAGCATTAAC,8.78294677734375
PEN,combined,reg,k_CTAATATGTA,8.7062255859375
PEN,combined,reg,k_AGTCGCGCAA,8.678076171875
PEN,combined,reg,k_ATATTCCGTC,8.5478271484375
PEN,combined,reg,k_CCTGTACATC,8.508615112304687
PEN,combined,reg,k_GAACACCTCA,8.48367919921875
PEN,combined,clf,k_GGGACGTTAA,8.4522705078125
PEN,combined,clf,k_TAACGTCCCA,8.17793083190918
PEN,combined,reg,k_CCGCTCCCAC,8.11853256225586
PEN,combined,reg,k_GGGACGTTAA,8.1073486328125
PEN,combined,reg,k_CAGTGACATC,8.006103515625
PEN,combined,reg,k_AACCGAGGAA,7.941912078857422
PEN,combined,reg,k_TGAGCAGACA,7.769293212890625
PEN,combined,reg,k_GCCCATGGTA,7.6097406387329105
PEN,combined,reg,k_GGTGTAAGAA,7.499564039707184
PEN,combined,reg,k_TACGAGACAA,7.322110033035279
PEN,combined,reg,k_ACAGCACCAC,7.29815673828125
PEN,combined,reg,k_ACGGCTCCCT,7.2077392578125
PEN,combined,reg,k_TAAAAGTCTA,7.2001118659973145
PEN,combined,reg,k_CAGAGTACTC,7.045001220703125
PEN,combined,reg,k_ATAACTCTTA,6.97227727174759
PEN,combined,reg,k_GCCATTGAGA,6.872137451171875
PEN,combined,reg,k_AATATTCGTA,6.86264705657959
PEN,combined,reg,k_TAACCGACTA,6.825077247619629
PEN,combined,reg,k_GTTTGTCCGA,6.785510230064393
PEN,combined,reg,k_CTGAACTTAC,6.785437202453613
PEN,combined,reg,k_GGTATATCCA,6.757785034179688
PEN,combined,reg,k_CGAGTATGCG,6.747119140625
PEN,combined,reg,k_GACATTTCTA,6.702156066894531
PEN,combined,reg,k_GGTAGCTCAC,6.663140869140625
PEN,combined,reg,k_ATTAGGCGAA,6.54995641708374
PEN,combined,reg,k_GTTTCGCTCA,6.437438452243805
PEN,combined,reg,k_GAATAGATGC,6.322048950195312
PEN,combined,reg,k_GAATGTCAGA,6.2684070587158205
PEN,combined,reg,k_CACAACCGAA,6.21534538269043
PEN,combined,reg,k_ATTAGCCCCG,6.1559326171875
PEN,combined,reg,k_ATCTACCCCC,6.015234375
PEN,combined,reg,k_AACCCCTGAC,5.909205021709203
PEN,combined,reg,k_AACTAGCGAC,5.9043212890625
PEN,combined,reg,k_GATCTTCCCC,5.819538116455078
PEN,combined,clf,k_GAAAGCCACA,5.735298347473145
PEN,combined,reg,k_AGTTCTATAA,5.735202503204346
PEN,combined,reg,k_AAGCGACGCT,5.7114568710327145
PEN,combined,reg,k_AGATGGAGCC,5.660149872303008
PEN,combined,reg,k_CCATGAATCG,5.645383262634278
PEN,combined,reg,k_CCGAGATCAC,5.629566192626953
PEN,combined,reg,t_serotype_19F,5.550922441482544
PEN,combined,reg,k_TCTGAAGGCA,5.513232421875
PEN,combined,reg,k_TACTGAAGTA,5.486767578125
PEN,combined,reg,k_ACAACTACCT,5.447061157226562
PEN,combined,reg,k_ACGGAAAACC,5.441222381591797
PEN,combined,reg,k_CCCCATAAGA,5.339093780517578
PEN,combined,reg,k_CATCCCTATA,5.2741455078125
PEN,combined,reg,k_CGGATGGTAG,5.194390869140625
PEN,combined,reg,k_ACCAATAGGT,5.1880859375
PEN,combined,reg,k_GATATGGCGA,5.154942369461059
PEN,combined,reg,k_AAGCGACTTC,5.042019510269165
PEN,combined,reg,k_ACCCCTCACT,5.020957946777344
PEN,combined,reg,k_TCAGCTTAAA,4.933706951141357
PEN,combined,clf,k_CATCCAATTA,4.891549873352051
PEN,combined,reg,k_AAGCCGCTAA,4.807644030451774
PEN,combined,reg,k_ACTTATATTC,4.762193298339843
PEN,combined,reg,k_CGCTGTAGCA,4.652494812011719
PEN,combined,reg,k_ATAGGGCCGA,4.6037841796875
PEN,combined,reg,k_ATGCGCTCAA,4.565444663167
PEN,combined,reg,k_AGAGTATCTG,4.538400363922119
PEN,combined,clf,k_CGATGAGTCC,4.524449157714844
PEN,combined,reg,k_ACAGCCCAGG,4.501436495780945
PEN,combined,reg,k_ACCAAACACG,4.497721862792969
PEN,combined,reg,k_CGTCACTATA,4.497601318359375
PEN,combined,reg,k_ACCACCCTCA,4.44207763671875
PEN,combined,reg,k_CATACATATG,4.439426136016846
PEN,combined,reg,k_ATTAGGGCAC,4.439012145996093
PEN,combined,reg,k_AAACTAATGC,4.393506717681885
PEN,combined,reg,k_CGCACCAAGA,4.294062471389771
PEN,combined,reg,k_GGTGCCGGTA,4.2725211620330805
PEN,combined,clf,k_AATACGCCCT,4.268631076812744
PEN,combined,reg,k_ACATCCGATA,4.231539916992188
PEN,combined,clf,k_CTCCGGATAC,4.217026281356811
PEN,combined,reg,k_ACCAGACATC,4.104825973510742
PEN,combined,reg,k_ACCCCAGTAC,4.104735565185547
PEN,combined,reg,k_ACATCGAACT,4.055119323730469
PEN,combined,reg,k_AAAGGCGTCC,4.03013916015625
PEN,combined,reg,k_GAGCGAAACC,4.024312925338745
PEN,combined,reg,k_AGTTGTGCCA,4.01878662109375
PEN,combined,reg,k_CTCAGCATCA,4.008228302001953
PEN,combined,reg,k_AACGCTGGTC,3.9547119140625
PEN,combined,reg,k_GGGAGCTGAA,3.9475547790527346
PEN,combined,reg,k_ACTCTAATAA,3.9410064697265623
PEN,combined,reg,k_AACCCCCCTA,3.921136564016342
PEN,combined,reg,t_serotype_19A,3.920114660263062
PEN,combined,reg,k_AACATGGAAC,3.911246490478516
PEN,combined,reg,k_ACTTCGTCTA,3.8977203369140625
PEN,combined,reg,k_AGCGGCTTGG,3.8113452911376955
PEN,combined,reg,k_AGGCCGTCTG,3.8059360504150392
PEN,combined,reg,k_GACGCCTAAA,3.7661630630493166
PEN,combined,reg,k_GCTGATCAAC,3.7579814910888674
PEN,combined,clf,k_AATAGCTCTA,3.7141700744628903
PEN,combined,reg,k_CCGCGCCAAG,3.6761550903320312
PEN,combined,reg,k_GGTTATCATA,3.669122314453125
PEN,combined,reg,k_AATCCGGAAG,3.647589111328125
PEN,combined,clf,k_ATATATATAG,3.6456737518310547
PEN,combined,reg,k_AATAATTGGG,3.644894790649414
PEN,combined,reg,k_ACATACAGGT,3.5871865868568418
PEN,combined,clf,k_AATTCAATAG,3.5711090087890627
PEN,combined,reg,k_TAGTAATACA,3.5551942944526673
PEN,combined,reg,k_CTCAGCGTCA,3.539453125
PEN,combined,clf,k_AGCCACAGGA,3.5142086029052733
PEN,combined,reg,k_ATTGTCCCGA,3.5111762523651127
PEN,combined,reg,k_ACGACTTCTC,3.4966511607170103
PEN,combined,reg,k_AGTACGCAGA,3.477696394920349
PEN,combined,reg,k_GAGTAGACCA,3.4769775390624997
PEN,combined,reg,k_AGAGACATGA,3.42650146484375
PEN,combined,reg,k_AACGGCGACG,3.4182098865509034
PEN,combined,reg,k_GCACGGTGAC,3.4000701904296875
PEN,combined,reg,k_CCCACAGTAC,3.397579574584961
PEN,combined,reg,k_ACATACATAT,3.3678077697753905
PEN,combined,reg,k_AGGTGTTCTA,3.3651351928710938
PEN,combined,reg,k_CAAGGCGGCG,3.348002624511719
PEN,combined,reg,k_AACTAATAAC,3.34716796875
PEN,combined,clf,k_GAAGCGTGGA,3.343314838409424
PEN,combined,reg,k_ACTCCACCTA,3.3414358139038085
PEN,combined,reg,k_AGCATAACTC,3.338915252685547
PEN,combined,reg,k_ATATCTAAGA,3.33487548828125
PEN,combined,reg,k_GAAGGGGATC,3.332334280014038
PEN,combined,reg,k_GGAGACCGTA,3.3299906492233275
PEN,combined,reg,k_CTACAGTACA,3.3237548828125
PEN,combined,reg,k_TCATCAGGCA,3.301300048828125
PEN,combined,reg,k_AGGCTCTATA,3.2787849426269533
PEN,combined,reg,k_AGTCATGTAT,3.2580543518066407
PEN,combined,reg,k_TCGGAGCGCA,3.255121612548828
PEN,combined,reg,k_AGTAATTTAT,3.254381561279297
PEN,combined,reg,k_GACAACATCC,3.2489082336425783
PEN,combined,reg,k_ATAGTTCTCC,3.240269088745117
AMC,kmer,reg,k_ATGCATTATG,949.2962158203125
AMC,kmer,reg,k_GCATAACTCC,784.6479827880859
AMC,kmer,reg,k_CAAGGCGGCG,549.3479961395263
AMC,kmer,reg,k_AGCATAACTC,475.9022216796875
AMC,kmer,reg,k_TACCGCTCTA,327.81401062011724
AMC,kmer,reg,k_GACGGTTAGA,241.94086151123048
AMC,kmer,reg,k_AGGCGGCGAC,203.14872360229492
AMC,kmer,reg,k_CCCCGTAGGC,176.7166717529297
AMC,kmer,reg,k_GAAGCGTGGA,172.90000076293944
AMC,kmer,clf,k_AGACGGGGAC,160.301416015625
AMC,kmer,reg,k_GGTCAGTGCA,139.24268283843995
AMC,kmer,clf,k_CCGCTCCCAC,127.6194953918457
AMC,kmer,clf,k_CCTCCCAGCA,127.10745544433594
AMC,kmer,clf,k_GTAACTTAGA,117.16210107803344
AMC,kmer,reg,k_CCGACACAAG,113.74588699340822
AMC,kmer,clf,k_AGCCGTACCG,111.11337661743164
AMC,kmer,clf,k_CGATGAGTAG,104.75919494628906
AMC,kmer,clf,k_CTTCTGAGTA,104.6956527709961
AMC,kmer,reg,k_GTCCGTCCCA,102.74107666015625
AMC,kmer,clf,k_CGCCATCTGA,101.4215576171875
AMC,kmer,clf,k_CCCAAAAACA,101.03430328369141
AMC,kmer,clf,k_CATCCCTATA,96.16831665039062
AMC,kmer,reg,k_TATCGGCATA,92.56944580078124
AMC,kmer,reg,k_AGAGCCAACG,91.73037490844727
AMC,kmer,clf,k_GACCTTAGAC,90.29140625
AMC,kmer,clf,k_AGGGGTCATA,84.23531646728516
AMC,kmer,clf,k_GAAACTGATC,82.8732666015625
AMC,kmer,reg,k_CCCACAGTAC,82.07969517707825
AMC,kmer,reg,k_AGCTCTATCC,76.317822265625
AMC,kmer,reg,k_GACCGTACTA,74.48232421875
AMC,kmer,clf,k_ATTGGCAGTC,72.64649047851563
AMC,kmer,reg,k_AGGACCTTCC,71.3438751220703
AMC,kmer,reg,k_GTACCTGCGA,67.694287109375
AMC,kmer,reg,k_CGATGAGTAG,65.07242431640626
AMC,kmer,clf,k_CTGGAGGCCC,60.7763427734375
AMC,kmer,reg,k_AAGCGTTCCC,57.684263992309575
AMC,kmer,reg,k_CCGCTCCCAC,57.42790985107422
AMC,kmer,clf,k_AGGAGATCTC,52.74418334960937
AMC,kmer,reg,k_GGGAGCGGAC,51.16341285705567
AMC,kmer,clf,k_AGATTAGGGG,51.069250965118414
AMC,kmer,reg,k_CGAGTGTTAG,49.0722053527832
AMC,kmer,reg,k_CGCCATCTGA,48.8079833984375
AMC,kmer,clf,k_CGAGTATGCG,46.40035705566406
AMC,kmer,reg,k_GTATAATCAC,46.20875854492188
AMC,kmer,reg,k_ATTCCGCTGG,46.12044677734375
AMC,kmer,reg,k_CAGTGACATC,45.56165771484375
AMC,kmer,reg,k_CGGACTGACA,42.8598690032959
AMC,kmer,clf,k_GATGATCCCC,39.400360107421875
AMC,kmer,reg,k_CGATCAGGAG,39.37809008359909
AMC,kmer,reg,k_GCACTAGACA,39.14757995605469
AMC,kmer,clf,k_CCAGGGAGGA,39.04597778320313
AMC,kmer,reg,k_ACTAAGAGAT,38.8109619140625
AMC,kmer,reg,k_CTCGGGACCC,36.41073379516601
AMC,kmer,clf,k_ATAATGCATG,36.359839248657224
AMC,kmer,clf,k_CATTAGCGGA,32.107742404937746
AMC,kmer,reg,k_ACCTGGTAAC,31.530084228515626
AMC,kmer,clf,k_CTGGGTCTCC,31.20394287109375
AMC,kmer,reg,k_CCCCCGTATC,30.985453128814697
AMC,kmer,reg,k_ATGTCTGATG,30.446530151367188
AMC,kmer,reg,k_AGTAAGTTCA,29.19239692687988
AMC,kmer,reg,k_GAGAACCGCA,28.75650634765625
AMC,kmer,reg,k_AATCCGGTAC,28.37484359741211
AMC,kmer,clf,k_TACAGCACTA,28.114596557617187
AMC,kmer,clf,k_GCCTGTAACC,28.046792602539064
AMC,kmer,reg,k_AACCATCCAG,27.905279898643492
AMC,kmer,reg,k_CAGGTGCTAC,27.065672445297242
AMC,kmer,clf,k_ATTAGGGGTG,27.00666198730469
AMC,kmer,reg,k_CTTCTGAGTA,26.383575439453125
AMC,kmer,reg,k_CGCTGATGAG,25.355174827575684
AMC,kmer,reg,k_CCACCCAACG,25.1058837890625
AMC,kmer,reg,k_TAACGTCATA,24.95588264465332
AMC,kmer,reg,k_GTCGCGAGCA,24.122186279296876
AMC,kmer,clf,k_GACGAAATGC,23.690626525878905
AMC,kmer,reg,k_ACCATCCAGG,23.364033138751985
AMC,kmer,clf,k_ATGTGGCTGG,22.995782470703126
AMC,kmer,reg,k_CCCTACCATC,22.969384765625
AMC,kmer,reg,k_CCGACGATTA,22.71761474609375
AMC,kmer,clf,k_ATAGGGGTGA,22.568304920196535
AMC,kmer,clf,k_AGTTGTGTTA,21.130303192138673
AMC,kmer,reg,k_AGCGAGACCT,20.11966552734375
AMC,kmer,clf,k_AGGACCTTCC,20.08351287841797
AMC,kmer,reg,k_ATGCACAGGC,19.9326416015625
AMC,kmer,clf,k_GCATGCATTA,19.927597808837888
AMC,kmer,reg,k_GTCGATTATA,19.745836353302003
AMC,kmer,clf,k_ACTTTAGGCT,19.55041389465332
AMC,kmer,reg,k_CGACTACCCA,18.50751647949219
AMC,kmer,clf,k_GATATCGTCC,18.371958923339843
AMC,kmer,reg,k_CAGGCTTACG,18.257917785644533
AMC,kmer,reg,k_ACCATTGGAG,18.13388614654541
AMC,kmer,reg,k_GATTATTAGA,17.583114624023438
AMC,kmer,reg,k_ATCCCTGTAC,17.290789794921874
AMC,kmer,reg,k_CCTCATGAGC,17.19058257341385
AMC,kmer,reg,k_ATGCTGTGGA,17.0399528503418
AMC,kmer,reg,k_ATAAGACCGA,16.92194519042969
AMC,kmer,reg,k_TGGGCCTACA,16.8770263671875
AMC,kmer,reg,k_ACAAACTACC,16.734619903564454
AMC,kmer,clf,k_GCAGGCAGGC,16.47593536376953
AMC,kmer,clf,k_ACTACATGAG,16.15482177734375
AMC,kmer,reg,k_ATTAACGTCC,15.858119659870864
AMC,kmer,reg,k_AAGTCGTTGA,15.527443240582944
AMC,kmer,clf,k_GTTCGGACTA,15.447970771789551
AMC,kmer,clf,k_AGCCGCTCCT,15.308584213256836
AMC,kmer,reg,k_AGCTGCCGAG,15.214389705657958
AMC,kmer,clf,k_ATGCATTATG,15.080086898803712
AMC,kmer,reg,k_ACCTACAGTA,15.03074951171875
AMC,kmer,reg,k_TCACCGAACA,14.01407470703125
AMC,kmer,reg,k_AGGCTGTGAG,13.975439453125
AMC,kmer,reg,k_CCTAAACGAG,13.698372268676756
AMC,kmer,clf,k_GTAGGGTTCA,13.523493194580078
AMC,kmer,reg,k_CGCCAACTCA,13.30531539916992
AMC,kmer,reg,k_ATCGAGAGTG,13.229460525512696
AMC,kmer,reg,k_AGACGGGGAC,13.20177001953125
AMC,kmer,reg,k_ACCCCTAATC,13.133865791559218
AMC,kmer,clf,k_ATCCCACCTA,12.981981229782104
AMC,kmer,reg,k_ACTACATTAG,12.616515064239502
AMC,kmer,reg,k_CACAAGTGCC,12.549844360351562
AMC,kmer,reg,k_CTAGGCGCAG,12.511800479888915
AMC,kmer,reg,k_GTAGCCCCTA,12.453411865234376
AMC,kmer,clf,k_CAGGTGCTAC,12.444761562347413
AMC,kmer,reg,k_ATCGTTATAG,12.333936309814455
AMC,kmer,reg,k_AAACCGCGAC,12.245135521888733
AMC,kmer,clf,k_TACCGCTCTA,12.141965484619142
AMC,kmer,reg,k_CAATGCCCTC,12.139617919921875
AMC,kmer,clf,k_AAGCATGCAT,12.087567901611328
AMC,kmer,reg,k_AACGGCGCTA,11.91527236700058
AMC,kmer,reg,k_ATTATGCCAG,11.88809813261032
AMC,kmer,reg,k_GTGTTCAGCA,11.841659545898438
AMC,kmer,reg,k_TGAACTAACA,11.319756650924683
AMC,kmer,reg,k_CGTAAGTTAC,11.2165771484375
AMC,kmer,reg,k_AGATCCATAT,11.091680908203125
AMC,kmer,clf,k_ACTCCACCTA,11.003776931762696
AMC,kmer,reg,k_CCCCGTTCAG,10.894876098632812
AMC,kmer,clf,k_ATATGACCCC,10.818692779541017
AMC,kmer,clf,k_AGCTGTAGCG,10.735977935791016
AMC,kmer,clf,k_AGGCGGCGAC,10.722596883773804
AMC,kmer,clf,k_CTTACCCTGA,10.629901885986328
AMC,kmer,clf,k_CAGTACTAGA,10.584523773193359
AMC,kmer,reg,k_CCGGAAAAAC,10.581185913085939
AMC,kmer,clf,k_AGTACAGGTA,10.407819294929505
AMC,kmer,reg,k_CGGCAATTAC,10.344122314453125
AMC,kmer,reg,k_ATGAGTCTAC,10.177395629882813
AMC,kmer,reg,k_ATTCAGTTCG,10.07421875
AMC,kmer,clf,k_CAGCACTACA,9.92376251220703
AMC,kmer,clf,k_ACAGTAGACG,9.831951904296876
AMC,kmer,reg,k_ACGCGGCTCT,9.738534545898437
AMC,kmer,reg,k_ACACCTCAGG,9.719760131835937
AMC,kmer,clf,k_TACCGTTAGA,9.69982681274414
AMC,kmer,clf,k_GTATAATCAC,9.544088745117188
AMC,kmer,clf,k_GACGGTTAGA,9.507464599609374
AMC,kmer,reg,k_ATAATGCATG,9.216526412963868
AMC,kmer,reg,k_ACTCTCTGAA,9.1454345703125
AMC,kmer,reg,k_ATCTACCCCC,9.039811706542968
AMC,kmer,reg,k_AGTGAGAGCA,9.007275390625
AMC,kmer,reg,k_ACCTCATGAG,9.001471161842346
AMC,kmer,clf,k_AGCCGCAACA,8.997528648376464
AMC,kmer,reg,k_AGACGAATAG,8.9523193359375
AMC,kmer,clf,k_AACCATATGT,8.863845062255859
AMC,kmer,clf,k_GCCCATGGTA,8.840288162231445
AMC,kmer,reg,k_CGTACTAACA,8.7689453125
AMC,kmer,reg,k_ACTCACAAAA,8.751665496826172
AMC,kmer,reg,k_GGGGTCCCGA,8.5789794921875
AMC,kmer,reg,k_GCATGCATTA,8.577586936950684
AMC,kmer,reg,k_AATTGTTAGT,8.379650115966797
AMC,kmer,reg,k_ATATGGCGAT,8.375776097923518
AMC,kmer,reg,k_AGTAGACCAC,8.330490112304688
AMC,kmer,reg,k_AAGTCTAAGT,8.275379323959351
AMC,kmer,reg,k_ATGTAAGTCG,8.25084730386734
AMC,kmer,clf,k_GAGGTGTCTA,8.180108642578125
AMC,kmer,reg,k_AGTCAGCTTA,8.169768637418748
AMC,kmer,reg,k_GCGTGCATAA,8.144033813476563
AMC,kmer,reg,k_AGCGCGTCGA,8.13194580078125
AMC,kmer,clf,k_CAGGGCTACA,8.118024158477784
AMC,kmer,reg,k_CCGCCGGAAA,8.083447265625
AMC,kmer,clf,k_CACTATAAGC,8.073382568359374
AMC,kmer,reg,k_CCCACGGAGC,8.01835651397705
AMC,kmer,reg,k_TGTACAATAA,7.99583740234375
AMC,kmer,clf,k_ACTGGATGCT,7.9381866455078125
AMC,kmer,reg,k_GAAACGTCCC,7.929629898071289
AMC,kmer,reg,k_CCAGGATCTA,7.926028823852539
AMC,kmer,reg,k_AGCTACTGAC,7.8196357727050785
AMC,kmer,clf,k_CCTCTGTTGC,7.741296935081483
AMC,kmer,clf,k_ACCCCTAATC,7.729749298095703
AMC,kmer,reg,k_AGAGACCCCT,7.696656799316406
AMC,kmer,reg,k_CAAGCACCAG,7.694410920143127
AMC,kmer,reg,k_GCGACCGGAA,7.613088989257813
AMC,kmer,reg,k_CCATCCAGGA,7.596658325195312
AMC,kmer,reg,k_GACTAGATCA,7.579423809051514
AMC,kmer,clf,k_CGGTGAGTTA,7.577163982391358
AMC,kmer,reg,k_ACTATGACTC,7.57060546875
AMC,kmer,clf,k_GAGACGGTCC,7.56611328125
AMC,kmer,clf,k_CCCTCCGTGC,7.5466960906982425
AMC,kmer,reg,k_ACGGAAAACC,7.52922487258911
AMC,kmer,reg,k_GGGTCTACAA,7.494961738586426
AMC,kmer,clf,k_GCTTAGTCTA,7.467050170898437
AMC,kmer,clf,k_GTAATGCATA,7.3843231201171875
AMC,kmer,reg,k_AACCCCTGAC,7.335562595725059
AMC,kmer,clf,k_TGTGTGAGAA,7.243428707122803
AMC,kmer,reg,k_CAGCCCCTAG,7.177117919921875
AMC,kmer,reg,k_AAACCTAATA,7.14141869544983
AMC,kmer,reg,k_GCGCTCGGGA,7.104783439636231
AMC,combined,reg,k_ATGCATTATG,1090.3594970703125
AMC,combined,reg,k_GCATAACTCC,561.0072212219238
AMC,combined,reg,k_AGCATAACTC,398.34306640625
AMC,combined,reg,k_GGTCAGTGCA,345.5657479286194
AMC,combined,reg,k_AGGCGGCGAC,330.1892906188965
AMC,combined,clf,k_CTTCTGAGTA,302.6140563964844
AMC,combined,reg,k_CGTATAGCCA,213.935724067688
AMC,combined,reg,k_TACCGCTCTA,191.89730243682862
AMC,combined,clf,k_CCGCTCCCAC,188.1942138671875
AMC,combined,reg,k_GACCGTACTA,168.52920227050782
AMC,combined,clf,k_CGATGAGTAG,160.23093872070314
AMC,combined,reg,k_CAGGTGCTAC,152.8404998779297
AMC,combined,clf,k_CGCCATCTGA,125.06690673828125
AMC,combined,reg,k_CCGACACAAG,113.22687683105468
AMC,combined,reg,k_CACACTTTCC,109.2725830078125
AMC,combined,clf,k_GAAACTGATC,103.007275390625
AMC,combined,reg,k_CCCCGTAGGC,98.89608421325683
AMC,combined,reg,k_GAGAACCGCA,92.83555908203124
AMC,combined,reg,k_GAAGCGTGGA,92.68925628662109
AMC,combined,reg,k_ATAGGGCCGA,84.03745727539062
AMC,combined,clf,k_GATGATCCCC,82.1938262939453
AMC,combined,clf,k_AGACGGGGAC,75.81643371582031
AMC,combined,clf,k_CCCAAAAACA,72.11781616210938
AMC,combined,clf,k_ATAATGCATG,69.05037536621094
AMC,combined,clf,k_AGGGGTCATA,66.39349670410155
AMC,combined,reg,k_CGAGTGTTAG,64.98439407348633
AMC,combined,reg,k_CGATGAGTAG,64.90584716796874
AMC,combined,clf,k_CATGGGGGTA,63.59116821289062
AMC,combined,clf,k_AGCCGTACCG,62.603987145423886
AMC,combined,reg,k_GACGGTTAGA,62.295090484619145
AMC,combined,reg,k_AGGACCTTCC,59.42244186401367
AMC,combined,clf,k_CCTCCCAGCA,55.773597717285156
AMC,combined,reg,k_ATTCTGGCCG,55.6676513671875
AMC,combined,reg,k_TATATAACCA,55.4369140625
AMC,combined,reg,k_ATTCCGCTGG,54.82542095184326
AMC,combined,reg,k_GCGTGCATAA,53.93146756887436
AMC,combined,clf,k_GACCTTAGAC,53.770928955078126
AMC,combined,clf,k_CATCCCTATA,53.58348388671875
AMC,combined,reg,k_CCGCTCCCAC,52.62578125
AMC,combined,reg,k_CGCCATCTGA,48.8079833984375
AMC,combined,reg,k_GTATAATCAC,43.020088475942615
AMC,combined,clf,k_CTGGATCGAA,42.110897827148435
AMC,combined,reg,k_ACCTGGTAAC,41.44632568359375
AMC,combined,clf,k_TAGGGTTCAA,40.16695556640625
AMC,combined,clf,k_CGAGTATGCG,38.93554034233093
AMC,combined,reg,k_GTCGCGAGCA,38.59950561523438
AMC,combined,reg,k_CATCCCTATA,38.535528564453124
AMC,combined,clf,k_GCCTGTAACC,37.56795825958252
AMC,combined,clf,k_AGGCGGCGAC,37.36269836425781
AMC,combined,reg,k_ACTAAGAGAT,36.65638427734375
AMC,combined,clf,k_CATTAGCGGA,35.623180294036864
AMC,combined,clf,k_GACGAAATGC,34.49519996643066
AMC,combined,reg,k_CTTCTGAGTA,34.26298828125
AMC,combined,reg,k_GCATGCATTA,31.387973165512086
AMC,combined,reg,k_CCCACAGTAC,30.316760063171387
AMC,combined,reg,k_TGGCGACTAA,29.5220703125
AMC,combined,clf,k_CAGCACTACA,29.302694702148436
AMC,combined,reg,k_ATCGAGAGTG,28.705686950683592
AMC,combined,reg,k_AAGCGTTCCC,27.648968505859376
AMC,combined,reg,k_ACCATTGGAG,26.46140851974487
AMC,combined,reg,k_ATGTGGCTGG,25.8796875
AMC,combined,reg,k_AACTAGCGAC,24.76787109375
AMC,combined,reg,k_TATCGGCATA,24.412986755371094
AMC,combined,clf,k_AACTAGCGAC,24.112779235839845
AMC,combined,clf,k_ACTTTAGGCT,23.456043243408203
AMC,combined,reg,k_CGTAAGTTAC,23.195849609375
AMC,combined,clf,k_AGCTGTAGCG,23.165475463867185
AMC,combined,clf,k_ATGTGGCTGG,23.075375366210938
AMC,combined,reg,k_CTGGAGGCCC,22.27867431640625
AMC,combined,clf,k_AGCCGCTCCT,22.211577844619754
AMC,combined,clf,k_AGGACCTTCC,22.116082763671876
AMC,combined,reg,k_CTCGGGACCC,21.333728408813474
AMC,combined,clf,k_ATGCATTATG,20.901140213012695
AMC,combined,clf,k_GCCCATGGTA,20.56647148132324
AMC,combined,reg,k_AATCCGGTAC,19.251366806030273
AMC,combined,reg,k_TAATCCTATA,18.835434341430663
AMC,combined,reg,k_ATTAACGTCC,18.82318115234375
AMC,combined,clf,k_CACTTGACGA,18.76883773803711
AMC,combined,reg,k_GATATCGTCC,18.63936767578125
AMC,combined,clf,k_GTCTTCCGTA,17.379278564453124
AMC,combined,reg,k_GAAAGCCACA,17.160137939453122
AMC,combined,reg,k_ACAAACTACC,17.045337438583374
AMC,combined,reg,k_GCGCTCGGGA,16.981943297386167
AMC,combined,reg,k_GGGTCTACAA,16.219157433509825
AMC,combined,clf,k_CCTGTACATC,15.887140274047852
AMC,combined,clf,k_GGGTCTACAA,15.65268497467041
AMC,combined,reg,k_AGACGGGGAC,15.259405517578125
AMC,combined,clf,k_TACCGCTCTA,15.220844745635986
AMC,combined,clf,k_ACTACATGAG,15.199007892608645
AMC,combined,reg,k_TGAACTAACA,15.000673675537112
AMC,combined,reg,k_ATACAATCGA,14.937203913927078
AMC,combined,reg,k_CGGACATTGA,14.8291259765625
AMC,combined,reg,k_CAGTTCGTAG,14.63709716796875
AMC,combined,clf,k_CGGATTACTA,14.61518244743347
AMC,combined,reg,k_CTTCGGGCAA,13.894650840759278
AMC,combined,reg,k_CCGGAAAAAC,13.816610527038575
AMC,combined,reg,k_ATTCAGTTCG,13.814062499999999
AMC,combined,reg,k_GTCCGTCCCA,13.70312957763672
AMC,combined,reg,k_AACGGCGCTA,13.168449625372887
AMC,combined,reg,k_ACCTCATGAG,13.10869221687317
AMC,combined,reg,k_AGCGAGACCT,13.070155334472656
AMC,combined,reg,k_GTTTCGCTCA,12.865655517578125
AMC,combined,clf,k_CTCACTGTTA,12.749066162109376
AMC,combined,clf,k_AAAGCGGTAC,12.601394176483154
AMC,combined,reg,k_ACCTACAGTA,12.497256851196289
AMC,combined,reg,k_ATGTCACTGA,12.424674856662751
AMC,combined,reg,k_CACAAGTGCC,12.363031834363937
AMC,combined,reg,k_AGGCTAACAG,11.844570302963257
AMC,combined,reg,k_CCTAAACGAG,11.541633629798888
AMC,combined,clf,k_CGCTGTAGCA,11.498819351196289
AMC,combined,clf,k_AGTTGTGTTA,11.371125793457031
AMC,combined,reg,k_CCACCCAACG,11.144218444824219
AMC,combined,reg,k_AGTAGACTCA,11.141451358795166
AMC,combined,reg,k_AATAGGCGTA,11.110974884033203
AMC,combined,clf,k_ATCCCACCTA,10.669180297851563
AMC,combined,clf,k_AGCGGCCTTA,10.487719631195068
AMC,combined,clf,k_GAACCCTACC,10.407684326171875
AMC,combined,reg,k_CATTAGAGCA,10.39000244140625
AMC,combined,clf,t_serotype_19F,10.343102836608885
AMC,combined,reg,k_CACAACCGAA,10.332989501953126
AMC,combined,clf,k_GGGAGCGGAC,10.295594787597656
AMC,combined,reg,k_GGGGTCCCGA,10.252013397216796
AMC,combined,reg,k_AGAGCCAACG,10.240291595458984
AMC,combined,clf,k_GTTCGGACTA,10.162558317184448
AMC,combined,clf,k_GAAAGGACGA,10.151811552047729
AMC,combined,clf,k_GAGCATAGCA,9.884143829345703
AMC,combined,reg,k_GGCTTTGCTA,9.876187889277935
AMC,combined,clf,k_ACCATAGACG,9.8088134765625
AMC,combined,reg,k_GCACTAGACA,9.751789855957032
AMC,combined,reg,k_ATGCGAGCTA,9.6822021484375
AMC,combined,clf,k_CGGATCAGTA,9.6238431930542
AMC,combined,reg,k_AAATTAAGTT,9.600775611400604
AMC,combined,clf,k_ACGGCTGGGA,9.554362106323243
AMC,combined,reg,k_AGATCGACAT,9.325569152832031
AMC,combined,clf,k_ACAATGGACT,9.26116485595703
AMC,combined,reg,k_GCCTATAGCA,9.169873046875
AMC,combined,reg,k_ATAGGGAATA,9.020122480392457
AMC,combined,clf,k_AACCATATGT,8.863845062255859
AMC,combined,reg,k_AACGCGTAAT,8.818399429321289
AMC,combined,reg,k_AGGCTGGCGA,8.735186517238617
AMC,combined,reg,k_CGACTACCCA,8.696055603027343
AMC,combined,clf,k_GACGGTTAGA,8.528799057006836
AMC,combined,reg,k_CAGCGGTCGA,8.4182861328125
AMC,combined,reg,k_GCTAAGGCAA,8.361993744969368
AMC,combined,reg,k_CCCACGGAGC,8.271422349661588
AMC,combined,reg,k_ACTATGACTC,8.227079772949219
AMC,combined,clf,k_ATGGGCACTC,8.218659019470216
AMC,combined,reg,k_CGTTTGCATA,8.190492248535156
AMC,combined,reg,k_CGCTGTAGCA,8.119140625
AMC,combined,reg,k_CCTCTGATAA,8.084124755859376
AMC,combined,reg,k_ATGGCTTAAT,8.00546488761902
AMC,combined,reg,k_GCCCATGGTA,7.9144744873046875
AMC,combined,reg,k_AAGCGACGCT,7.802115821838379
AMC,combined,reg,k_CACAGTTACG,7.741463756561279
AMC,combined,reg,k_TGAGCACTAA,7.73634033203125
AMC,combined,reg,k_CGGCATTGAC,7.653324890136719
AMC,combined,reg,k_TCACCGAACA,7.629603576660156
AMC,combined,reg,k_ACAGCACCAC,7.624853515625
AMC,combined,reg,k_TTACGCCGAA,7.600527954101563
AMC,combined,clf,k_GAGACGGTCC,7.584442138671875
AMC,combined,reg,k_CCATCCAGGA,7.565460205078125
AMC,combined,clf,k_AACCGTTACA,7.479621315002442
AMC,combined,reg,k_AACCTACCCT,7.444215393066406
AMC,combined,reg,k_ATGTAGTCGG,7.4409070968627935
AMC,combined,reg,k_AAGTGACACC,7.4373291015625
AMC,combined,reg,k_CATAGCGTCC,7.416584014892578
AMC,combined,reg,k_AGTGGCGATG,7.407347106933594
AMC,combined,clf,k_AATTGCCTGT,7.406645011901856
AMC,combined,reg,k_AAGTCTAAGT,7.403768830001355
AMC,combined,reg,k_TCGGACAACA,7.36724853515625
AMC,combined,reg,k_ATTGTAGACC,7.3294921875
AMC,combined,clf,k_AAACATCAAC,7.3251800537109375
AMC,combined,reg,k_CTAGGCGCAG,7.269789433479309
AMC,combined,clf,k_AACTCCCTTC,7.235437297821045
AMC,combined,clf,k_ATTAGGGGTG,7.235357666015625
AMC,combined,reg,k_AGTACTAGAC,7.175994873046875
AMC,combined,reg,k_CCTTAGTTAC,7.138021087646484
AMC,combined,clf,k_CTATGCTCCC,7.114418792724609
AMC,combined,reg,k_AACCATCCAG,7.088302402198315
AMC,combined,reg,k_ATGACTCATA,7.074944722652435
AMC,combined,clf,k_GCTGGGCCAA,7.050210189819336
AMC,combined,reg,k_AGGTAGATCC,6.94033203125
AMC,combined,reg,k_ATGCGGTAAT,6.930394554138184
AMC,combined,reg,k_GTGTGTTTAA,6.9067712962627414
AMC,combined,reg,k_AAAGCCGACG,6.812967696785926
AMC,combined,reg,k_AATTCCCGAT,6.760771179199219
AMC,combined,clf,k_CATCAGTTCG,6.6938570022583
AMC,combined,reg,k_CGCTGATGAG,6.686276626586913
AMC,combined,clf,k_CCGGAAAAAC,6.60424976348877
AMC,combined,reg,k_ACTTTGACTG,6.5562492370605465
AMC,combined,reg,k_AGAAGCTACG,6.424224879592657
AMC,combined,reg,k_AGTGCCTCAG,6.41690719127655
AMC,combined,reg,k_CGGTGTAACA,6.401315307617187
AMC,combined,reg,k_GGGAGCTCAA,6.380276060104369
AMC,combined,reg,k_GAGGGATCCA,6.3541259765625
AMC,combined,clf,k_GGAAAAAAAA,6.335655975341798
AMC,combined,reg,k_CTTTGCAGCC,6.266253662109375
AMC,combined,clf,k_GATATAATGC,6.262840843200683
AMC,combined,clf,k_CACGAGTTCC,6.2466796875
AMC,combined,reg,k_CACTTAACCA,6.230364751815795
CRO,kmer,reg,k_CAAGGCGGCG,254.35923461914064
CRO,kmer,clf,k_GCTGCCGATA,219.98378601074216
CRO,kmer,reg,k_ATGCATTATG,208.70260314941407
CRO,kmer,reg,k_AGGCGGCGAC,196.29342041015627
CRO,kmer,clf,k_GGGCTCGACC,160.17051391601564
CRO,kmer,clf,k_ATACTATTGG,130.57259826660157
CRO,kmer,clf,k_AACTGTTTGC,88.05482788085938
CRO,kmer,reg,k_TATCTGAACA,86.28093490600585
CRO,kmer,clf,k_ACGACAGCCT,71.79588623046875
CRO,kmer,clf,k_AGTAAAGTGA,71.69734497070311
CRO,kmer,clf,k_ATAATGCATG,70.2553955078125
CRO,kmer,clf,k_TAGCTGCCGA,68.838037109375
CRO,kmer,reg,k_AGCCGAATAG,68.09552612304688
CRO,kmer,clf,k_CTCGGCGTTC,65.92073364257813
CRO,kmer,clf,k_AATAGTAGTG,52.5117431640625
CRO,kmer,clf,k_TGCTCTCCCA,51.480399703979494
CRO,kmer,reg,k_GACGTTTCGC,50.57013854980469
CRO,kmer,reg,k_GACGGTTAGA,47.88741213679313
CRO,kmer,clf,k_GGACAGATTA,45.644343566894534
CRO,kmer,clf,k_ATCATTCGAG,44.505978393554685
CRO,kmer,clf,k_CTGGAGGCCC,43.088870239257815
CRO,kmer,reg,k_GCATGCATTA,41.76940040588379
CRO,kmer,reg,k_ACCGTCGCTA,41.05048828125
CRO,kmer,clf,k_CAGAGCCCAG,39.98096923828125
CRO,kmer,reg,k_CTTACCCTGA,38.78983755111694
CRO,kmer,reg,k_ATTCTTTCGG,36.167962646484376
CRO,kmer,reg,k_ACGGTCTAGC,35.67027969360351
CRO,kmer,clf,k_ACTCATTGCT,34.80252685546875
CRO,kmer,clf,k_CCATAGATGA,33.69088439941406
CRO,kmer,clf,k_CGGTCGCTGC,33.3589599609375
CRO,kmer,clf,k_CGACCTGTTA,32.88407592773437
CRO,kmer,clf,k_AGGCGGCGAC,31.43301315307617
CRO,kmer,reg,k_ACGAGTAACC,30.511468505859376
CRO,kmer,reg,k_GAAACGTCCC,30.465003585815428
CRO,kmer,clf,k_CCGCTCCCAC,29.850314331054687
CRO,kmer,clf,k_ACATTCATGC,29.262638092041016
CRO,kmer,clf,k_AGCCGAATAG,28.714620971679686
CRO,kmer,clf,k_ACGGGGCTGG,26.00343017578125
CRO,kmer,clf,k_TCGGGATTAA,25.144810485839844
CRO,kmer,clf,k_AGTTAACGCC,24.270965576171875
CRO,kmer,clf,k_ACCTATTGCT,23.021409606933595
CRO,kmer,clf,k_ACGTCCACAA,22.07685241699219
CRO,kmer,clf,k_AAATTTAGGC,22.023710632324217
CRO,kmer,clf,k_ATAGGCAACG,21.933343505859376
CRO,kmer,clf,k_ATCCCACCTA,21.85096709728241
CRO,kmer,reg,k_ATGAGTCTAC,20.272088241577148
CRO,kmer,clf,k_GGTCCGTCCA,20.124156188964843
CRO,kmer,reg,k_GCATAACTCC,19.823304367065433
CRO,kmer,reg,k_GATCCCGTAA,19.148529052734375
CRO,kmer,clf,k_ACGGATCAAC,18.799537658691406
CRO,kmer,reg,k_AATACGCCCT,17.676615905761718
CRO,kmer,clf,k_AAAGGGATCT,17.141572570800783
CRO,kmer,clf,k_AGTGTTATGG,17.06370849609375
CRO,kmer,reg,k_CATGCTAATG,16.8216796875
CRO,kmer,clf,k_GGAGCCTAAA,16.728456115722658
CRO,kmer,clf,k_GCCGAAGATA,15.99119873046875
CRO,kmer,reg,k_GGGATCTCCA,15.789373779296875
CRO,kmer,clf,k_ATGCATTATG,15.451016616821288
CRO,kmer,reg,k_GCCGAATAGC,15.053086853027345
CRO,kmer,clf,k_CTCATCGATC,14.970273780822755
CRO,kmer,clf,k_GAATGTCAGA,14.146772766113282
CRO,kmer,clf,k_AATATTATGC,14.137423706054687
CRO,kmer,clf,k_AAAACACGCT,13.356908416748048
CRO,kmer,clf,k_CGTATAGCCA,12.995011901855468
CRO,kmer,clf,k_GACCTACCTC,12.072129058837891
CRO,kmer,reg,k_TAATTCCGCA,12.005345916748047
CRO,kmer,clf,k_AGCACCCTAG,11.977609252929689
CRO,kmer,clf,k_GGATTCCGAC,11.915108489990235
CRO,kmer,clf,k_GCCCTCACGC,11.825836944580079
CRO,kmer,reg,k_GCCCTCACGC,11.681615829467773
CRO,kmer,clf,k_GACATGATCC,11.395816802978516
CRO,kmer,clf,k_GGACAATAGA,11.274211883544922
CRO,kmer,clf,k_AAACTATGGG,11.195603942871093
CRO,kmer,clf,k_CCTGTACATC,11.050090837478638
CRO,kmer,clf,k_ACTTTAGGCT,10.92227210998535
CRO,kmer,reg,k_CAGGGTAAGA,10.887850666046143
CRO,kmer,clf,k_ATTCTGGTCC,10.485252618789673
CRO,kmer,reg,k_CCTCGTCATA,10.449910795688629
CRO,kmer,reg,k_AGTCTAACTC,10.329627990722656
CRO,kmer,clf,k_GCGACCGGAA,10.203677368164062
CRO,kmer,reg,k_ATCGTGCGAC,10.134624481201172
CRO,kmer,clf,k_CCTCAATTCG,9.74802474975586
CRO,kmer,reg,k_GTTAGATATA,9.600575602054596
CRO,kmer,clf,k_TAATGCTTCA,9.153899383544921
CRO,kmer,clf,k_CCTAAACGAG,9.148504257202148
CRO,kmer,reg,k_GTACTACCTA,9.083662986755371
CRO,kmer,reg,k_AGACATTTAT,8.967961883544923
CRO,kmer,clf,k_AATTATACGA,8.941859054565429
CRO,kmer,reg,k_ATAATTACAG,8.904596328735352
CRO,kmer,clf,k_GTATGTGGAA,8.812631225585937
CRO,kmer,clf,k_ACTATGCGAT,8.79715576171875
CRO,kmer,clf,k_AGTGGGACGA,8.703759002685548
CRO,kmer,clf,k_ATGATAACTA,8.628546905517577
CRO,kmer,reg,k_GCTATAACTA,8.616353034973145
CRO,kmer,reg,k_ACGCGCCCAT,8.400701904296875
CRO,kmer,clf,k_AGCGACGAGG,8.390969848632812
CRO,kmer,reg,k_TAACGTCATA,8.379326498508453
CRO,kmer,clf,k_ACCCTGTTAT,8.37840814590454
CRO,kmer,reg,k_ACTCGCGTTC,8.312167358398437
CRO,kmer,reg,k_ACTGTTGCGG,8.291909790039062
CRO,kmer,clf,k_TAAGACCTAA,8.15864429473877
CRO,kmer,clf,k_GAATACAGCA,8.128396606445312
CRO,kmer,clf,k_CAGGATGGCG,8.00164375305176
CRO,kmer,clf,k_AGGCTAACAG,7.925120544433594
CRO,kmer,clf,k_CAATCCCCTA,7.868206501007079
CRO,kmer,clf,k_ATATGCTATG,7.855819034576416
CRO,kmer,clf,k_ACAAGTTAGT,7.805133056640625
CRO,kmer,reg,k_ACGAAATTAG,7.7554443359375
CRO,kmer,clf,k_ATTCATCCTG,7.709023666381835
CRO,kmer,reg,k_GGAAATTACC,7.621702003479005
CRO,kmer,reg,k_ACCTACAGTG,7.608856201171875
CRO,kmer,clf,k_ACCGTGAGAG,7.581854248046875
CRO,kmer,clf,k_GATATGGCGA,7.541693925857545
CRO,kmer,reg,k_ATCGTGTATC,7.535278224945068
CRO,kmer,clf,k_AGCATCCTAG,7.486728000640869
CRO,kmer,reg,k_GATCTCATTA,7.466815185546875
CRO,kmer,clf,k_ATCCATCGTA,7.359617519378662
CRO,kmer,clf,k_CAATAGGCTC,7.291485595703125
CRO,kmer,reg,k_TCAGAGGTCA,7.280564796924591
CRO,kmer,clf,k_AGTCTCAACG,7.278435707092285
CRO,kmer,clf,k_CTAATCCCGA,7.24617919921875
CRO,kmer,clf,k_AATGCATGCT,7.23395004272461
CRO,kmer,clf,k_AGACGTATTG,7.163055419921875
CRO,kmer,reg,k_GGTCAGTGCA,7.155711078643799
CRO,kmer,clf,k_GATAAACCCC,7.092723751068115
CRO,kmer,clf,k_ACTCCTCGCA,7.086497497558594
CRO,kmer,reg,k_ACCATTGGAG,7.053462553024292
CRO,kmer,reg,k_GGCTTAATAC,6.996476745605469
CRO,kmer,reg,k_TCTCCCGAAA,6.982218027114868
CRO,kmer,clf,k_ATAACAAACG,6.93105239868164
CRO,kmer,clf,k_GTGATATACA,6.922152709960938
CRO,kmer,clf,k_ATAGCACAAC,6.921832275390625
CRO,kmer,clf,k_TAATCGGCCA,6.85303077697754
CRO,kmer,reg,k_AGATGACCAC,6.798775100708008
CRO,kmer,clf,k_CACGTGCGAC,6.742764282226562
CRO,kmer,reg,k_CGCGCCGCGC,6.71480827331543
CRO,kmer,clf,k_CCGATGCAGG,6.675567626953125
CRO,kmer,clf,k_ACTTAACCAC,6.667829895019532
CRO,kmer,reg,k_TACCGTTAGA,6.651485443115234
CRO,kmer,reg,k_CATCTATAAA,6.6268310546875
CRO,kmer,clf,k_CCAAATTCAG,6.621457862854004
CRO,kmer,reg,k_CTGTATATTA,6.573736572265625
CRO,kmer,reg,k_AACGTGCCAC,6.550407409667969
CRO,kmer,reg,k_AGAACGCGCC,6.546380615234375
CRO,kmer,clf,k_CCATGAATCG,6.543265724182129
CRO,kmer,clf,k_CGAATCTCGC,6.53963623046875
CRO,kmer,clf,k_TAGAGCTACA,6.508147048950195
CRO,kmer,clf,k_CAAGAACTTA,6.4985198974609375
CRO,kmer,reg,k_GAGGTCGTGC,6.49144401550293
CRO,kmer,clf,k_CATTAGCGGA,6.477017211914062
CRO,kmer,clf,k_CATTACTCTA,6.475226593017578
CRO,kmer,clf,k_CTTAAATATA,6.391317749023438
CRO,kmer,reg,k_AATTACGGGA,6.386421203613281
CRO,kmer,clf,k_CTCAAACATA,6.3862231254577635
CRO,kmer,reg,k_CAGTCCAATA,6.354765331745147
CRO,kmer,clf,k_GTGAGGGACA,6.328225708007812
CRO,kmer,clf,k_TATTCCCTCA,6.248902893066407
CRO,kmer,clf,k_CGTACAGTTC,6.2407981872558596
CRO,kmer,clf,k_CATGCTAATG,6.23873291015625
CRO,kmer,clf,k_ATCACATGAT,6.235983848571777
CRO,kmer,reg,k_AGCGCACGAC,6.192678976058961
CRO,kmer,clf,k_CACCGAGCCC,6.178391838073731
CRO,kmer,clf,k_GCGTAAAATA,6.175667953491211
CRO,kmer,reg,k_AGTTTCGTCG,6.1157402992248535
CRO,kmer,clf,k_CTAGCTTCCC,6.113536167144775
CRO,kmer,clf,k_CCTTGTTAAC,6.113092041015625
CRO,kmer,clf,k_ACCTACAGTG,6.042625045776367
CRO,kmer,clf,k_CTGCTATAGC,6.01111068725586
CRO,kmer,reg,k_CGAATCTCGC,6.00704345703125
CRO,kmer,clf,k_TAATAGCGAA,5.963717460632324
CRO,kmer,clf,k_ACTTCGCCTA,5.953904724121093
CRO,kmer,clf,k_ACTCCCCGGA,5.907744407653809
CRO,kmer,clf,k_AGAATCGTCT,5.875302505493164
CRO,kmer,clf,k_ATCTAGAGCC,5.845068740844726
CRO,kmer,clf,k_ACTCTGCCAG,5.838094329833984
CRO,kmer,clf,k_GGTGTAGCTA,5.756037378311158
CRO,kmer,clf,k_CGCTATCTCA,5.699125671386719
CRO,kmer,clf,k_CGGATCAGTA,5.580593299865722
CRO,kmer,reg,k_ACTAGATGTA,5.573268735408783
CRO,kmer,clf,k_CGGATCCTGA,5.527752685546875
CRO,kmer,clf,k_CATACATGTC,5.5171875
CRO,kmer,clf,k_AATCTTGCCT,5.515106153488159
CRO,kmer,clf,k_ACTGACAGTC,5.5067596435546875
CRO,kmer,reg,k_AACCTCGTCA,5.494462585449218
CRO,kmer,clf,k_CGTGTCCAAA,5.481284904479981
CRO,kmer,clf,k_GACACGCACA,5.4737033367156975
CRO,kmer,reg,k_ATGTAAGTCG,5.448121452331542
CRO,kmer,clf,k_CAATTATTCA,5.446948289871216
CRO,kmer,reg,k_AGGTCAGGGG,5.43859481215477
CRO,kmer,clf,k_AATCCGGAAG,5.422005844116211
CRO,kmer,clf,k_CACCCGCTAA,5.420566082000732
CRO,kmer,clf,k_GATATAATGC,5.390643119812012
CRO,kmer,reg,k_ATCGAGAGTG,5.378759384155273
CRO,kmer,clf,k_AAAGTTCCGA,5.375749683380127
CRO,kmer,clf,k_ATTCCGTATA,5.364669513702393
CRO,kmer,reg,k_TGGTGCGAAA,5.350364685058594
CRO,kmer,clf,k_CCCTCCAACA,5.2879335403442385
CRO,kmer,clf,k_ATTAAGGAGC,5.283953857421875
CRO,kmer,reg,k_ACCTTGCCTA,5.280204087495805
CRO,kmer,clf,k_AGGATAGCCG,5.278315639495849
CRO,combined,reg,k_AGGCGGCGAC,312.01832580566406
CRO,combined,clf,k_GCTGCCGATA,265.32804718017576
CRO,combined,reg,k_ATGCATTATG,182.5346633911133
CRO,combined,clf,k_AAGATCGTCT,166.77719116210938
CRO,combined,reg,k_CAGGGTAAGA,137.11820068359376
CRO,combined,clf,k_GGGCTCGACC,135.55420837402346
CRO,combined,reg,k_GAAACGTCCC,108.03673286437989
CRO,combined,reg,k_TATCTGAACA,101.17233123779297
CRO,combined,clf,k_AAATGACCGG,87.02827758789063
CRO,combined,clf,k_ATAATGCATG,81.77547302246094
CRO,combined,clf,k_CAATTTATAC,79.89180908203124
CRO,combined,clf,k_ATCCCACCTA,78.8123764038086
CRO,combined,clf,k_AGACGGGGAC,67.56216430664062
CRO,combined,reg,k_CCACCCAACG,65.2940185546875
CRO,combined,clf,k_AAGCTAAATG,57.91688842773438
CRO,combined,clf,k_AGCCGAATAG,52.47413940429688
CRO,combined,clf,k_AATAGTAGTG,52.11639404296875
CRO,combined,clf,k_CTCGGCGTTC,49.30430603027344
CRO,combined,reg,k_GCATGCATTA,48.77157039642334
CRO,combined,reg,k_AGCCGAATAG,48.68248825073242
CRO,combined,reg,k_TAATTCCGCA,48.58573091030121
CRO,combined,reg,k_CTTACCCTGA,43.73136825561524
CRO,combined,reg,k_ACCGTCGCTA,42.642022705078126
CRO,combined,clf,k_ATGATGTCCC,42.090792942047116
CRO,combined,clf,k_CCATAGATGA,39.54697875976562
CRO,combined,clf,k_AGTAAAGTGA,39.232574462890625
CRO,combined,clf,k_AATACGCCCT,38.848318099975586
CRO,combined,reg,k_ATTCTTTCGG,37.622979736328126
CRO,combined,clf,k_GCCTAAACAA,36.9537109375
CRO,combined,clf,k_CCCAAAAACA,34.55467529296875
CRO,combined,clf,k_ACATTCATGC,32.842263793945314
CRO,combined,reg,k_GCGACCGGAA,32.724667358398435
CRO,combined,clf,k_AGGCGGCGAC,30.5543212890625
CRO,combined,clf,k_CGACCTGTTA,28.74498291015625
CRO,combined,reg,k_CATGCTAATG,27.168072509765626
CRO,combined,reg,k_GGACAGATTA,26.130767822265625
CRO,combined,clf,k_GATATGGCGA,25.39289703369141
CRO,combined,reg,k_ATGGACGTGA,25.330630493164065
CRO,combined,reg,k_CGACTACCCA,24.054275894165038
CRO,combined,clf,k_CTTACCCTGA,23.191265869140626
CRO,combined,reg,k_GCATAACTCC,22.399011993408205
CRO,combined,reg,k_ACGGTCTAGC,22.221040844917297
CRO,combined,clf,k_GCTTGCCGCA,21.57239685058594
CRO,combined,clf,k_GGAGCCTAAA,20.16776123046875
CRO,combined,reg,k_ATACTATTGG,20.131098175048827
CRO,combined,clf,k_ATAACAGCGA,19.935154724121094
CRO,combined,reg,k_GACTAGATCA,19.780338096618653
CRO,combined,reg,k_ATGCACAGGC,19.647563171386718
CRO,combined,clf,k_ACGGCTGGGA,18.413432312011718
CRO,combined,reg,k_TCAGAGGTCA,18.130584716796875
CRO,combined,clf,k_ATATGACCCC,18.121141052246095
CRO,combined,reg,k_AATACGCCCT,17.702493286132814
CRO,combined,clf,k_ACTCCACCTA,16.615803527832032
CRO,combined,reg,k_ATCACTACAC,15.908795166015626
CRO,combined,clf,k_ACGGATCAAC,15.810384368896486
CRO,combined,reg,k_GCCCTCACGC,15.386449813842773
CRO,combined,reg,k_TCGACGAACA,15.366785478591918
CRO,combined,reg,k_TCTCCCGAAA,15.312681484222413
CRO,combined,clf,k_GCCGAAGATA,15.247825622558594
CRO,combined,reg,k_CGTTTTGTAC,15.19154052734375
CRO,combined,reg,k_CGTACAGTTC,14.215007781982422
CRO,combined,reg,k_ATCGTGCGAC,14.163563060760497
CRO,combined,clf,k_TACGCGTATA,13.697004699707032
CRO,combined,clf,k_ATATATATTC,13.593450927734375
CRO,combined,reg,k_GCTATAACTA,13.374872589111327
CRO,combined,clf,k_CGCAGGAAGC,13.216355895996093
CRO,combined,reg,k_CCACAGCACA,13.177255249023437
CRO,combined,clf,k_GTAACTTAGA,13.112786865234375
CRO,combined,clf,k_CGTACAGTTC,13.087699127197265
CRO,combined,clf,k_ACCCTCTTAC,12.940141773223877
CRO,combined,clf,k_CATGGGGGAC,12.650340175628664
CRO,combined,reg,k_CCTGTACATC,12.636976718902588
CRO,combined,clf,k_AGTTAACGCC,12.498353576660156
CRO,combined,clf,k_ATGCATTATG,12.26668872833252
CRO,combined,clf,k_CTCATCGATC,12.141606903076172
CRO,combined,clf,k_AGTCTCAGTA,11.854601764678955
CRO,combined,clf,k_AACAATGGCG,11.747879028320312
CRO,combined,clf,t_serotype_19F,11.724846649169923
CRO,combined,reg,k_ACTACATTAG,11.627526199817657
CRO,combined,reg,k_AACCTCGTCA,11.436417388916016
CRO,combined,clf,k_TAGGGTTCAA,11.367837142944335
CRO,combined,reg,k_CGGCAATTAC,11.098978042602539
CRO,combined,clf,k_CCGGTAGCAG,10.89454345703125
CRO,combined,reg,k_GATCCTAGCC,10.796221923828124
CRO,combined,reg,k_CTCGGGACCC,10.760849380493164
CRO,combined,reg,k_ATAGGCAACG,10.417640686035156
CRO,combined,reg,k_AGGCTAACAG,10.367617797851562
CRO,combined,reg,k_GGAGTGGCCA,10.265208435058593
CRO,combined,clf,k_ACTCTAAAGC,10.223272705078125
CRO,combined,reg,k_GTACTATAAC,10.125164794921876
CRO,combined,clf,k_AGTCTCAACG,10.008287525177002
CRO,combined,reg,k_ATATAGTAAC,9.99865951538086
CRO,combined,clf,k_ATAGGCAACG,9.996099853515625
CRO,combined,clf,k_GACGGATCAA,9.976519012451172
CRO,combined,reg,k_ACAAGAGGAC,9.799445009231567
CRO,combined,clf,k_GGTGTAGCTA,9.705294799804687
CRO,combined,clf,k_AGTGGGACGA,9.703825378417969
CRO,combined,reg,k_AGTTAACGCC,9.62200927734375
CRO,combined,clf,k_GACCTACCTC,9.592704010009765
CRO,combined,clf,k_CGAGCAAACC,9.157133483886719
CRO,combined,reg,k_AGTTATAGCA,9.14841125011444
CRO,combined,clf,k_CCAAATTCAG,8.992463874816895
CRO,combined,clf,k_CCACATTCTC,8.77572021484375
CRO,combined,reg,k_AAACGCCGTC,8.732283115386963
CRO,combined,clf,k_ATAACAAACG,8.726984405517577
CRO,combined,clf,k_AGATGTAACT,8.571657085418702
CRO,combined,reg,k_TCCCATAAGA,8.41114866733551
CRO,combined,reg,k_ACTCGCGTTC,8.128146362304687
CRO,combined,clf,k_CAAGGGCTCG,8.09986572265625
CRO,combined,reg,k_ACTTTAATTC,8.019628906249999
CRO,combined,reg,k_ACAGCCCAGG,7.902921986579894
CRO,combined,clf,k_AGCATTTAAG,7.803341674804687
CRO,combined,clf,k_ATGCACAGGC,7.780974578857422
CRO,combined,reg,k_ACCATTGGAG,7.744911861419677
CRO,combined,clf,k_ACCTACAGTG,7.647038841247559
CRO,combined,clf,k_GCCCGATTCC,7.633075332641601
CRO,combined,reg,k_CCATAGATGA,7.539383506774903
CRO,combined,reg,k_ATTGTAGACC,7.4633209019899365
CRO,combined,clf,k_TACCGCTCTA,7.310983562469483
CRO,combined,reg,k_CAATGCTCCC,7.2366889953613285
CRO,combined,clf,k_ATAGTAGGTA,7.234780883789062
CRO,combined,clf,k_ACAAGTTAGT,7.2318941116333
CRO,combined,clf,k_ACCGCAATCC,7.172418212890625
CRO,combined,reg,k_AAAGCCGACG,7.166029357910157
CRO,combined,clf,k_CGTCAACGAG,7.114807367324829
CRO,combined,reg,k_ATCGTGTATC,7.111165189743042
CRO,combined,clf,k_ACGGCGATCT,7.097023773193359
CRO,combined,reg,k_AAGTACCGCT,7.060079789161683
CRO,combined,reg,k_AATTACGGGA,7.023234558105469
CRO,combined,clf,k_GAGCGAGAAC,6.9989501953125
CRO,combined,clf,k_TATCTGAACA,6.901751708984375
CRO,combined,clf,k_CATTTAGGGA,6.860598754882813
CRO,combined,reg,k_AGGAGCCTTA,6.855002593994141
CRO,combined,clf,k_CAATAACTTA,6.80810546875
CRO,combined,clf,k_CATTACATGA,6.797465896606445
CRO,combined,clf,k_CGGATCAGTA,6.778475475311279
CRO,combined,clf,k_CACGGTGTGC,6.770249938964843
CRO,combined,reg,k_TACCGTTAGA,6.758297729492187
CRO,combined,clf,k_AGCCGAGAGA,6.744900512695312
CRO,combined,clf,k_CATGGTGTTA,6.740577697753906
CRO,combined,clf,k_AAGGGAGGGA,6.714225387573242
CRO,combined,clf,k_GCCATATCAC,6.641989803314209
CRO,combined,clf,k_AATTATACGA,6.629480075836182
CRO,combined,reg,k_GAGAGAACTA,6.589761352539062
CRO,combined,clf,k_AAAGTTCCGA,6.514351558685302
CRO,combined,clf,k_CAAGAACTTA,6.4985198974609375
CRO,combined,reg,k_GGACGATTTA,6.49066960811615
CRO,combined,clf,k_GGACAATGCA,6.474678468704223
CRO,combined,clf,k_ATCCCTTCAC,6.4216968536376955
CRO,combined,reg,t_serotype_19F,6.421534967422485
CRO,combined,reg,k_ACAAACTACC,6.418668365478515
CRO,combined,clf,k_ACAAAGGTAC,6.401730346679687
CRO,combined,clf,k_CCAGTATACC,6.391554641723633
CRO,combined,clf,k_GAAACTGATC,6.388540649414063
CRO,combined,reg,k_GGAAATTACC,6.320324516296386
CRO,combined,clf,k_ATATGCTATG,6.283658123016357
CRO,combined,clf,k_CAGTAGAACA,6.265000915527343
CRO,combined,clf,k_AAAACACGCT,6.242807245254516
CRO,combined,clf,k_AGTTCCGAAA,6.228282451629639
CRO,combined,clf,k_ACTTTAGGCT,6.2226227760314945
CRO,combined,reg,k_ACCAATAGGT,6.147248077392579
CRO,combined,reg,k_CCTCGTCATA,6.133946228027344
CRO,combined,reg,k_CAGTGACACA,6.1280475616455075
CRO,combined,clf,k_CAATTAAGTA,6.093666076660156
CRO,combined,reg,k_TAACCGTATA,6.088836669921875
CRO,combined,clf,k_AAGATCATTG,6.075595092773438
CRO,combined,clf,k_CTCAAACATA,6.01732177734375
CRO,combined,clf,k_GACACATCAA,5.969712829589843
CRO,combined,clf,k_CGGCTCTATC,5.943299627304077
CRO,combined,reg,k_ATAAGATCTA,5.942242288589478
CRO,combined,reg,k_TAACGTCATA,5.9418604373931885
CRO,combined,reg,k_GGGCTCGACC,5.932199096679687
CRO,combined,clf,k_CAATGCTCCC,5.907998657226562
CRO,combined,clf,k_CTCAAAGCTC,5.899222373962402
CRO,combined,clf,k_ACCAATAGGT,5.888800048828125
CRO,combined,clf,k_ACGACAGAAT,5.823824310302735
CRO,combined,reg,k_ACGGTCCTCA,5.681184768676758
CRO,combined,clf,k_ACGACTCTAG,5.6756336212158205
CRO,combined,clf,k_CTCGATCGGA,5.673976135253906
CRO,combined,clf,k_ATTGTCTAAC,5.568349456787109
CRO,combined,clf,k_CGTCATCGTC,5.558891296386719
CRO,combined,clf,k_ATTCTGGTCC,5.552529144287109
CRO,combined,clf,k_AGGGTAGTTG,5.549879646301269
CRO,combined,clf,k_ACAAAGACGA,5.524335813522339
CRO,combined,clf,k_AAGGTAGGCT,5.5062000274658205
CRO,combined,reg,k_GTACCCGTTA,5.4845123291015625
CRO,combined,clf,k_TGTCACCACA,5.481573486328125
CRO,combined,clf,k_ACTAACTAAC,5.476281452178955
CRO,combined,clf,k_ACGTACTAGA,5.472892999649048
CRO,combined,reg,k_ACGCGCCGCG,5.461384582519531
CRO,combined,clf,k_AAAGAGGCCA,5.438058853149414
CRO,combined,clf,k_ACATAACTAC,5.4247581481933596
CRO,combined,reg,k_CAGTCGAATG,5.357730102539063
CRO,combined,reg,k_ATCACAATAG,5.259552001953125
CRO,combined,reg,k_ATCAGTCTAC,5.2067008972167965
CRO,combined,clf,k_GCGACCGGAA,5.181623840332032
CRO,combined,reg,k_CCCGAAAACC,5.114156532287598
CRO,combined,reg,k_CAGACATTGA,5.10737361907959
CRO,combined,clf,k_AACACCTAGT,5.090309524536133
CRO,combined,reg,k_AAACCCCTGA,5.081545066833496
ERY,kmer,reg,k_AGTTTCGTCG,2390.7646850585934
ERY,kmer,reg,k_ATTCCGCTGG,1000.853973388672
ERY,kmer,reg,k_CTCGGGACCC,893.7340209960938
ERY,kmer,reg,k_GCGCTCGGGA,833.6488677978516
ERY,kmer,reg,k_CCGACACAAG,241.3805419921875
ERY,kmer,reg,k_GGGGTCCCGA,181.02894897460936
ERY,kmer,clf,k_CTCGGGACCC,136.4348159790039
ERY,kmer,clf,k_GGGGTCCCGA,60.221386528015145
ERY,kmer,reg,k_CATTACAAAG,54.85845642089844
ERY,kmer,reg,k_AGTAACGTAC,52.26284179687501
ERY,kmer,clf,k_GCGCTCGGGA,50.37721900939942
ERY,kmer,reg,k_ACCTAGTCGC,43.341006469726565
ERY,kmer,clf,k_ATTCCGCTGG,42.96830825805664
ERY,kmer,clf,k_GCGTGCATAA,33.464291381835935
ERY,kmer,reg,k_CTAGCTTCGC,30.012219238281247
ERY,kmer,reg,k_GGGGAACGGA,27.136734008789066
ERY,kmer,clf,k_ACATGATACT,26.46404228210449
ERY,kmer,reg,k_AATTGCTACC,24.57191619873047
ERY,kmer,reg,k_GAGTATGCTA,24.214354991912842
ERY,kmer,reg,k_CTGCTATGTA,23.352462005615237
ERY,kmer,clf,k_AGTTTCGTCG,21.576657676696776
ERY,kmer,reg,k_AATAGCTCTA,21.154005908966067
ERY,kmer,reg,k_CTGAGCGAAC,19.883978271484377
ERY,kmer,reg,k_GACTACATAC,18.85603942871094
ERY,kmer,reg,k_CCTTGGGTCA,18.723101806640624
ERY,kmer,reg,k_CCAATTATTC,18.128912180662155
ERY,kmer,reg,k_GCATTCTATA,17.568119049072266
ERY,kmer,clf,k_GTCGGCATAA,17.446707153320315
ERY,kmer,reg,k_CTCACTGTTA,17.02138671875
ERY,kmer,reg,k_AGCACCAGTG,15.826069748401641
ERY,kmer,reg,k_AATAGGACAG,15.104347229003906
ERY,kmer,reg,k_CTAAACGAGC,14.673703002929688
ERY,kmer,reg,k_GCCGCTAACA,13.902949905395507
ERY,kmer,reg,k_CAAACTGACA,13.328550732135772
ERY,kmer,reg,k_CCGTAATAGA,13.132645606994629
ERY,kmer,reg,k_CTTACATTAA,12.28681640625
ERY,kmer,reg,k_AAGCACCAGT,12.11778894290328
ERY,kmer,reg,k_AACATATTGC,12.021193128079176
ERY,kmer,reg,k_CAGCAAGCAC,11.843732261657715
ERY,kmer,reg,k_ACATGATACT,11.725723123550415
ERY,kmer,reg,k_CGCACCAAGA,11.442015075683592
ERY,kmer,reg,k_GTACCTGCGA,11.386784458160399
ERY,kmer,reg,k_CCTAGATCAA,11.2993408203125
ERY,kmer,reg,k_GCACCAGTGC,11.126334953308106
ERY,kmer,reg,k_AGCTCTAGGG,10.435255599021911
ERY,kmer,reg,k_CGTAGCGAAC,10.366650390625
ERY,kmer,reg,k_AGGGTAGTTG,10.261562664806842
ERY,kmer,reg,k_CGTCAACGCC,9.911397552490236
ERY,kmer,reg,k_AATTTCGGCA,9.812939453125
ERY,kmer,reg,k_AAACCCCATT,9.4896610468626
ERY,kmer,reg,k_GAATTTAGGC,9.23549156188965
ERY,kmer,clf,k_CAGTGACGTA,9.209003448486328
ERY,kmer,reg,k_AGCTCCTCGA,9.208175659179688
ERY,kmer,reg,k_CTGAACATAA,9.1801025390625
ERY,kmer,reg,k_AGCCTACCTC,9.119631958007812
ERY,kmer,reg,k_CAGCTCGAGA,9.0643798828125
ERY,kmer,reg,k_GGACTATTAA,9.028413391113281
ERY,kmer,reg,k_CGTCTATTAG,8.7708740234375
ERY,kmer,reg,k_CAGTCTCTCC,8.624951171875
ERY,kmer,reg,k_GGAGCACCTA,8.19483642578125
ERY,kmer,reg,k_CGTTTTTCAC,8.09319610595703
ERY,kmer,reg,k_CTCAGCAAGC,7.514288711547852
ERY,kmer,reg,k_GGTGCTCCTA,7.23837890625
ERY,kmer,reg,k_AAGTTCTATA,7.195696862041951
ERY,kmer,reg,k_AATTGGCGGT,7.184441217035055
ERY,kmer,reg,k_GGGTAAAGCA,7.133203125
ERY,kmer,reg,k_CGTCCCCTTA,7.093514532595873
ERY,kmer,reg,k_ATGACATGCC,7.088462769985199
ERY,kmer,reg,k_CTAGTATGGA,6.941656494140625
ERY,kmer,reg,k_ATCCCACCTA,6.859370422363281
ERY,kmer,reg,k_CTGTAGCGGC,6.790923309326172
ERY,kmer,reg,k_ACGACCTACA,6.778080168366432
ERY,kmer,reg,k_TGTCCGAACA,6.77421875
ERY,kmer,reg,k_AGCTAATCAG,6.559916687011719
ERY,kmer,reg,k_GAAGGACTCC,6.55033448934555
ERY,kmer,reg,k_ACGGAAAACC,6.497658795118332
ERY,kmer,reg,k_CGGCCTGAAG,6.486894989013672
ERY,kmer,reg,k_CTTAGGAACC,6.368710732460022
ERY,kmer,reg,k_TAACCGACTA,6.2709308624267575
ERY,kmer,reg,k_AGTCAGCTTA,6.169385063648225
ERY,kmer,reg,k_GGTTGTACAA,6.16121826171875
ERY,kmer,reg,k_AAATCTACGA,5.990906620025634
ERY,kmer,reg,k_GATCTTACAA,5.963020133972169
ERY,kmer,reg,k_GTACGTCATA,5.845017166808248
ERY,kmer,reg,k_AGCACCTCCT,5.843725299835205
ERY,kmer,clf,k_CAGCATTATA,5.804506874084472
ERY,kmer,reg,k_AGTTATTCGG,5.738850402832031
ERY,kmer,reg,k_ACAGGATCGG,5.707333374023438
ERY,kmer,reg,k_ATTAGACGGC,5.64093017578125
ERY,kmer,reg,k_CAGAGCGATA,5.603966304659843
ERY,kmer,reg,k_ATGGATCCTC,5.589658737182617
ERY,kmer,reg,k_GCGTTGACGA,5.501440511643887
ERY,kmer,reg,k_AGCCGCTAAC,5.465163442492485
ERY,kmer,reg,k_CATGACAGGC,5.3806884765625
ERY,kmer,reg,k_AGTGTTCGTC,5.372984600067139
ERY,kmer,reg,k_GTGTTCTACA,5.341950988769531
ERY,kmer,clf,k_ACGCCAAAGT,5.305943536758424
ERY,kmer,reg,k_CACACAAGAG,5.2309120178222654
ERY,kmer,reg,k_CTCAAGCCAC,5.194554805755615
ERY,kmer,reg,k_ATGAGCCTGC,5.105553507804871
ERY,kmer,clf,k_ACTATAGCCT,5.00426549911499
ERY,kmer,reg,k_GAGGCCATGC,4.994472503662109
ERY,kmer,reg,k_AGAAGATCGC,4.970092523097992
ERY,kmer,reg,k_CACAAAAGGC,4.9348388671875
ERY,kmer,reg,k_CAACCAGCGC,4.904736328125
ERY,kmer,reg,k_CGACACTGAA,4.8824913024902346
ERY,kmer,reg,k_AGCAAGCACC,4.865106874704361
ERY,kmer,reg,k_GGTAGTTGAA,4.758243127167225
ERY,kmer,reg,k_CCCCGTAGGC,4.73736686706543
ERY,kmer,reg,k_TATGGCGACA,4.728593474626541
ERY,kmer,reg,k_AGTCTCAACG,4.720762634277344
ERY,kmer,reg,k_AGGTATGTTA,4.7171180725097654
ERY,kmer,reg,k_AAACTCTAAG,4.708226585388184
ERY,kmer,reg,k_AGGGTCTACA,4.507738494873047
ERY,kmer,reg,k_AGATGGAGCC,4.481478118896485
ERY,kmer,clf,k_GAATTTAGGC,4.478727531433105
ERY,kmer,reg,k_ACAGAACAGT,4.456292724609375
ERY,kmer,reg,k_ACGGAAGTAC,4.446839612722397
ERY,kmer,clf,k_CATTACAAAG,4.425537848472596
ERY,kmer,reg,k_CCTCCAGTCC,4.400829935073852
ERY,kmer,reg,k_ACTGATTGCG,4.3721923828125
ERY,kmer,reg,k_CCTCCCCAGC,4.333723449707032
ERY,kmer,reg,k_AATTCTCGGA,4.3154857635498045
ERY,kmer,reg,k_AAATGTACCC,4.262190246582032
ERY,kmer,reg,k_CTCTAATGGA,4.241455078125
ERY,kmer,reg,k_GCTCCTCGAC,4.180566024780274
ERY,kmer,reg,k_ACAGATACCC,4.13715090751648
ERY,kmer,reg,k_AACAGAGGGT,4.136659812927246
ERY,kmer,reg,k_GTAGTAGAAC,4.1238258361816404
ERY,kmer,reg,k_CCCTAGAGCA,4.09228515625
ERY,kmer,reg,k_ACACAAGAGT,4.06293683052063
ERY,kmer,reg,k_GCTGCTTACA,3.9521687492728232
ERY,kmer,reg,k_ACAGGCCTTA,3.94561882019043
ERY,kmer,reg,k_ATCAATGCCG,3.9277618408203123
ERY,kmer,reg,k_CGTAATACCA,3.923230797052384
ERY,kmer,reg,k_ATTACGCTGA,3.9133056640625
ERY,kmer,reg,k_CGAAGCTGTA,3.86915283203125
ERY,kmer,reg,k_CACTAACGGA,3.834490966796875
ERY,kmer,reg,k_ACCTAACTCC,3.820516595989466
ERY,kmer,reg,k_ACTGAACTTA,3.820404052734375
ERY,kmer,reg,k_AACCACGCGT,3.811786651611328
ERY,kmer,reg,k_GACTATATAC,3.79306640625
ERY,kmer,reg,k_AAAATGTCGG,3.7880366683006286
ERY,kmer,reg,k_ATGCCATAAC,3.775132751464844
ERY,kmer,reg,k_GCAAAAGTCA,3.7198638916015625
ERY,kmer,reg,k_CCCGTTAAAC,3.686014747619629
ERY,kmer,reg,k_AACAATTAGT,3.6615459442138674
ERY,kmer,reg,k_ATCGGATAAG,3.642131394147873
ERY,kmer,reg,k_ACGTCATACC,3.6390586853027345
ERY,kmer,reg,k_CCGAGATCAC,3.6214832305908202
ERY,kmer,reg,k_GAAGACAGAC,3.61614990234375
ERY,kmer,reg,k_AATGTAGGGC,3.6137847900390625
ERY,kmer,reg,k_CGTGGCATAA,3.5510822057724
ERY,kmer,reg,k_CTATGTTTGA,3.5498241424560546
ERY,kmer,reg,k_ATGTAGTTAC,3.4995101928710937
ERY,kmer,reg,k_ACCCTATTCA,3.4918440163135527
ERY,kmer,reg,k_GCGATCAGAA,3.4797325134277344
ERY,kmer,reg,k_CCGTACTCAC,3.458551025390625
ERY,kmer,reg,k_TAGCGAACTA,3.4154818534851077
ERY,kmer,reg,k_GCCTACCTTA,3.386548614501953
ERY,kmer,reg,k_AAGCTTAGCT,3.32929048538208
ERY,kmer,reg,k_ATCACATGAT,3.322802591323853
ERY,kmer,reg,k_AGCTACTGAC,3.3107765197753904
ERY,kmer,reg,k_ATAGGTTTAC,3.2622314453125
ERY,kmer,reg,k_GCATCATGCC,3.2338890075683597
ERY,kmer,reg,k_AAGCTCGAGA,3.2002364397048946
ERY,kmer,reg,k_AATAGCGAGT,3.1602783203125
ERY,kmer,reg,k_GAATCAGTCC,3.1061497926712036
ERY,kmer,reg,k_ATTCTAGATA,3.1003868103027346
ERY,kmer,clf,k_GAGTATGCTA,3.091341161727905
ERY,kmer,reg,k_AAGCTAAGGC,3.0692094206809997
ERY,kmer,reg,k_ACGACGCCCC,3.049843607842922
ERY,kmer,reg,k_GGGTAATTAC,3.0468204259872436
ERY,kmer,reg,k_GCTATTCGCA,3.015700300782919
ERY,kmer,reg,k_AGCAACTTAA,3.002326143160462
ERY,kmer,reg,k_ACGATGCAAA,2.9203125
ERY,kmer,reg,k_AGAATTAATG,2.9194834277033803
ERY,kmer,reg,k_GAGCGACACA,2.91888427734375
ERY,kmer,reg,k_ACGGTCGACC,2.916499710083008
ERY,kmer,reg,k_ATTCTAACGC,2.9124074906110766
ERY,kmer,reg,k_ATTCCACATA,2.906640625
ERY,kmer,clf,k_GCGTACTGCA,2.8573432922363278
ERY,kmer,clf,k_ACATATTAGG,2.85733585357666
ERY,kmer,reg,k_CTACTTAGAA,2.810537549853325
ERY,kmer,reg,k_AATGTCACAC,2.79862060546875
ERY,kmer,reg,k_AACCCTAACA,2.7855648607015606
ERY,kmer,reg,k_GGCCAGCACC,2.7373876571655273
ERY,kmer,clf,k_GGCGAAGACA,2.7292818069458007
ERY,kmer,reg,k_AAACAGTAGC,2.6983864545822143
ERY,kmer,reg,k_AAGGATTCTG,2.696571207046509
ERY,kmer,clf,k_CCCGTTTGAA,2.6926018714904787
ERY,kmer,reg,k_ACAGTCCGGG,2.6925628662109373
ERY,kmer,reg,k_ATTCGGTAGC,2.6693878173828125
ERY,kmer,reg,k_ATCGAGAGTG,2.666253685951233
ERY,kmer,reg,k_ACCATGAGCC,2.6555004835128786
ERY,kmer,reg,k_AACCCCCAAT,2.640940010547638
ERY,kmer,reg,k_AATGACTGAG,2.631869845092296
ERY,kmer,reg,k_ACTCTCAACG,2.6059944152832033
ERY,kmer,reg,k_ACGATCTGTC,2.5929307997226716
ERY,kmer,reg,k_AGAGCTCTAA,2.5801143646240234
ERY,combined,reg,k_AGTTTCGTCG,1145.7699401855468
ERY,combined,reg,k_CTCGGGACCC,956.9786804199218
ERY,combined,reg,k_CGACACTGAA,918.753515625
ERY,combined,reg,k_GGGGTCCCGA,826.8168762207031
ERY,combined,reg,k_ATTCCGCTGG,694.6926818847656
ERY,combined,reg,k_GCGCTCGGGA,636.1247253417968
ERY,combined,reg,k_CCGACACAAG,489.390185546875
ERY,combined,clf,k_GGGGTCCCGA,148.80573730468748
ERY,combined,clf,k_CTCGGGACCC,123.23446655273436
ERY,combined,clf,k_ATTCCGCTGG,72.30421361923217
ERY,combined,reg,k_GGGGAACGGA,62.66910972595215
ERY,combined,clf,k_GCGCTCGGGA,55.81430015563964
ERY,combined,reg,k_AAGTTAGGTG,54.5955078125
ERY,combined,clf,k_AGTTTCGTCG,48.28536586761474
ERY,combined,reg,k_GCATTCTATA,45.04178390502929
ERY,combined,reg,k_CATTACAAAG,40.54840059280396
ERY,combined,reg,k_AATTGCTACC,39.095523071289065
ERY,combined,reg,k_AATTCGGCAG,35.85313186645508
ERY,combined,reg,k_CTAAACGAGC,35.52184906005859
ERY,combined,reg,k_CCACCATACA,35.102294921875
ERY,combined,clf,k_GCGTGCATAA,33.81852722167969
ERY,combined,reg,k_AGCACCAGTG,29.742754662036894
ERY,combined,reg,k_CTCTACCCTA,29.31162109375
ERY,combined,reg,k_AATATAACGT,26.310302734375
ERY,combined,clf,k_ACATGATACT,25.071361160278318
ERY,combined,reg,k_ACGACCTACA,22.832325553894044
ERY,combined,reg,k_ACCTAGTCGC,21.89953851699829
ERY,combined,reg,k_ACAGAACAGT,19.74020233154297
ERY,combined,reg,k_CTAAGACCAC,18.6925537109375
ERY,combined,reg,k_GTACGTCATA,17.961130142211914
ERY,combined,reg,k_AGCTAATCAG,17.95163412094116
ERY,combined,reg,k_AGTAACGTAC,17.93764762878418
ERY,combined,reg,k_GCACCAGTGC,16.525537109375
ERY,combined,reg,k_GAATTTAGGC,15.917368459701537
ERY,combined,reg,k_AATAGGACAG,15.659401893615723
ERY,combined,reg,k_GAGGCCATGC,15.509329986572267
ERY,combined,reg,k_GCCGCTAACA,15.166308879852295
ERY,combined,reg,k_CCGTAATAGA,15.103130722045899
ERY,combined,reg,k_AACTTCCGAA,14.114084953069685
ERY,combined,reg,k_CTTACATTAA,13.6109375
ERY,combined,reg,k_CTGTAGCGGC,13.04640007019043
ERY,combined,reg,k_ATGAGCCTGC,12.95867986679077
ERY,combined,clf,k_CAGTGACGTA,12.789676666259766
ERY,combined,reg,k_TGTCCGAACA,12.7482666015625
ERY,combined,reg,k_ATCACTTAGA,12.629992675781251
ERY,combined,reg,k_CGTTTTTCAC,12.32044677734375
ERY,combined,reg,k_GACACCTCTC,12.068951416015624
ERY,combined,reg,k_CTGCTATGTA,11.872283935546875
ERY,combined,reg,k_CTGATCTACC,11.735595703125
ERY,combined,reg,k_CGGCCTGAAG,11.449417448043823
ERY,combined,reg,k_GGCCTGGTAC,11.220986938476562
ERY,combined,reg,k_GTACCTGCGA,11.177579307556153
ERY,combined,reg,k_CATGTATGTA,10.8020751953125
ERY,combined,clf,k_GTCGGCATAA,10.704542922973634
ERY,combined,reg,k_AAGCACCAGT,10.566438484191895
ERY,combined,reg,k_CAGTGACGTA,10.407682609558105
ERY,combined,reg,k_ATATATAGAC,10.105167818069459
ERY,combined,reg,k_GCTCCAATCC,10.0912841796875
ERY,combined,reg,k_ACAGGATCGG,10.0630859375
ERY,combined,reg,k_CAAAGTTCCG,10.060444688796997
ERY,combined,reg,k_CTCACTCAAC,9.954930114746094
ERY,combined,reg,k_AGCTCTAGGG,9.954635429382325
ERY,combined,reg,k_AATGTCACAC,9.889344064891338
ERY,combined,reg,k_ATGCTCGACG,9.8101318359375
ERY,combined,reg,k_AAACATAGCT,9.79105860888958
ERY,combined,reg,k_GTGTTCTACA,9.64505615234375
ERY,combined,reg,k_ACCTCATATA,9.57313232421875
ERY,combined,reg,k_TACCACTTAA,9.38035888671875
ERY,combined,reg,k_AACTGCCACT,9.239760398864746
ERY,combined,reg,k_ATAGATAGTG,8.97017822265625
ERY,combined,reg,k_CAAACTGACA,8.951061415672301
ERY,combined,reg,k_ATCCTTGGGG,8.727667236328125
ERY,combined,reg,k_GCATAAGTTA,8.675457763671876
ERY,combined,reg,k_TAAATGCACA,8.58400330543518
ERY,combined,reg,k_TAGCGAACTA,8.550668025016785
ERY,combined,reg,k_GGACACAAAA,8.496337890625
ERY,combined,reg,k_ACAGGCCTTA,8.42195053100586
ERY,combined,reg,k_CACCCGTTAG,8.391874694824219
ERY,combined,reg,k_GCCCATACGA,8.321082186698913
ERY,combined,reg,k_AAATCCGTAG,8.285646533966066
ERY,combined,reg,k_ACTAATAACG,8.165153169631958
ERY,combined,reg,k_ATTAGGCTCA,8.154651641845703
ERY,combined,reg,k_CGAGAAAGGA,8.04267406463623
ERY,combined,reg,k_GCGTTGACGA,7.84492962360382
ERY,combined,reg,k_GGGTAGTTGA,7.815726852416992
ERY,combined,reg,k_GCTATTCGCA,7.7665451049804695
ERY,combined,reg,k_CACTATGCGC,7.758558464050292
ERY,combined,reg,k_AGAGCGAGTC,7.7583984375
ERY,combined,reg,k_ACGCCAAAGT,7.690950454771519
ERY,combined,reg,k_GGTTGTACAA,7.6521240234375
ERY,combined,reg,k_CTGTTGGTGC,7.620549583435058
ERY,combined,reg,k_CCCCGTAGGC,7.606200408935547
ERY,combined,reg,k_TAAACCCCAA,7.54981689453125
ERY,combined,reg,k_AGCACCTCCT,7.521254348754883
ERY,combined,reg,k_CTGGTACGCC,7.395797562599183
ERY,combined,reg,k_AGCCGCTAAC,7.305808496475219
ERY,combined,reg,k_ATCCCACCTA,7.215055847167969
ERY,combined,reg,k_AAATGTGAGA,7.196378135681152
ERY,combined,reg,k_AGAAAGGTAC,7.17464599609375
ERY,combined,reg,k_AATTTCGGCA,7.012032609432935
ERY,combined,reg,k_AGCGCACCAT,6.904701995849609
ERY,combined,reg,k_GTCCCCAATA,6.8160089492797855
ERY,combined,clf,k_AATTGCTACC,6.810153293609618
ERY,combined,reg,k_AATAGCGAGT,6.745042419433593
ERY,combined,reg,k_GACTACATAC,6.694146728515625
ERY,combined,reg,k_AGCTTAAAAC,6.642186498641967
ERY,combined,reg,k_AGGCCAGACT,6.633744812011718
ERY,combined,reg,k_ATCGGATAAG,6.468060570955277
ERY,combined,reg,k_ATTCAGAGCG,6.439082860946656
ERY,combined,reg,k_ACGCATAACG,6.412408828735352
ERY,combined,reg,k_ACCTAACTTG,6.4079833984375
ERY,combined,reg,k_ACAAGTGCAT,6.4052306652069095
ERY,combined,reg,k_AAAGGGCTTA,6.346630477905274
ERY,combined,reg,k_CATATAAACG,6.324810409545899
ERY,combined,reg,k_ACAGTTCAGA,6.316901016235351
ERY,combined,reg,k_AAATTAGTGT,6.281312596797943
ERY,combined,reg,k_AGGGTAGTTG,6.275205039978028
ERY,combined,reg,k_ATTAAGGAGC,6.2170452117919925
ERY,combined,reg,k_ACTCCAGTAA,6.186043548583984
ERY,combined,reg,k_TCATTCTAGA,6.111846923828125
ERY,combined,reg,k_ACTATCCCTC,6.073750209808349
ERY,combined,reg,k_CTCAAGCCGC,6.022799301147461
ERY,combined,reg,k_GTTACATCTA,5.922923944890499
ERY,combined,reg,k_CGGAAGTACA,5.840531155467033
ERY,combined,reg,k_AGGGTAACAG,5.819380903244019
ERY,combined,reg,k_AGTTCCGAGC,5.796793985366821
ERY,combined,reg,k_AATGTTTCAG,5.742877197265625
ERY,combined,reg,k_GATCTTACAA,5.72992343902588
ERY,combined,reg,k_CCTGAAGCTA,5.688766455650329
ERY,combined,reg,k_GCAATCCTGC,5.557102203369141
ERY,combined,reg,k_CTAGAACGTC,5.523485589027405
ERY,combined,reg,k_AATTCTAGAC,5.42919921875
ERY,combined,reg,k_ACAGATACCC,5.3941913604736325
ERY,combined,reg,k_CAACATGTTG,5.3937530517578125
ERY,combined,reg,k_AGGCTAACAG,5.386053466796875
ERY,combined,reg,k_ATACATAGAT,5.324266052246093
ERY,combined,reg,k_CTCAGCAAGC,5.315724048018455
ERY,combined,reg,k_CCATGCTTCA,5.171075057983399
ERY,combined,reg,k_ACCCGAAAAC,5.162947082519532
ERY,combined,reg,k_TACGTTATAA,5.155948257446289
ERY,combined,reg,k_AAGAGCCGAA,5.151838374137878
ERY,combined,reg,k_CGCTATCTAA,5.142835402488708
ERY,combined,reg,k_CTCTTAGGTC,5.115106201171875
ERY,combined,reg,k_TACTGCCGAA,5.059888505935669
ERY,combined,reg,k_AGGTGCTTGC,4.9454833984375
ERY,combined,reg,k_ATATGCTATG,4.934384822845459
ERY,combined,reg,k_AGATCCATAT,4.915549087524415
ERY,combined,reg,k_ACAGCGGCCT,4.8917724609375
ERY,combined,reg,k_ACCGCAGCCG,4.874254202842712
ERY,combined,reg,k_CAAATATAGA,4.821800601482391
ERY,combined,reg,k_AATTAACAGG,4.808660888671875
ERY,combined,reg,k_AGCTGAGAGG,4.7953877449035645
ERY,combined,reg,k_CAACATTCTG,4.766431045532227
ERY,combined,reg,k_AGTGGCGATG,4.752044677734375
ERY,combined,reg,k_GGCTGACGCA,4.7481201171875
ERY,combined,reg,k_CGGCAATTGC,4.680126953125
ERY,combined,reg,k_GTCCTTCCCA,4.66551513671875
ERY,combined,reg,k_CTTATGGGAC,4.652703511714934
ERY,combined,reg,k_CGCACCAAGA,4.6245431184768675
ERY,combined,clf,k_GAATTTAGGC,4.617242813110352
ERY,combined,reg,k_CCGCCCATGC,4.602480697631836
ERY,combined,reg,k_CTACGACGCC,4.570188522338867
ERY,combined,reg,k_CTTGCATTTA,4.531930923461914
ERY,combined,reg,k_AATTATACGA,4.531647098064423
ERY,combined,reg,k_GGCTTTGCTA,4.52215576171875
ERY,combined,reg,k_GAGCGACACA,4.43138427734375
ERY,combined,reg,k_AGCTCCTCGA,4.385930442810059
ERY,combined,reg,k_ATGGGATTAG,4.384077048301697
ERY,combined,reg,k_AAAGGGGCTC,4.373099020123481
ERY,combined,reg,k_CAAGCACCAG,4.352107238769531
ERY,combined,reg,k_AATGCTGCGT,4.324404525756836
ERY,combined,reg,k_CAGCAAGCAC,4.307851362228393
ERY,combined,reg,k_GACGGTAAGA,4.29847412109375
ERY,combined,reg,k_AATCGCCCTA,4.293432140350341
ERY,combined,reg,k_AACCTCTGGT,4.253563022613526
ERY,combined,reg,k_ACGACGCCCC,4.215372848510742
ERY,combined,reg,k_CTGCGGTTTA,4.199030351638794
ERY,combined,reg,k_CCCAGTTGGA,4.178872680664062
ERY,combined,clf,k_ACGCCAAAGT,4.0558089256286625
ERY,combined,reg,k_ATGAGTTACA,4.0436859130859375
ERY,combined,reg,k_ATAACTCTTA,4.024170023202896
ERY,combined,reg,k_ATTAGTCCAA,4.018125534057617
ERY,combined,reg,k_AAACTCTAAG,4.009265422821045
ERY,combined,reg,k_AAGTATCACA,3.976239013671875
ERY,combined,reg,k_GCCCCGATGA,3.96846923828125
ERY,combined,reg,k_GCTGGTCTAA,3.965213584899902
ERY,combined,reg,k_AAGTCGCGAG,3.957864761352539
ERY,combined,reg,k_ATCCATCGTA,3.8525785177946092
ERY,combined,reg,k_AAAGAGCCGA,3.8260444901883606
ERY,combined,reg,k_AGTCCGCAAC,3.823028087615967
ERY,combined,reg,k_CAGACTTAGC,3.811949920654297
ERY,combined,reg,k_AATCGAGAAC,3.79813551902771
ERY,combined,clf,k_GAGTATGCTA,3.783343267440796
ERY,combined,reg,k_GGATCACACA,3.781424808502197
ERY,combined,reg,k_CTGGTGCCGA,3.769308853149414
ERY,combined,reg,k_AGGGATAAGG,3.7673057556152343
ERY,combined,reg,k_AAATCGGGCG,3.7525146484375
ERY,combined,reg,k_GCAACCATAA,3.7405567169189453
ERY,combined,reg,k_ACAACGAATG,3.7388000011444094
ERY,combined,reg,k_GGAGCACCTA,3.72642822265625
CLI,kmer,reg,k_GCGCTCGGGA,1827.0553466796875
CLI,kmer,reg,k_CTCGGGACCC,1463.4679687499997
CLI,kmer,reg,k_AGTTTCGTCG,1392.4347351074218
CLI,kmer,reg,k_GGGGTCCCGA,409.312158203125
CLI,kmer,reg,k_ATTCCGCTGG,211.24808807373046
CLI,kmer,clf,k_CTCGGGACCC,137.87103881835938
CLI,kmer,clf,k_GGGGTCCCGA,90.64287109375
CLI,kmer,reg,k_CTAAACGAGC,74.56804046630859
CLI,kmer,clf,k_AGTTTCGTCG,56.063427734375
CLI,kmer,clf,k_GCGCTCGGGA,48.70619049072266
CLI,kmer,reg,k_AATATTATGC,40.09022521972656
CLI,kmer,reg,k_CAGTGACGTA,38.34122009277344
CLI,kmer,reg,k_ATCGGATAAG,37.51345920562744
CLI,kmer,reg,k_AATAGCGAGT,35.224658203125
CLI,kmer,reg,k_GTGATGCAAC,30.586767578125
CLI,kmer,reg,k_TCATTCTAGA,29.9352424621582
CLI,kmer,reg,k_GAATTAGCGC,29.632872009277342
CLI,kmer,reg,k_CTAATCGCAG,27.675509548187257
CLI,kmer,reg,k_AACTGCCACT,25.004049205780028
CLI,kmer,reg,k_AGATTGCGCC,24.4584716796875
CLI,kmer,reg,k_CCGCAGGAAG,23.94287109375
CLI,kmer,clf,k_ATTCCGCTGG,22.535746288299563
CLI,kmer,reg,k_ATATAAGGGC,22.28596649169922
CLI,kmer,reg,k_GTGTTCTACA,21.995005798339843
CLI,kmer,reg,k_TAGCCCCTGA,21.933682250976563
CLI,kmer,reg,k_ACCTAGTCGC,21.6404052734375
CLI,kmer,reg,k_CTAGCCACTA,21.440349465608595
CLI,kmer,reg,k_CCGACACAAG,21.22669906616211
CLI,kmer,reg,k_AGCTCTAGGG,20.98292427062988
CLI,kmer,reg,k_AATGGTGCTA,20.3266648337245
CLI,kmer,reg,k_CGTAGCGAAC,19.802978515625
CLI,kmer,reg,k_ACATCGCAAT,19.615673828125
CLI,kmer,reg,k_AAGTGTGAGA,19.520399767160413
CLI,kmer,reg,k_AGATCCATCG,19.408550280332566
CLI,kmer,reg,k_ATCACTACAC,19.1753662109375
CLI,kmer,clf,k_CCGACACAAG,19.147994232177737
CLI,kmer,reg,k_AAAAGTCACG,18.97875204309821
CLI,kmer,reg,k_AGTGGCGATG,18.849265003204344
CLI,kmer,reg,k_ATACATGTCC,18.61415195465088
CLI,kmer,reg,k_ACCACAGCAC,18.19439239501953
CLI,kmer,reg,k_GATCCGTCCC,17.98783712387085
CLI,kmer,reg,k_GCACTTATAA,17.844187438488007
CLI,kmer,reg,k_CGCAACAGAA,17.7903076171875
CLI,kmer,reg,k_AAGCGACAAT,17.68719298839569
CLI,kmer,reg,k_CATAGGGGGG,17.30904541015625
CLI,kmer,reg,k_AAACCGCGAC,16.31119842529297
CLI,kmer,clf,k_CTAAACGAGC,16.214625740051268
CLI,kmer,reg,k_TAAATGCACA,15.695321655273437
CLI,kmer,reg,k_ATGCTGAAGC,15.528012812137604
CLI,kmer,reg,k_AAAGAGCCGA,15.385488972067833
CLI,kmer,reg,k_AGTCGCTTAG,15.085995388031005
CLI,kmer,reg,k_GGTTGTACAA,14.99673843383789
CLI,kmer,reg,k_AAGCACCAGT,14.754840359091759
CLI,kmer,reg,k_CTATGTTTGA,14.56519775390625
CLI,kmer,reg,k_ACTAGCGCTA,14.466374826431275
CLI,kmer,reg,k_CGGAAACGTA,14.459564208984375
CLI,kmer,reg,k_CAGCCCCTAG,14.325216007232667
CLI,kmer,reg,k_CAGTTGACAG,14.060606288909911
CLI,kmer,reg,k_AAGGTAGACT,14.013671875
CLI,kmer,reg,k_AAACATCAAC,13.932693433761596
CLI,kmer,reg,k_AACATACAAA,13.9298828125
CLI,kmer,reg,k_CTTCCCGAAC,13.745044612884522
CLI,kmer,reg,k_GACTACATAC,13.642090225219727
CLI,kmer,reg,k_AGCACCAGTG,13.393515586853027
CLI,kmer,reg,k_GATAGTGTGA,12.9829345703125
CLI,kmer,reg,k_GTCGGATAGA,12.8950439453125
CLI,kmer,reg,k_ATAGCGTCAC,12.7935302734375
CLI,kmer,reg,k_CTAGCTTCCC,12.536253878474234
CLI,kmer,reg,k_CGGGAATGGA,12.454606628417968
CLI,kmer,reg,k_CTTAAAGCAC,12.374409294128418
CLI,kmer,reg,k_AGAATAGATC,12.072876048088073
CLI,kmer,reg,k_CCAGGGTGGG,11.7212890625
CLI,kmer,reg,k_CAGCTTCAGC,11.614782333374023
CLI,kmer,reg,k_GCATCATGCC,11.461849975585938
CLI,kmer,reg,k_AGCCTAACCA,11.429931640625
CLI,kmer,reg,k_ATGGGGCATC,11.424919891357423
CLI,kmer,reg,k_CTCCGTTGGC,11.332418823242188
CLI,kmer,reg,k_ACAGGATCGG,11.133618354797363
CLI,kmer,reg,k_GTGATTCTAA,11.060058212280273
CLI,kmer,reg,k_ACACATAAGC,10.97139892578125
CLI,kmer,reg,k_GCCGCTAACA,10.953518104553222
CLI,kmer,reg,k_AGCGTCTACG,10.803572940826417
CLI,kmer,reg,k_CGCGGATTAA,10.53469467163086
CLI,kmer,reg,k_CGAGCAAACG,10.303779697418213
CLI,kmer,reg,k_AGCCGCTAAC,10.266140508651732
CLI,kmer,reg,k_CCGGTCGCAG,10.057006072998046
CLI,kmer,reg,k_AGACTCGTCG,9.827883815765382
CLI,kmer,reg,k_ACGTGCTTGC,9.664372825622559
CLI,kmer,reg,k_GAGTGGTTAA,9.562060546875
CLI,kmer,reg,k_CCGCTCTGTA,9.383639526367187
CLI,kmer,reg,k_ACCTATTCAG,9.361396789550781
CLI,kmer,reg,k_AAGTAGGGCG,9.338291233778
CLI,kmer,reg,k_ATGTAATAGA,9.078560638427735
CLI,kmer,reg,k_GATACCTGAA,9.005218505859375
CLI,kmer,reg,k_ACGTTGTCTG,8.969519400596619
CLI,kmer,reg,k_AAGCTAAATG,8.92632598876953
CLI,kmer,reg,k_AAAGCATAAC,8.919065093994142
CLI,kmer,reg,k_AAGGGATCTC,8.727838516235352
CLI,kmer,reg,k_AGTAGGTCCA,8.525004785880446
CLI,kmer,reg,k_AACGTCATAC,8.484883975982665
CLI,kmer,reg,k_AACGAAAGGG,8.480508422851562
CLI,kmer,reg,k_GTAACACCAC,8.459795463085175
CLI,kmer,reg,k_TCGTTATACA,8.403539136052132
CLI,kmer,reg,k_CAGCTTAAAA,8.397952124476433
CLI,kmer,reg,k_CGTCAGGACC,8.307657623291016
CLI,kmer,reg,k_AGAAGATCGC,8.3061279296875
CLI,kmer,reg,k_GATACACACA,8.298477263748644
CLI,kmer,reg,k_GCGCAAGTAC,8.110918030142784
CLI,kmer,reg,k_ACCAACCGCC,7.827041721343995
CLI,kmer,reg,k_ATAGCGTAAC,7.7614379823207855
CLI,kmer,reg,k_GAGGTGGCAA,7.676373434066773
CLI,kmer,reg,k_GGCCTCCCAA,7.663066101074219
CLI,kmer,reg,k_CATACAATGC,7.633786010742187
CLI,kmer,reg,k_ACGTTTATCG,7.58924560546875
CLI,kmer,reg,k_CTCCGGCTCC,7.523370361328125
CLI,kmer,reg,k_ATGTCGCGTC,7.46502685546875
CLI,kmer,reg,k_ATCCGTCAGG,7.458169555664062
CLI,kmer,reg,k_ACTGCGACCT,7.433306884765625
CLI,kmer,reg,k_AGCAAGCACC,7.370277214050293
CLI,kmer,reg,k_CGGGCATTGA,7.3376220703125
CLI,kmer,reg,k_CTAGTTGTTA,7.322564697265625
CLI,kmer,reg,k_AAGTAAGGCC,7.233592987060547
CLI,kmer,reg,k_ACGACGCCCC,7.22496545612812
CLI,kmer,reg,k_ATATGTCCGG,7.22331839799881
CLI,kmer,reg,k_GACAGGATAA,7.207524108886719
CLI,kmer,reg,k_AGACAGCGCC,7.164182281494141
CLI,kmer,reg,k_AAACCCTCGG,7.15543212890625
CLI,kmer,clf,k_ATCGGATAAG,7.017762327194214
CLI,kmer,reg,k_AAATTTAGGC,6.968752384185791
CLI,kmer,reg,k_CGTTCATGTC,6.843477725982666
CLI,kmer,reg,k_TCGCACCTCA,6.831747436523438
CLI,kmer,reg,k_AACTCAGAGA,6.8242803573608395
CLI,kmer,reg,k_GTACTTAGTA,6.817223048210144
CLI,kmer,reg,k_ATGAGCACTA,6.742076873779297
CLI,kmer,reg,k_AACGCTCTCT,6.680979633331299
CLI,kmer,reg,k_CCTGTTAGTA,6.662156677246093
CLI,kmer,reg,k_CAAGCACGTC,6.603572463989258
CLI,kmer,reg,k_CTGGTATACC,6.514434921741486
CLI,kmer,reg,k_AAAAGCGATC,6.484612040221691
CLI,kmer,reg,k_GGGGCCTCAA,6.344460296630859
CLI,kmer,reg,k_GCGTTGACGA,6.340160775184631
CLI,kmer,reg,k_GAGAGAGAGA,6.30771517008543
CLI,kmer,reg,k_CTCAACTAGA,6.279970455169678
CLI,kmer,reg,k_AACTTACAGC,6.275884623033926
CLI,kmer,reg,k_CATTGGGTGA,6.266536521911622
CLI,kmer,reg,k_ACAGCGTCAA,6.227796936035157
CLI,kmer,reg,k_AAGCACGTCA,6.214069151878357
CLI,kmer,reg,k_CTATGTTCAC,6.1051025390625
CLI,kmer,reg,k_ATATACCCCA,6.051643657684326
CLI,kmer,reg,k_ACTTGCGCCA,6.023433184623718
CLI,kmer,reg,k_AAACGCTAAT,5.9851603820919985
CLI,kmer,clf,k_CAGTGACGTA,5.974802017211914
CLI,kmer,reg,k_CACCCATTGG,5.970206029713154
CLI,kmer,reg,k_AGTCCGAACC,5.834452843666076
CLI,kmer,reg,k_ATGAGCCTGC,5.822009691596031
CLI,kmer,reg,k_ATCCAGAATC,5.770576938986778
CLI,kmer,reg,k_AGGGGGCGAA,5.684568405151367
CLI,kmer,reg,k_CCATAAACCG,5.558057403564453
CLI,kmer,reg,k_ACACCCATTG,5.557604199647903
CLI,kmer,reg,k_AACCCCCCCA,5.553579902648925
CLI,kmer,reg,k_GGCCTGGTAC,5.491892242431641
CLI,kmer,reg,k_TAGGTTGAAA,5.4452239036560055
CLI,kmer,reg,k_ACGTCAGCAA,5.38583196401596
CLI,kmer,reg,k_TAGGTATACA,5.34990234375
CLI,kmer,reg,k_CTAAGCTCGA,5.297508239746094
CLI,kmer,reg,k_ACGGTCTCCC,5.286336755752563
CLI,kmer,reg,k_AACGGTCGAT,5.271414184570313
CLI,kmer,reg,k_AATTACTCCG,5.17608871459961
CLI,kmer,reg,k_CCCTGTCTTA,5.171427917480469
CLI,kmer,reg,k_ATCCTTGGGG,5.140393257141113
CLI,kmer,reg,k_ATCCCTTACC,5.120452880859375
CLI,kmer,reg,k_ATAGCGCACC,5.118939208984375
CLI,kmer,reg,k_GACTGATAGC,5.109719085693359
CLI,kmer,reg,k_CGTAATACCA,5.096100282669067
CLI,kmer,reg,k_AAAGATGCAT,5.077411460876465
CLI,kmer,reg,k_ACGAGAAGCC,5.067647480964661
CLI,kmer,reg,k_CGTCAACGCC,5.056763935089112
CLI,kmer,reg,k_ATTAGACGTG,5.043714141845703
CLI,kmer,reg,k_AGCCTTCGCC,5.042362976074219
CLI,kmer,reg,k_AAGGTGATGG,5.033586823940277
CLI,kmer,reg,k_CAGAGCAACC,5.00929102897644
CLI,kmer,reg,k_TCCCATAAGA,4.966342544555664
CLI,kmer,reg,k_CAGTAGACTG,4.9520263671875
CLI,kmer,reg,k_ATATAACACG,4.940145874023438
CLI,kmer,reg,k_GAGAAGTCGA,4.867211532592774
CLI,kmer,reg,k_CTACCCTATC,4.861721229553223
CLI,kmer,reg,k_CCAAATTCAG,4.835856866836548
CLI,kmer,reg,k_ATCGAGTCAT,4.829400634765625
CLI,kmer,reg,k_AGCGTTATAT,4.810741901397705
CLI,kmer,reg,k_AGGCTGGCGA,4.712812042236328
CLI,kmer,reg,k_AAGTACGTCA,4.703316402435303
CLI,kmer,reg,k_AGAGCCAACG,4.702902984619141
CLI,kmer,reg,k_AAGGGCCCCA,4.673968291282654
CLI,kmer,reg,k_ATAGGTAGCA,4.6711280822753904
CLI,kmer,reg,k_AACAGAGTGT,4.6374755859375
CLI,kmer,reg,k_ATCCGAGATC,4.615922689437866
CLI,kmer,reg,k_AAAACACGTC,4.615882518468425
CLI,kmer,reg,k_ATGTTTAGCC,4.600862817466259
CLI,kmer,reg,k_ATAACAGCGA,4.570140075683594
CLI,kmer,reg,k_GTCCCCAATA,4.569655454158783
CLI,combined,reg,k_GGGGTCCCGA,1566.2280151367186
CLI,combined,reg,k_CTCGGGACCC,1337.7305343627932
CLI,combined,reg,k_AGTTTCGTCG,1293.460107421875
CLI,combined,reg,k_GCGCTCGGGA,1118.25927734375
CLI,combined,reg,k_CGACACTGAA,912.07080078125
CLI,combined,reg,k_GCGTGCATAA,586.1876251220702
CLI,combined,reg,k_GGCGAAGACA,156.3013897895813
CLI,combined,clf,k_CTCGGGACCC,128.66985626220702
CLI,combined,reg,k_ATTCCGCTGG,122.40071334838868
CLI,combined,clf,k_GGGGTCCCGA,84.60458145141601
CLI,combined,clf,k_GCGCTCGGGA,74.20467605590821
CLI,combined,reg,k_AATATTATGC,61.27314147949219
CLI,combined,reg,k_ACGCCAAAGT,55.58386900275946
CLI,combined,clf,k_AGTTTCGTCG,52.953327178955085
CLI,combined,reg,k_CCATAAACCG,50.10444560348987
CLI,combined,reg,k_TCATTCTAGA,43.34737854003906
CLI,combined,reg,k_GTGATGCAAC,36.952517700195315
CLI,combined,reg,k_GATCCGTCCC,35.68250074386597
CLI,combined,reg,k_ACACATATAA,35.207192873954774
CLI,combined,reg,k_AGAATAGATC,32.9310791015625
CLI,combined,clf,k_ATTCCGCTGG,32.86144046783447
CLI,combined,reg,k_GACTACATAC,32.711677169799806
CLI,combined,reg,k_ATCGGATAAG,32.59348678588867
CLI,combined,reg,k_CCCTGTCTTA,30.9932861328125
CLI,combined,clf,k_CCGACACAAG,29.3137451171875
CLI,combined,reg,k_ACAGGATCGG,27.52792434692383
CLI,combined,reg,k_AAGCACCAGT,26.726593017578125
CLI,combined,reg,k_AACATACAAA,26.679301071166993
CLI,combined,reg,k_AAACCGCGAC,25.157149505615234
CLI,combined,reg,k_CCTCCAGTCC,24.338501548767088
CLI,combined,reg,k_GAATTAGCGC,23.883940124511717
CLI,combined,reg,k_ACACCACAGA,23.68382110595703
CLI,combined,reg,k_ACCACAGCAC,21.087457275390626
CLI,combined,reg,k_GCATCATGCC,20.9745361328125
CLI,combined,reg,k_CTAAACGAGC,19.88424596786499
CLI,combined,reg,k_AGATCCATCG,19.46907768249512
CLI,combined,reg,k_GGCTTTGCTA,19.4532958984375
CLI,combined,reg,k_TAGCCCCTGA,19.31374743580818
CLI,combined,reg,k_CGCAACAGAA,19.276927185058593
CLI,combined,reg,k_TAAATGCACA,18.227622985839844
CLI,combined,reg,k_GCCGCTAACA,17.869590759277344
CLI,combined,reg,k_GCACCAGTGC,17.528720092773437
CLI,combined,reg,k_AATGTAGGGC,17.3850341796875
CLI,combined,reg,k_ACTAAGGACG,17.2494873046875
CLI,combined,reg,k_ACACCCGTCT,17.10517578125
CLI,combined,reg,k_CTAGTTGTTA,16.6331787109375
CLI,combined,reg,k_CAAGCACCAG,16.626617431640625
CLI,combined,reg,k_CATATACAAG,16.31708984375
CLI,combined,reg,k_GGAGACCTCC,15.406673431396484
CLI,combined,reg,k_GAGAGAGAGA,15.211101531982422
CLI,combined,reg,k_ACTACACACA,14.9487060546875
CLI,combined,reg,k_AGAGCGAGTC,14.79927978515625
CLI,combined,reg,k_CCCCGTAGGC,14.601350402832031
CLI,combined,reg,k_ATAGCGTCAC,14.357254719734192
CLI,combined,reg,k_ACCCCCTACA,14.198993873596192
CLI,combined,reg,k_ACCGTATAAT,14.132466125488282
CLI,combined,reg,k_AAAATGGGTA,13.99580945968628
CLI,combined,reg,k_CTCAACAGGC,13.5689208984375
CLI,combined,reg,k_AGCCATGGCG,13.4707763671875
CLI,combined,reg,k_ATAGCACGGC,13.362457275390625
CLI,combined,reg,k_ATCCATCGGG,13.1083251953125
CLI,combined,reg,k_GGTTGTACAA,12.96748104095459
CLI,combined,reg,k_GATATGGACC,12.9651123046875
CLI,combined,reg,k_AGCAGTTATA,12.906363534927367
CLI,combined,reg,k_CGGCCTGAAG,12.871310424804687
CLI,combined,reg,k_GCCTAAACCC,12.740045166015625
CLI,combined,reg,k_CGGGAATGGA,12.61306381225586
CLI,combined,reg,k_AAGCTAAATG,12.182666015625
CLI,combined,reg,k_CGTTCATGTC,11.940534782409669
CLI,combined,reg,k_GCTAGCACAC,11.78038568496704
CLI,combined,reg,k_AACTGCCACT,11.675617980957032
CLI,combined,reg,k_ATGTAGTTAC,11.307644653320313
CLI,combined,reg,k_CCTCCCCCCA,11.1572509765625
CLI,combined,clf,k_CAGTGACGTA,11.1093505859375
CLI,combined,reg,k_ACCTAGTCGC,10.912774658203125
CLI,combined,reg,k_ATGCCGTATC,10.787583923339843
CLI,combined,reg,k_AAACCCTCGG,10.716796875
CLI,combined,reg,k_ATACATGTCC,10.710403060913087
CLI,combined,reg,k_CGGAAACGTA,10.707337570190429
CLI,combined,reg,k_AGCATAACTC,10.650423812866212
CLI,combined,reg,k_AGGTAATCGG,10.5313720703125
CLI,combined,reg,k_AGGTATACCA,10.462909542024134
CLI,combined,clf,k_CTAAACGAGC,10.39347972869873
CLI,combined,reg,k_AGTCGCTTAG,10.28225212097168
CLI,combined,clf,k_CACAGTTACG,10.089322662353515
CLI,combined,reg,k_CTTCCCGAAC,10.072617721557618
CLI,combined,reg,k_AAAAGTACCT,10.014916282892226
CLI,combined,reg,k_CACAGTTACG,9.945404052734375
CLI,combined,reg,k_GGCCTGGTAC,9.9246337890625
CLI,combined,reg,k_ACGGCCGACC,9.8873046875
CLI,combined,reg,k_AAGCACGTCA,9.369226336479187
CLI,combined,reg,k_CAGTCTGTCG,9.29947509765625
CLI,combined,reg,k_CGCTCCATAA,9.252379894256592
CLI,combined,reg,k_ATGCTGAAGC,9.20665810108185
CLI,combined,reg,k_GCGTTGACGA,8.98276481628418
CLI,combined,reg,k_ACGTACTTGC,8.773479771614074
CLI,combined,reg,k_AAGCATTTCG,8.61849365234375
CLI,combined,reg,k_AGTATATTAG,8.58060302734375
CLI,combined,reg,k_ACACCCATTG,8.520111465454102
CLI,combined,reg,k_AAGTGTGGAC,8.478848266601563
CLI,combined,reg,k_GTGATTCTAA,8.281819152832032
CLI,combined,reg,k_ACGAGAAGCC,8.22980432510376
CLI,combined,reg,k_GATATTAATC,8.204002380371094
CLI,combined,reg,k_CTGCGGTTAC,8.075039672851563
CLI,combined,reg,k_CAGTGACGTA,8.035418128967287
CLI,combined,reg,k_GATACCTGAA,8.005364990234375
CLI,combined,reg,k_CAGCTTCAGC,8.002519989013672
CLI,combined,reg,k_ATGTAGTCGG,7.927508306503296
CLI,combined,reg,k_CGAGCCCTAA,7.895580291748047
CLI,combined,reg,k_ATCCCATTGC,7.882732391357422
CLI,combined,reg,k_CATACAATGC,7.872933959960937
CLI,combined,reg,k_ACAGACGACT,7.8326255798339846
CLI,combined,reg,k_ATCGAACACA,7.817983150482178
CLI,combined,reg,k_CCACATCGGA,7.777503967285156
CLI,combined,reg,k_ATCCGAGATC,7.681746578216552
CLI,combined,reg,k_GCTGAACTAA,7.650312423706055
CLI,combined,reg,k_AATTCCGGAG,7.649825286865234
CLI,combined,reg,k_ACTGCGACCT,7.593716430664062
CLI,combined,reg,k_CTACTTCCAG,7.544777679443359
CLI,combined,reg,k_CGGGCATTGA,7.533397006988525
CLI,combined,clf,k_CAGTTGACAG,7.5163691520690925
CLI,combined,reg,k_GACTATGAGC,7.500863647460937
CLI,combined,reg,k_ACGAGAGGAA,7.477229309082031
CLI,combined,clf,k_CCATAAACCG,7.416699886322022
CLI,combined,reg,k_AGCAAGTTCG,7.408548736572266
CLI,combined,reg,k_AGCCGTAAAC,7.397198963165283
CLI,combined,reg,k_AGCAACTCAT,7.313133239746094
CLI,combined,reg,k_GGGGCTGCGA,7.2372276306152346
CLI,combined,reg,k_ACCCCTAATG,7.133763122558594
CLI,combined,reg,k_CGACGTAGTC,7.1039845705032345
CLI,combined,reg,k_AGCTCGAGTA,7.0509765625
CLI,combined,reg,k_AACATAATGA,7.020915222167969
CLI,combined,reg,k_CCCTAACAAA,6.98392333984375
CLI,combined,reg,k_GTGTTCTACA,6.945826721191406
CLI,combined,reg,k_AGCAGCTCTG,6.9129638671875
CLI,combined,reg,k_CACTGTCTAA,6.9076080322265625
CLI,combined,clf,k_TCGACGAACA,6.884313106536865
CLI,combined,reg,k_TACCAGAGTA,6.882931703329086
CLI,combined,reg,k_CAAGTACGTC,6.8794189453125
CLI,combined,reg,k_TGACGCTGAA,6.844807434082031
CLI,combined,reg,k_GAGCCTAATA,6.796623229980469
CLI,combined,reg,k_GCCTATGGCC,6.763703918457031
CLI,combined,reg,k_GATCCAAACA,6.649658036231995
CLI,combined,reg,k_GATACGCCTA,6.63992919921875
CLI,combined,reg,k_CTCCCACTAA,6.63983154296875
CLI,combined,reg,k_CCACAGCACA,6.609046173095703
CLI,combined,reg,k_AACGGAGCCT,6.601583862304688
CLI,combined,reg,k_AACAACATGT,6.540897369384766
CLI,combined,reg,k_ACCGACTGCC,6.457543659210206
CLI,combined,reg,k_AGCCTGGGGA,6.430825591087341
CLI,combined,reg,k_CGTCAACGCC,6.4234435081481935
CLI,combined,reg,k_ATTATATGAG,6.389357042312622
CLI,combined,clf,k_ATCGGATAAG,6.3891092300415036
CLI,combined,reg,k_CTAAGCTCGA,6.340635681152344
CLI,combined,reg,k_AGTCCGAACC,6.318251609802246
CLI,combined,reg,k_AAGCGACAAT,6.31147575378418
CLI,combined,reg,k_AAAGCATAAC,6.300633019208909
CLI,combined,reg,k_ACTGGGACAC,6.283154296875
CLI,combined,reg,k_AGGCTCCCAC,6.151214349269868
CLI,combined,reg,k_GCCAGTGATA,6.147346496582031
CLI,combined,reg,k_GCCTGTAACC,6.111185908317565
CLI,combined,reg,k_AAGCTTAGCT,6.052879333496094
CLI,combined,reg,k_TGGCCCTGAA,5.934930419921875
CLI,combined,reg,k_AGCGTCTACG,5.9187164306640625
CLI,combined,reg,k_AACTGCGGCA,5.905835723876953
CLI,combined,reg,k_AAGATCGCAG,5.846630859375
CLI,combined,reg,k_ATGTCGCGTC,5.842737717926502
CLI,combined,reg,k_CATTGCTTGC,5.833840560913086
CLI,combined,reg,k_AGCAAGCACC,5.8241167068481445
CLI,combined,reg,k_AAAATCCCGG,5.791159152984619
CLI,combined,reg,k_AACACCTCAT,5.727775126695633
CLI,combined,reg,k_AGCAAGTACA,5.725188601016999
CLI,combined,reg,k_CGCCTGAGTA,5.665152740478516
CLI,combined,reg,k_GGGGACAATA,5.655038452148437
CLI,combined,reg,k_GTAAGCTCAA,5.6454305171966555
CLI,combined,reg,k_CAACGCACAA,5.603370285034179
CLI,combined,reg,k_TAGGTTGAAA,5.600499123334885
CLI,combined,clf,k_CTAGTTGTTA,5.545793342590333
CLI,combined,reg,k_GACTTGTGAC,5.501101398468017
CLI,combined,reg,k_ACAAAGCACC,5.451953125
CLI,combined,reg,k_AGCCACAGCA,5.427803249657154
CLI,combined,reg,k_CCACTAGGCG,5.421182584762573
CLI,combined,reg,k_TAGCGCCTAA,5.419717407226562
CLI,combined,reg,k_ACGTTGTCTG,5.418123134970665
CLI,combined,clf,k_AGCATAACTC,5.413298797607422
CLI,combined,reg,k_GAACGTGTGA,5.408653640747071
CLI,combined,reg,k_AAACAGTAGC,5.379842758178711
CLI,combined,reg,k_GTGTGCAAGA,5.341229248046875
CLI,combined,reg,k_CCGTAAGCTA,5.333131885528564
CLI,combined,reg,k_AAAACACGGC,5.324512223899364
CLI,combined,reg,k_ACGGTCTCCC,5.317780293524265
CLI,combined,reg,k_CATGACAGGC,5.302238464355469
CLI,combined,reg,k_AAGCCGAGGG,5.293146228790283
CLI,combined,reg,k_CGTCCCAGGA,5.255133056640625
CLI,combined,reg,k_GGTCTAATAA,5.2449462890625
CLI,combined,reg,k_GATTGACCTA,5.243071269989014
CLI,combined,reg,k_AGCCGCTAAC,5.231721878051758
CLI,combined,reg,k_ATGGAACGTC,5.2313232421875
CLI,combined,reg,k_AAAGCCGTTG,5.168255227804185
CLI,combined,reg,k_GAGTCAGAGA,5.139988708496094
LVX,kmer,reg,k_CTGACACGAC,4.28309326171875
LVX,kmer,reg,k_TAAGGGCCAA,3.2601058959960936
LVX,kmer,reg,k_CCTAGGCAAA,3.1470104217529298
LVX,kmer,reg,k_AGTCAAGACG,2.764487361907959
LVX,kmer,reg,k_ATACAATACA,2.470342707633972
LVX,kmer,reg,k_GACGGGTCTA,2.0929091453552244
LVX,kmer,reg,k_GTATATAGAC,2.0572956085205076
LVX,kmer,reg,k_ACGGGTCTAC,2.050026273727417
LVX,kmer,reg,k_ACAAATAACA,2.0008506774902344
LVX,kmer,reg,k_TAACGTCATA,1.9844222784042358
LVX,kmer,reg,k_GCAATTAGAC,1.9834545135498047
LVX,kmer,reg,k_GATGTACACA,1.9778672218322755
LVX,kmer,reg,k_CTGTCTGGCC,1.8673765659332275
LVX,kmer,reg,k_ACATCCGCTG,1.8485543251037597
LVX,kmer,reg,k_CCTTAATTGC,1.7700006723403932
LVX,kmer,reg,k_ACCCACCTAA,1.7201030731201172
LVX,kmer,reg,k_CCGCTACAGC,1.661438775062561
LVX,kmer,reg,k_CCACGCTCTC,1.6222444534301759
LVX,kmer,reg,k_ATTATGGACC,1.5992063641548158
LVX,kmer,reg,k_CCACCCAACG,1.5708094835281372
LVX,kmer,reg,k_TAGTAGTTAA,1.537598443031311
LVX,kmer,reg,k_ACTTTGGACG,1.5138919353485107
LVX,kmer,reg,k_ACCAAGGATC,1.5089720487594604
LVX,kmer,reg,k_ATTGGGGCTA,1.4834746360778808
LVX,kmer,reg,k_AGTGTGGTAT,1.4492783546447754
LVX,kmer,reg,k_ATCACAATAG,1.3935888290405274
LVX,kmer,reg,k_AGAGAGACCT,1.3579544067382812
LVX,kmer,reg,k_GTTCATACTA,1.316766881942749
LVX,kmer,reg,k_TCCGTTTAAA,1.2875645637512207
LVX,kmer,reg,k_GAAAGTGTAC,1.2679501175880432
LVX,kmer,reg,k_CTAATGAATA,1.250410830974579
LVX,kmer,reg,k_GCCTATGGCC,1.1742010116577148
LVX,kmer,reg,k_ACGATTTAAC,1.1581143617630005
LVX,kmer,reg,k_ATATCTCAAG,1.1233652174472808
LVX,kmer,reg,k_ACTAACAAAC,1.1186281204223634
LVX,kmer,reg,k_CGGCACTTTC,1.1005403995513916
LVX,kmer,reg,k_TAGATATGCA,1.0393387079238892
LVX,kmer,reg,k_GGGAGATCTA,1.037333059310913
LVX,kmer,reg,k_ATATAAATCC,1.0230175971984863
LVX,kmer,reg,k_CACTGCGACC,1.020574688911438
LVX,kmer,reg,k_ATCTAGTTCC,1.0130237579345702
LVX,kmer,reg,k_AGAAACCGCC,1.0013978362083436
LVX,kmer,reg,k_ACCTGTAAGC,0.9274518013000488
LVX,kmer,reg,k_AAGCCGACGC,0.9129123091697693
LVX,kmer,reg,k_CAGTATTAGG,0.9056538105010986
LVX,kmer,reg,k_ATGTTTAGCC,0.9048473238945007
LVX,kmer,reg,k_GGGTGGTACA,0.8947572946548462
LVX,kmer,reg,k_GAGCGTGGGC,0.8912111282348633
LVX,kmer,reg,k_ATACGGGAAC,0.8838438987731934
LVX,kmer,reg,k_GCTTAAGTAC,0.851273488998413
LVX,kmer,reg,k_AGCACTAGAA,0.8405919581651687
LVX,kmer,reg,k_CAAATAGAGG,0.8239779353141785
LVX,kmer,reg,k_CCAAGGAGAC,0.8190458297729493
LVX,kmer,reg,k_TCCGAAACAA,0.8038475990295411
LVX,kmer,reg,k_ACATGCCGAG,0.800113582611084
LVX,kmer,reg,k_AGACATTAAT,0.7971366882324219
LVX,kmer,reg,k_GTGTGCAAGA,0.7886568784713746
LVX,kmer,reg,k_GGCAATGGAA,0.7869890689849854
LVX,kmer,reg,k_CAATGGGGGG,0.7836464405059814
LVX,kmer,reg,k_ACTTATTGGC,0.7762919425964355
LVX,kmer,reg,k_ATATAAGGGC,0.7692728996276855
LVX,kmer,reg,k_GATCTAGATA,0.7548321723937989
LVX,kmer,reg,k_AAGCCGCTAA,0.7454867959022522
LVX,kmer,reg,k_GCCGGAAAAA,0.7429125487804412
LVX,kmer,reg,k_AGGGGACTTA,0.7297833979129792
LVX,kmer,reg,k_AGGATAGCCG,0.7024121284484863
LVX,kmer,reg,k_CTACCCCTAA,0.6917887210845948
LVX,kmer,reg,k_AGCCCAACGA,0.6858811378479004
LVX,kmer,reg,k_CAGTAGAACA,0.6799972534179688
LVX,kmer,reg,k_TCAGTACAGA,0.6773159503936768
LVX,kmer,reg,k_CAACACAGGG,0.6734799504280091
LVX,kmer,reg,k_AAGGTAAGCT,0.6612815380096435
LVX,kmer,reg,k_CCTAGTTAAG,0.6500007629394531
LVX,kmer,reg,k_AATGTACAAA,0.6454387187957764
LVX,kmer,reg,k_ACCACGATCT,0.6365682363510132
LVX,kmer,reg,k_CGTTCTCAGC,0.6362329244613647
LVX,kmer,reg,k_CCTAGGTGCA,0.6280822038650513
LVX,kmer,reg,k_CAGCGGATGC,0.6276986122131347
LVX,kmer,reg,k_CGTCGGCTTC,0.6267802715301514
LVX,kmer,reg,k_CTTAGGAACC,0.616756534576416
LVX,kmer,reg,k_CTCCCTCTGC,0.6165957450866699
LVX,kmer,reg,k_CATGTCTTAG,0.6153869152069091
LVX,kmer,reg,k_GGAATGTAGA,0.6153688430786133
LVX,kmer,reg,k_ACAGTCCGAA,0.614032793045044
LVX,kmer,reg,k_AATGTACTGT,0.6129852175712586
LVX,kmer,reg,k_AATGTCCAGA,0.608089578151703
LVX,kmer,reg,k_AGTGTAGCCC,0.5932659626007081
LVX,kmer,reg,k_CCCCACAGAG,0.5892532348632813
LVX,kmer,reg,k_ATGCTTCTAC,0.5858402252197266
LVX,kmer,reg,k_ATAACATGTA,0.5842509269714355
LVX,kmer,reg,k_AACGCACTGT,0.5835783958435059
LVX,kmer,reg,k_AAGTACTAGT,0.5805502831935883
LVX,kmer,reg,k_GGTCAACACA,0.5801351547241211
LVX,kmer,reg,k_AACAGTAGAC,0.5777501940727234
LVX,kmer,reg,k_AAAACCGTGC,0.5756821751594543
LVX,kmer,reg,k_AGAGAGTATA,0.5700987815856934
LVX,kmer,reg,k_TAATGTAAGA,0.5658895254135132
LVX,kmer,reg,k_CACTCAGGCA,0.5658718109130859
LVX,kmer,reg,k_TAATTGTACA,0.5650259971618652
LVX,kmer,reg,k_AAAAAAAAAA,0.5648483037948608
LVX,kmer,reg,k_AAACCGGATT,0.5643709182739258
LVX,kmer,reg,k_GCCGGAGAAA,0.5636860072612763
LVX,kmer,reg,k_ACACCTTGCG,0.5603646755218505
LVX,kmer,reg,k_CGTAATACCA,0.5506120324134827
LVX,kmer,reg,k_ATCTTGCGCA,0.5498791605234147
LVX,kmer,reg,k_AATATGTGCG,0.546306300163269
LVX,kmer,reg,k_ACAGCAGTCC,0.5435926437377929
LVX,kmer,reg,k_AGCCGACGCA,0.5379506111145019
LVX,kmer,reg,k_AGTTGTATCG,0.5356585502624511
LVX,kmer,reg,k_TGAGCAGACA,0.5306015491485596
LVX,kmer,reg,k_GTCAACACAC,0.5244693756103516
LVX,kmer,reg,k_ATCTCATACC,0.5209953308105468
LVX,kmer,reg,k_GGGGATACTA,0.5196544170379639
LVX,kmer,reg,k_CATAGGGACC,0.5188844680786133
LVX,kmer,reg,k_GAATACAGCA,0.5150604963302612
LVX,kmer,reg,k_AACCAGTGCT,0.5078509807586671
LVX,kmer,reg,k_CACATGACTA,0.5077702522277832
LVX,kmer,reg,k_AACTGTCCTG,0.5066710472106933
LVX,kmer,reg,k_AATCCGTCGG,0.4995453834533692
LVX,kmer,reg,k_CGAGGTGAAC,0.49933898448944086
LVX,kmer,reg,k_AATGGTGCTA,0.4975569725036621
LVX,kmer,reg,k_CGATATGAGA,0.49459400177001955
LVX,kmer,reg,k_CGGAGGTAAC,0.48905037641525273
LVX,kmer,reg,k_CCCTAATGTC,0.4890336632728577
LVX,kmer,reg,k_AACCCCAATT,0.4889390230178833
LVX,kmer,reg,k_ATAAGCGGAG,0.48074225187301634
LVX,kmer,reg,k_ACCTAATAGA,0.479765248298645
LVX,kmer,reg,k_AGCAGCCCGA,0.47915728092193605
LVX,kmer,reg,k_AACGGTATAC,0.4757072448730469
LVX,kmer,reg,k_ATGCGCTCAA,0.47561042904853823
LVX,kmer,reg,k_CTATACATAG,0.4749017059803009
LVX,kmer,reg,k_AGTTAATCGC,0.47430080175399786
LVX,kmer,reg,k_CGGCTCACAA,0.4737250328063965
LVX,kmer,reg,k_GATTCACTCC,0.47334799766540525
LVX,kmer,reg,k_CTTACCTCGA,0.46843385696411133
LVX,kmer,reg,k_AAGCTAAGGC,0.46719353199005126
LVX,kmer,reg,k_CCGACTTAAC,0.46655979156494143
LVX,kmer,reg,k_AAGGGAGGGA,0.4665109694004058
LVX,kmer,reg,k_AAATTTAGGC,0.46566429138183596
LVX,kmer,reg,k_AGGCCGTCTG,0.4641263961791992
LVX,kmer,reg,k_AATGCTTCGG,0.4639420747756958
LVX,kmer,reg,k_AATTTGTACT,0.45954341888427735
LVX,kmer,reg,k_ACCTAATCGA,0.457308292388916
LVX,kmer,reg,k_AAAGCCGTTG,0.4559349179267883
LVX,kmer,reg,k_AGCCTTCGCC,0.45383472442626954
LVX,kmer,reg,k_GACGGTAGCC,0.4520954728126526
LVX,kmer,reg,k_CAACGCAAAG,0.44680876731872554
LVX,kmer,reg,k_CATTAGTCAC,0.4462251186370849
LVX,kmer,reg,k_AGTAGACGAT,0.4437768220901489
LVX,kmer,reg,k_AAAAGCACTC,0.44288883209228513
LVX,kmer,reg,k_GCCATACAGA,0.4418317794799805
LVX,kmer,reg,k_ACGCACACGA,0.44096508622169495
LVX,kmer,reg,k_ATACTTAGCC,0.43964395523071287
LVX,kmer,reg,k_GTTCGGGTCA,0.43813214302062986
LVX,kmer,reg,k_CAACGAGTGC,0.4375213861465454
LVX,kmer,reg,k_AGATCTATAA,0.43594477176666263
LVX,kmer,reg,k_TAGACACTCA,0.43575177192687986
LVX,kmer,reg,k_CATTTAGGGA,0.4298761785030365
LVX,kmer,reg,k_AGCAACCCTC,0.427808690071106
LVX,kmer,reg,k_TGAACAGGCA,0.41820900440216063
LVX,kmer,reg,k_AAGTGCATCA,0.41579636335372927
LVX,kmer,reg,k_CTTTAATGTA,0.4152860164642334
LVX,kmer,reg,k_AAGCGCAAGT,0.41392946243286133
LVX,kmer,reg,k_GGCGATATTA,0.41279135942459105
LVX,kmer,reg,k_ACAATCTCCC,0.4111743450164795
LVX,kmer,reg,k_AGGGAGAGTA,0.40841197967529297
LVX,kmer,reg,k_AGTACTAGTG,0.40656839609146117
LVX,kmer,reg,k_GCCTATAACC,0.40626699924468995
LVX,kmer,reg,k_AGGACGGTTG,0.40334390401840214
LVX,kmer,reg,k_AAGGTCGCTC,0.40329527854919434
LVX,kmer,reg,k_ACATAGCATA,0.4020070731639862
LVX,kmer,reg,k_CGAACAGGTA,0.4019494354724884
LVX,kmer,reg,k_ACGCTGGAGA,0.40155506134033203
LVX,kmer,reg,k_GACTTGTGAC,0.40083881616592404
LVX,kmer,reg,k_TAGCATGTCA,0.40015506744384766
LVX,kmer,reg,k_AATCCCCGAA,0.4001322746276855
LVX,kmer,reg,k_ATATGCTAAC,0.399326753616333
LVX,kmer,reg,k_GGACGATTAA,0.3968821287155151
LVX,kmer,reg,k_GGGGGCTATA,0.39667649269104005
LVX,kmer,reg,k_CAGCTTCAGC,0.3964204967021942
LVX,kmer,reg,k_AGTCCGCCAC,0.39545526504516604
LVX,kmer,reg,k_AACACAAAGC,0.39533138275146484
LVX,kmer,reg,k_AGGCATGGAC,0.3948617935180664
LVX,kmer,reg,k_AGCGTCTGAA,0.39404173493385314
LVX,kmer,reg,k_CTTCAGCAAG,0.392402195930481
LVX,kmer,reg,k_TATACGGTAA,0.3918013274669647
LVX,kmer,reg,k_CTCATTACTA,0.3886427044868469
LVX,kmer,reg,k_CTCTCCAACC,0.3874998092651367
LVX,kmer,reg,k_CCCCTGGTAA,0.38679212629795073
LVX,kmer,reg,k_AAATACTCGC,0.38573369979858396
LVX,kmer,reg,k_ACGAAATAGA,0.3844723641872406
LVX,kmer,reg,k_AGTCAGTGAA,0.3786779403686523
LVX,kmer,reg,k_CGTCTGAATC,0.3755632996559143
LVX,kmer,reg,k_CTTGGGAGGC,0.37520837783813477
LVX,kmer,reg,k_ATACATATAG,0.3739416420459747
LVX,kmer,reg,k_AACCAGAGGT,0.3736611843109131
LVX,kmer,reg,k_AACGAGGATA,0.3723496198654175
LVX,kmer,reg,k_AGGACGATAA,0.37162020802497864
LVX,kmer,reg,k_GGTGACGCTA,0.36998540759086607
LVX,kmer,reg,k_CTCAGCCTCA,0.36902875900268556
LVX,combined,reg,k_AGTCAAGACG,3.8194765090942386
LVX,combined,reg,k_CTGACACGAC,2.6039758205413817
LVX,combined,reg,k_CCTAGGCAAA,2.341388702392578
LVX,combined,reg,k_TAACGTCATA,2.2056388020515443
LVX,combined,reg,k_ACGGGTCTAC,2.025311756134033
LVX,combined,reg,k_ATACAATACA,1.9713019490242005
LVX,combined,reg,k_ATTGGGGCTA,1.9668805837631225
LVX,combined,reg,k_CCACCCAACG,1.7741843700408935
LVX,combined,reg,k_ACTTTGGACG,1.71845383644104
LVX,combined,reg,k_TAAGGGCCAA,1.604294204711914
LVX,combined,reg,k_GATCCGAATC,1.571685791015625
LVX,combined,reg,k_GTATATAGAC,1.5605061054229736
LVX,combined,reg,k_ACCAAGGATC,1.5248563110828401
LVX,combined,reg,k_ATTATTCGAC,1.4286771774291993
LVX,combined,reg,k_CGGCACTTTC,1.406432342529297
LVX,combined,reg,k_ATCACAATAG,1.3932215690612793
LVX,combined,reg,k_CAGTATTAGG,1.3855693340301514
LVX,combined,reg,k_ACGATTTAAC,1.3632522463798524
LVX,combined,reg,k_AGAGAGACCT,1.3585186004638672
LVX,combined,reg,k_ACCCACCTAA,1.3260656356811524
LVX,combined,reg,k_GCTTAAGTAC,1.2595220804214478
LVX,combined,reg,k_AGACATTAAT,1.2207700490951539
LVX,combined,reg,k_TGAGCAGACA,1.2111335754394532
LVX,combined,reg,k_CAATTAGCGA,1.207021713256836
LVX,combined,reg,k_AGTGTGGTAT,1.2020089626312256
LVX,combined,reg,k_AATGCGACCT,1.1381989479064942
LVX,combined,reg,k_CCGCTACAGC,1.0914504528045654
LVX,combined,reg,k_GTTCATACTA,1.0870144367218018
LVX,combined,reg,k_CTACTAGAGC,1.0370997428894042
LVX,combined,reg,k_ATAGTGTCCG,1.033836555480957
LVX,combined,reg,k_AGAAACCGCC,1.0209848046302794
LVX,combined,reg,k_GCAATTAGAC,0.9287843704223633
LVX,combined,reg,k_AACGTATGTG,0.9276410102844238
LVX,combined,reg,k_GTTCTGTATA,0.9179299354553223
LVX,combined,reg,k_ACATAGACAC,0.9098368644714356
LVX,combined,reg,k_ATATAAATCC,0.9077470779418946
LVX,combined,reg,k_CAACACAGGG,0.8787594795227052
LVX,combined,reg,k_GGGAGATCTA,0.8727404594421386
LVX,combined,reg,k_CCACGCTCTC,0.8474270105361938
LVX,combined,reg,k_AGCCTCAGCA,0.8431875228881837
LVX,combined,reg,k_AGCCCAACGA,0.8375494003295898
LVX,combined,reg,k_AACCGTGCAA,0.8060287475585938
LVX,combined,reg,k_ACACAGGAAT,0.7987696409225464
LVX,combined,reg,k_ATTATGGACC,0.7887169122695923
LVX,combined,reg,k_ATACTCGAAG,0.7827044486999511
LVX,combined,reg,k_AAGCCGACGC,0.7779319405555726
LVX,combined,reg,k_TGGAGCCTAA,0.743736457824707
LVX,combined,reg,k_ACATCCGCTG,0.7339677810668945
LVX,combined,reg,k_ATATCTCAAG,0.7293293952941894
LVX,combined,reg,k_CCCTAATGTC,0.695183879137039
LVX,combined,reg,k_AGAGTCGATA,0.6944807052612305
LVX,combined,reg,k_AGAGGCCAAT,0.6924202203750611
LVX,combined,reg,k_AACTAAACCG,0.6853143692016601
LVX,combined,reg,k_GAGGTAACTA,0.6754564762115478
LVX,combined,reg,k_CATGTAATGA,0.6754324913024903
LVX,combined,reg,k_ACTAACCGAT,0.6699557781219483
LVX,combined,reg,k_ATGTTTAGCC,0.6690534748136997
LVX,combined,reg,k_AGCTGTAGCG,0.6635816931724547
LVX,combined,reg,k_AGCACCAGTG,0.6597875595092774
LVX,combined,reg,k_GAAAGCCACA,0.6556702136993409
LVX,combined,reg,k_AGTGCCATAC,0.6539794921875
LVX,combined,reg,k_ACATCACTAT,0.648825740814209
LVX,combined,reg,k_CTAATCGATA,0.6484482765197754
LVX,combined,reg,k_AATCGCCCTA,0.6441380620002747
LVX,combined,reg,k_ACGGCTATCC,0.6259528756141662
LVX,combined,reg,k_CCTAGTTAAG,0.6167614936828614
LVX,combined,reg,t_serotype_NVT,0.6140501976013184
LVX,combined,reg,k_AGGGTAGGAA,0.602486515045166
LVX,combined,reg,k_CTGATAATTA,0.6005976676940918
LVX,combined,reg,k_AAGGTAAGCT,0.5973996758460999
LVX,combined,reg,k_GATCCAGCAC,0.5958810329437256
LVX,combined,reg,k_CTTAGGAACC,0.5915483236312866
LVX,combined,reg,k_AAGTACTAGT,0.5832258760929108
LVX,combined,reg,k_GCCGGAGAAA,0.5808034420013427
LVX,combined,reg,k_AATACCACTC,0.5789078643545509
LVX,combined,reg,k_ACTAGCTTAC,0.57542542219162
LVX,combined,reg,k_AAGGAGGTGG,0.571384483575821
LVX,combined,reg,k_GTCGGCTTCA,0.5648374080657959
LVX,combined,reg,k_ACCGTGAGAG,0.5618376851081848
LVX,combined,reg,k_AAGCCTACAG,0.5594236493110657
LVX,combined,reg,k_CATAGGGACC,0.5578384399414062
LVX,combined,reg,k_CCGACTTAAC,0.5566130161285401
LVX,combined,reg,t_serotype_15B,0.5560500383377075
LVX,combined,reg,k_GGGGATACTA,0.5539847135543823
LVX,combined,reg,k_TGTCGCCTAA,0.5537872314453125
LVX,combined,reg,k_AACTGTCCTG,0.5457182407379151
LVX,combined,reg,k_CTCATTACTA,0.5419230222702026
LVX,combined,reg,k_CCGGAAAAAC,0.5359789848327636
LVX,combined,reg,k_TCCGTTTAAA,0.5332406997680664
LVX,combined,reg,k_GAGTGCTTCA,0.5314045310020448
LVX,combined,reg,k_AGGCATGGAC,0.5310781478881836
LVX,combined,reg,k_ATCGCCCTAA,0.5308348655700683
LVX,combined,reg,k_AGGCGACATA,0.5282728195190429
LVX,combined,reg,k_GAGGCTTACA,0.5219102382659913
LVX,combined,reg,k_CCCCACAGAG,0.5218488693237304
LVX,combined,reg,k_TCAGTACAGA,0.5207152664661407
LVX,combined,reg,k_GGCAATGGAA,0.5205009579658508
LVX,combined,reg,k_AGTAGACGAT,0.5181232571601868
LVX,combined,reg,k_GTGTGCAAGA,0.5170978784561158
LVX,combined,reg,k_GTAATATATA,0.5169052124023438
LVX,combined,reg,k_AGCCTCAGCG,0.5151192665100097
LVX,combined,reg,k_CACTGCGACC,0.5072147369384765
LVX,combined,reg,k_ACCTGGTTAA,0.4922037124633789
LVX,combined,reg,k_CTCTCCAACC,0.491279149055481
LVX,combined,reg,k_GGAATGTAGA,0.4886591374874115
LVX,combined,reg,k_AACGCACTGT,0.4836418151855469
LVX,combined,reg,k_GCCTATGGCC,0.4813704490661621
LVX,combined,reg,k_CTGAGCACAA,0.47307567596435546
LVX,combined,reg,k_CACATTTGAA,0.47022533118724824
LVX,combined,reg,k_ATACATATAG,0.4694514498114586
LVX,combined,reg,k_CTCCACGTAA,0.46817302107810976
LVX,combined,reg,k_AGCTTAAAAC,0.4679194688796997
LVX,combined,reg,k_AAAAAAAAAA,0.4664477616548538
LVX,combined,reg,k_AACTAATCGC,0.4650993824005127
LVX,combined,reg,k_AGTGTAGCCC,0.46139155030250545
LVX,combined,reg,k_CTTGCAATGC,0.4590451240539551
LVX,combined,reg,k_CGAGGTGAAC,0.4584339499473572
LVX,combined,reg,k_ACACTATGGG,0.45470138788223263
LVX,combined,reg,k_CCATGTTTAG,0.4545544147491455
LVX,combined,reg,k_GATTCACTCC,0.45325698852539065
LVX,combined,reg,k_CTTTAATGTA,0.44910635948181155
LVX,combined,reg,k_TGCGCTCAAA,0.44504590332508087
LVX,combined,reg,k_TACGGCATGA,0.4409638404846191
LVX,combined,reg,k_CATTTAGGGA,0.4376092851161957
LVX,combined,reg,k_TATACATTCA,0.4334202766418457
LVX,combined,reg,k_CAACGTATAA,0.42887164354324336
LVX,combined,reg,k_AATCCGTCGG,0.42776187658309933
LVX,combined,reg,k_GTTGATCTTA,0.42708210945129393
LVX,combined,reg,k_GGGGGCTATA,0.42665586471557615
LVX,combined,reg,k_ATGCGCTCAA,0.42651212215423584
LVX,combined,reg,k_ACCCAACCAG,0.4244178831577301
LVX,combined,reg,k_GATAGGTTAA,0.42406206130981444
LVX,combined,reg,k_GCGGAAACCA,0.42338356375694275
LVX,combined,reg,k_GACTTGTGAC,0.4154879793524742
LVX,combined,reg,k_GGGTGGTACA,0.4135515093803406
LVX,combined,reg,k_AGCCGGCTCG,0.41266474723815916
LVX,combined,reg,k_CTGAAAACGC,0.4122832611203194
LVX,combined,reg,k_AAGGGAGGGA,0.4110743824392557
LVX,combined,reg,k_AACTAAAGCG,0.41001143455505373
LVX,combined,reg,k_CATTAGTCAC,0.4090887546539307
LVX,combined,reg,k_ACAGACACGG,0.4071788787841797
LVX,combined,reg,k_CGGGTCTACA,0.406705379486084
LVX,combined,reg,k_CCTACACCGC,0.4013974785804748
LVX,combined,reg,k_ATGCTTCTAC,0.39503106474876404
LVX,combined,reg,k_ACGCACACGA,0.3944871425628662
LVX,combined,reg,k_GGTCAACACA,0.3931483387947083
LVX,combined,reg,k_CTAACTAGGA,0.39294307231903075
LVX,combined,reg,k_ACATAGCATA,0.39239088296890257
LVX,combined,reg,k_CGTAATACCA,0.3918286353349686
LVX,combined,reg,k_CTATACATAG,0.3914431691169739
LVX,combined,reg,k_CGAACAGGTA,0.3900157153606415
LVX,combined,reg,k_AAGGAGCGTA,0.38832855224609375
LVX,combined,reg,k_CGTCGGCTTC,0.38776222467422483
LVX,combined,reg,k_ACAATTAGCG,0.38557020425796507
LVX,combined,reg,k_ATGTAATAGA,0.38500845432281494
LVX,combined,reg,k_CAGCTTCAGC,0.381823068857193
LVX,combined,reg,k_GTGCAAATGA,0.3813204109668732
LVX,combined,reg,k_GTAACTAATA,0.3803476929664612
LVX,combined,reg,k_CCAGGATCTA,0.3773226261138916
LVX,combined,reg,k_AGGATAGCCG,0.37616376876831054
LVX,combined,reg,k_AAGACTTAAC,0.37476301193237305
LVX,combined,reg,k_TGAACAGGCA,0.3721331715583801
LVX,combined,reg,k_TCGGTTAGAA,0.37175559997558594
LVX,combined,reg,k_ATCTTTCCCG,0.3717045307159424
LVX,combined,reg,k_GAGTATGGTA,0.3711825370788574
LVX,combined,reg,k_AAAGCCGTTG,0.36755246520042417
LVX,combined,reg,k_AACGACTTAG,0.36637651920318604
LVX,combined,reg,k_AACAGTAGAC,0.3643386006355286
LVX,combined,reg,k_AGCAACCCTC,0.360353547334671
LVX,combined,reg,k_AGATACACAT,0.3556295156478882
LVX,combined,reg,k_CAACGAGTGC,0.3550636559724808
LVX,combined,reg,k_AGCGCCTCAG,0.3538973331451416
LVX,combined,reg,k_ACCAGGGGAG,0.3495760440826416
LVX,combined,reg,k_AGCCATTTAA,0.3457141399383545
LVX,combined,reg,k_TCAGCGTCAA,0.344508695602417
LVX,combined,reg,k_CAATCTATAG,0.3440993010997772
LVX,combined,reg,k_ACAGTTCAGA,0.3434413194656372
LVX,combined,reg,k_TCTTACCGAA,0.3413533687591553
LVX,combined,reg,k_CTATTGATCA,0.34096715450286863
LVX,combined,reg,k_AAAATGTCGG,0.3385772228240967
LVX,combined,reg,k_AGATGGAGCC,0.3370081901550293
LVX,combined,reg,k_TCCGTAGCCA,0.336535120010376
LVX,combined,reg,k_TGCCTCCCAA,0.3335371971130371
LVX,combined,reg,k_AACATCTAAT,0.3330714225769043
LVX,combined,reg,t_serotype_14,0.331391316652298
LVX,combined,reg,k_AGTACCAGCG,0.3300376951694488
LVX,combined,reg,k_AGCTATGGGC,0.3280792951583862
LVX,combined,reg,k_CAACGCAAAG,0.32757003307342525
LVX,combined,reg,k_CCTGTCGCCA,0.3272536797448993
LVX,combined,reg,k_GAGCATGACA,0.32695999145507815
LVX,combined,reg,k_ATCTTGCGCA,0.3230893641710281
LVX,combined,reg,k_CAGAGAGAAG,0.32144191265106203
LVX,combined,reg,k_CAAATAGAGG,0.32137787342071533
LVX,combined,reg,k_CAGCGGATGC,0.3210066072642803
LVX,combined,reg,k_AACCGACTCC,0.3206289917230606
LVX,combined,reg,k_CGCCACAGCC,0.3191062450408936
LVX,combined,reg,k_ATTCGGAAGA,0.3189367279410362
LVX,combined,reg,k_AAGCCGCTAA,0.3187625791877508
LVX,combined,reg,k_CTCCCTCTGC,0.31781859397888185
LVX,combined,reg,k_GGCTCTATAC,0.31663689613342283
MFX,kmer,reg,k_ATAGCGTCAC,8.547796630859374
MFX,kmer,reg,k_GCAATTAGAC,6.243176603317261
MFX,kmer,reg,k_CAGCAGTCCC,5.324347972869873
MFX,kmer,reg,k_ACATAGACAC,5.154729557037355
MFX,kmer,reg,k_ACGGGTCTAC,3.8715771675109862
MFX,kmer,reg,k_ATACTCTCGA,3.797515869140625
MFX,kmer,reg,k_AGCGTACAAG,3.60349178314209
MFX,kmer,reg,k_AGTCAAGACG,3.3990301609039304
MFX,kmer,reg,k_AGATACCACA,3.1202620029449464
MFX,kmer,reg,k_CCTAGGCAAA,3.054934787750244
MFX,kmer,reg,k_GGTACCCTTA,3.0069862365722657
MFX,kmer,reg,k_TACCTACTGA,2.960159111022949
MFX,kmer,reg,k_CAGCGGATGC,2.9187440872192383
MFX,kmer,reg,k_TAAAACGCTA,2.9035269618034363
MFX,kmer,reg,k_AACTAAAGCG,2.8445602774620053
MFX,kmer,reg,k_GGGTAGAGCA,2.7555706024169924
MFX,kmer,reg,k_ATCCACTGCG,2.6243093490600584
MFX,kmer,reg,k_TACTTCCCCA,2.438109588623047
MFX,kmer,reg,k_ACGGTACCTG,2.3488925457000733
MFX,kmer,reg,k_CCACGCTCTC,2.336924839019775
MFX,kmer,reg,k_ATTGGGGCTA,2.306358051300049
MFX,kmer,reg,k_ACAGTCCGAA,2.245888900756836
MFX,kmer,reg,k_GTCTTCTGAA,2.1729724645614623
MFX,kmer,reg,k_TATTCCGTAA,2.1486905097961424
MFX,kmer,reg,k_CTCCACGTAA,2.111564683914185
MFX,kmer,reg,k_TACTTACATA,2.1068520069122316
MFX,kmer,reg,k_ATGTTTAGCC,2.0737964630126955
MFX,kmer,reg,k_CGGGTCTACA,2.068010377883911
MFX,kmer,reg,k_TAACATTGTA,2.0255739212036135
MFX,kmer,reg,k_GATCGTGACC,1.9944804191589356
MFX,kmer,reg,k_CTATACTCTA,1.9795539855957032
MFX,kmer,reg,k_CATGTACACC,1.9479087591171265
MFX,kmer,reg,k_CGTCCTTTGC,1.8969499588012695
MFX,kmer,reg,k_TCGCCCTAAA,1.8700485348701474
MFX,kmer,reg,k_GCGATGTTAC,1.8546785354614257
MFX,kmer,reg,k_CTTCATATGC,1.8476590633392334
MFX,kmer,reg,k_TAGAGAAACA,1.811601161956787
MFX,kmer,reg,k_GGAATAGACC,1.7741417646408082
MFX,kmer,reg,k_CACTCAGGCA,1.7710594177246093
MFX,kmer,reg,k_CCTCGCATTA,1.7418844938278197
MFX,kmer,reg,k_CTGTCACCGC,1.705158805847168
MFX,kmer,reg,k_ACGACTTTAA,1.6747541427612305
MFX,kmer,reg,k_ATTGAACAAC,1.672755813598633
MFX,kmer,reg,k_TACACAGGCA,1.6614103317260742
MFX,kmer,reg,k_CTGTGAGCCA,1.657965087890625
MFX,kmer,reg,k_CAACTTACTC,1.6441802978515625
MFX,kmer,reg,k_CATTAAACAC,1.6059700012207032
MFX,kmer,reg,k_TAAATCGAGA,1.60436954498291
MFX,kmer,reg,k_ACTCGTTGAT,1.5960044741630557
MFX,kmer,reg,k_ACCGATTCTA,1.5855983734130858
MFX,kmer,reg,k_GAGTGCTTCA,1.5727009296417234
MFX,kmer,reg,k_CGGTTGAGTC,1.5718307495117188
MFX,kmer,reg,k_AGGACGATAA,1.5668646693229675
MFX,kmer,reg,k_GTAACACCAC,1.5628252387046815
MFX,kmer,reg,k_GACTTGTGAC,1.546113908290863
MFX,kmer,reg,k_GAACAATGCC,1.545310878753662
MFX,kmer,reg,k_GTGTATAACA,1.521535301208496
MFX,kmer,reg,k_ATAGTGATTC,1.50911169052124
MFX,kmer,reg,k_CCTGTTTAGA,1.4903794050216674
MFX,kmer,reg,k_CTAGAGCTGA,1.471946382522583
MFX,kmer,reg,k_AATGCATCAG,1.4684225082397462
MFX,kmer,reg,k_GACGGGTCTA,1.4661792755126952
MFX,kmer,reg,k_GGCTGAAGCC,1.457056188583374
MFX,kmer,reg,k_CGAACTCGTA,1.454045295715332
MFX,kmer,reg,k_TAGATCGGGA,1.444165325164795
MFX,kmer,reg,k_AAGGTAGACG,1.4325798988342284
MFX,kmer,reg,k_CGACTTACTA,1.4197357177734375
MFX,kmer,reg,k_GAATGGGCTA,1.4183527350425722
MFX,kmer,reg,k_GACAAGCGCA,1.417694091796875
MFX,kmer,reg,k_AATTCTGATC,1.3993644714355469
MFX,kmer,reg,k_CACCTTAATA,1.3891098022460937
MFX,kmer,reg,k_GTCAGGGATA,1.3862415313720704
MFX,kmer,reg,k_AGTTCCATCC,1.3804533004760742
MFX,kmer,reg,k_CAGTGCTTCA,1.3695470333099364
MFX,kmer,reg,k_AGGACTTCGG,1.368422031402588
MFX,kmer,reg,k_CCGCTTAGAA,1.350562858581543
MFX,kmer,reg,k_AAGTGCATAC,1.3492134690284727
MFX,kmer,reg,k_TTATCGGGAA,1.3490602493286132
MFX,kmer,reg,k_CTTCCGAGAA,1.3475749015808105
MFX,kmer,reg,k_ATCGCTTTCG,1.3418158769607544
MFX,kmer,reg,k_ATAGGTCCAT,1.3400168418884277
MFX,kmer,reg,k_AATTCGGAGT,1.334707546234131
MFX,kmer,reg,k_CAACCAGGCC,1.3176237106323243
MFX,kmer,reg,k_CAAACGGCGG,1.296398639678955
MFX,kmer,reg,k_AAGCGGATTC,1.2898318767547607
MFX,kmer,reg,k_GGGCTAAACA,1.2894336700439453
MFX,kmer,reg,k_CACAGTGATA,1.2760173797607424
MFX,kmer,reg,k_AGGAGTGTTC,1.2755891799926757
MFX,kmer,reg,k_AATTGGGGGT,1.2643337488174438
MFX,kmer,reg,k_GTTTGAGTAA,1.2582096099853515
MFX,kmer,reg,k_CTGCTTTCCC,1.258001708984375
MFX,kmer,reg,k_AGTAGACTCA,1.2537467002868652
MFX,kmer,reg,k_GGGGTTAGGA,1.2415849685668945
MFX,kmer,reg,k_GTACGGCATA,1.2363380432128905
MFX,kmer,reg,k_ATTACGAAGC,1.233830738067627
MFX,kmer,reg,k_ATATAATGCC,1.2217637062072755
MFX,kmer,reg,k_AATGATTAAT,1.2193087041378021
MFX,kmer,reg,k_ATGCTACCAT,1.211397075653076
MFX,kmer,reg,k_ATGTCAGAGC,1.2106470108032226
MFX,kmer,reg,k_ATATCTCAAG,1.2021608352661133
MFX,kmer,reg,k_CTAACCCCTA,1.1777364209294319
MFX,kmer,reg,k_TGCGCTCAAA,1.1762584686279298
MFX,kmer,reg,k_AGGACTCCAA,1.1720267534255981
MFX,kmer,reg,k_CGCTCTGACA,1.158810520172119
MFX,kmer,reg,k_TGCGACGGAA,1.1578580439090727
MFX,kmer,reg,k_AGTTAATCGC,1.155270516872406
MFX,kmer,reg,k_AATATGAAGT,1.1543646335601807
MFX,kmer,reg,k_ACGTGGCATA,1.1518038153648376
MFX,kmer,reg,k_AGCGGGAACC,1.1497781038284303
MFX,kmer,reg,k_AAGGTAGACT,1.1491609573364259
MFX,kmer,reg,k_ATAATTTCGG,1.127745771408081
MFX,kmer,reg,k_ACGCTAATGG,1.1231652140617372
MFX,kmer,reg,k_GCCGCTAACA,1.1120247840881348
MFX,kmer,reg,k_AGTGTAGCCC,1.1021703839302062
MFX,kmer,reg,k_ATGCGCTCAA,1.0947709679603577
MFX,kmer,reg,k_ATTAGAGACG,1.092335319519043
MFX,kmer,reg,k_CGCGTAGGAA,1.0846211433410644
MFX,kmer,reg,k_GTCGCCAACA,1.0823774337768555
MFX,kmer,reg,k_GCCTATAACC,1.0740647852420806
MFX,kmer,reg,k_GAAAGCCACA,1.0586926460266113
MFX,kmer,reg,k_AATCGCCCTA,1.056397294998169
MFX,kmer,reg,k_GAACACGCAC,1.054970097541809
MFX,kmer,reg,k_GATAGCAGCC,1.0508190393447876
MFX,kmer,reg,k_GACACCCGCA,1.0397699356079102
MFX,kmer,reg,k_AGAATTAGAT,1.0387999057769775
MFX,kmer,reg,k_ACTCCCTAAT,1.0373641967773437
MFX,kmer,reg,k_AGTGGGAAAC,1.0341341972351075
MFX,kmer,reg,k_ATGTACCCGA,1.0251625061035157
MFX,kmer,reg,k_GCTTAAGTAC,1.024288511276245
MFX,kmer,reg,k_GGTACTATAA,1.0237980842590333
MFX,kmer,reg,k_CACCAGTGCG,1.0218948006629944
MFX,kmer,reg,k_ATGGGGCGTC,1.0204463958740235
MFX,kmer,reg,k_AAGCCGACGC,1.0173340559005737
MFX,kmer,reg,k_CACTCGGTCA,1.003783655166626
MFX,kmer,reg,k_TGTGTGAGAA,1.0037559628486632
MFX,kmer,reg,k_GCATGCCTTA,0.9893172025680542
MFX,kmer,reg,k_AAGCGCTCTA,0.9857107374817132
MFX,kmer,reg,k_GAGCTTAGGC,0.9817183494567872
MFX,kmer,reg,k_CGGTAGAACA,0.9813018798828125
MFX,kmer,reg,k_AGATGGGGCG,0.9803931176662445
MFX,kmer,reg,k_ATACAATACA,0.9742363929748535
MFX,kmer,reg,k_ACACTTGAGG,0.9718387603759766
MFX,kmer,reg,k_AACGTCTGCC,0.9694917678833008
MFX,kmer,reg,k_CAAGCGAACG,0.9661833524703979
MFX,kmer,reg,k_AGAGCCGTCC,0.9555168628692626
MFX,kmer,reg,k_CTGGACTAAC,0.9451886177062988
MFX,kmer,reg,k_CCAAATTCAG,0.943469226360321
MFX,kmer,reg,k_AGCGGTGAGA,0.9422164916992187
MFX,kmer,reg,k_GGTTAGTTCA,0.9376725196838379
MFX,kmer,reg,k_AAACTGGCCT,0.935462760925293
MFX,kmer,reg,k_CTTTGTGTAC,0.9327423095703125
MFX,kmer,reg,k_CAGACACGAC,0.9265160083770752
MFX,kmer,reg,k_GGATAGCTAA,0.9204955458641052
MFX,kmer,reg,k_GCTGGCAACA,0.9190689086914063
MFX,kmer,reg,k_CCCCCAATTA,0.9158937811851502
MFX,kmer,reg,k_ATCGTCCACA,0.9158719539642335
MFX,kmer,reg,k_AACCAGTGCT,0.9135234355926514
MFX,kmer,reg,k_GCTAAGTATA,0.9131620407104493
MFX,kmer,reg,k_CGACCATTTA,0.9115632057189942
MFX,kmer,reg,k_CATATTTAAG,0.9115432560443878
MFX,kmer,reg,k_GGCAGGCTAA,0.9091585159301758
MFX,kmer,reg,k_GTCTCCCAGA,0.9059959530830384
MFX,kmer,reg,k_ATAGGAAGTG,0.9037913322448731
MFX,kmer,reg,k_GTACTACCTA,0.9036886870861054
MFX,kmer,reg,k_GACTCCAGCC,0.9033977150917052
MFX,kmer,reg,k_AATTAATCGC,0.9004291534423828
MFX,kmer,reg,k_ATCGTCGAAT,0.8981525421142578
MFX,kmer,reg,k_CACTCGAAAA,0.8936522722244262
MFX,kmer,reg,k_CGATAGCTAC,0.8935559272766114
MFX,kmer,reg,k_ATCGTCCTAC,0.8915662646293641
MFX,kmer,reg,k_ATTTCTGCGA,0.8880869805812835
MFX,kmer,reg,k_AATCGGCATC,0.8854593753814698
MFX,kmer,reg,k_GAACCGTCTA,0.8833894729614258
MFX,kmer,reg,k_CAAGTACTAG,0.881656551361084
MFX,kmer,reg,k_CGAAGAGACG,0.8789976358413696
MFX,kmer,reg,k_CGCAGCTAGA,0.8763782024383545
MFX,kmer,reg,k_CTATGCGCTC,0.8744140863418579
MFX,kmer,reg,k_CACGTAAGGG,0.8716419279575348
MFX,kmer,reg,k_ATGATTAATA,0.8712736129760742
MFX,kmer,reg,k_ATACATGTCC,0.8667778253555298
MFX,kmer,reg,k_CTCACAACCC,0.8646842956542968
MFX,kmer,reg,k_CGTAATACCA,0.8619351387023926
MFX,kmer,reg,k_AGCTAAGTCC,0.8603917837142945
MFX,kmer,reg,k_ACGTGCCAGT,0.8587869644165039
MFX,kmer,reg,k_CAAGCCGGTA,0.8562711715698242
MFX,kmer,reg,k_ACTCCCGATA,0.8547414302825928
MFX,kmer,reg,k_GTTGCAGGCA,0.8546380043029785
MFX,kmer,reg,k_ACCGCTCAGC,0.8536944091320038
MFX,kmer,reg,k_CGTTATTGTA,0.8529289245605469
MFX,kmer,reg,k_ATCATAAGCG,0.8506297111511231
MFX,kmer,reg,k_ATGGGAGCGA,0.8505179405212402
MFX,kmer,reg,k_ATTTGGACAC,0.8495786666870118
MFX,kmer,reg,k_AACTCCAGAG,0.8489975392818451
MFX,kmer,reg,k_GCTGTAAACC,0.8474615097045899
MFX,kmer,reg,k_CCCCTAGTAA,0.8396896362304688
MFX,kmer,reg,k_ATGGGCGCAA,0.839163875579834
MFX,kmer,reg,k_ATTCTAACGC,0.832604169845581
MFX,kmer,reg,k_CTCGCTCTCA,0.8322072267532349
MFX,kmer,reg,k_GCTCCCTAAC,0.8290309906005859
MFX,kmer,reg,k_TAAGGGCCAA,0.8289308547973633
MFX,combined,reg,k_ATAGCGTCAC,7.951107215881348
MFX,combined,reg,k_TAGAGAAACA,5.264991760253906
MFX,combined,reg,k_CAGCGGATGC,5.02193146944046
MFX,combined,reg,k_GCAATTAGAC,4.45473346710205
MFX,combined,reg,k_AGCGTACAAG,4.419128179550171
MFX,combined,reg,k_AGTCAAGACG,4.155296802520752
MFX,combined,reg,k_ATACTCTCGA,3.8032247304916385
MFX,combined,reg,k_ACATAGACAC,3.775472259521484
MFX,combined,reg,k_GGAATAGACC,3.467433834075928
MFX,combined,reg,k_AGATACCACA,3.2166493415832518
MFX,combined,reg,k_GTCTTCTGAA,3.1296268701553345
MFX,combined,reg,k_ACGGTACCTG,2.9940004348754883
MFX,combined,reg,k_ACGGGTCTAC,2.8647061347961422
MFX,combined,reg,k_AATGGGTATA,2.801425552368164
MFX,combined,reg,k_TAAGTTTAGA,2.7967278480529787
MFX,combined,reg,k_CCTAGGCAAA,2.727275323867798
MFX,combined,reg,k_AAGGGACTGC,2.7027969360351562
MFX,combined,reg,k_GGCCTATAAA,2.6076231002807617
MFX,combined,reg,k_AAAGACACGT,2.5761104583740235
MFX,combined,reg,k_AGGCGACATA,2.488167953491211
MFX,combined,reg,k_TACTTCCCCA,2.479498195648193
MFX,combined,reg,k_TATAAATCCA,2.4742910861968994
MFX,combined,reg,k_CTGCTTTCCC,2.4592159271240233
MFX,combined,reg,k_TATACGATAA,2.423442077636719
MFX,combined,reg,k_AGAGTAGACC,2.288069152832031
MFX,combined,reg,k_CATTAAACAC,2.2864506244659424
MFX,combined,reg,k_AAGCACCAGT,2.27372727394104
MFX,combined,reg,k_ATGTTTAGCC,2.245430600643158
MFX,combined,reg,k_CACAGTGATA,2.242326259613037
MFX,combined,reg,k_CTGTCACCGC,2.237000274658203
MFX,combined,reg,k_CTTCCGAGAA,2.162141227722168
MFX,combined,reg,k_GATCGTGACC,2.1268320083618164
MFX,combined,reg,k_CCACGCTCTC,2.126506233215332
MFX,combined,reg,k_GGTACCCTTA,2.0784496068954468
MFX,combined,reg,k_ATGCGCTCAA,2.0657026290893556
MFX,combined,reg,k_ACAGTCCGAA,2.049892520904541
MFX,combined,reg,k_CCTCGCATTA,2.0449472427368165
MFX,combined,reg,k_CTTGCCTAAC,1.9680650234222412
MFX,combined,reg,k_GTAACACCAC,1.9075913429260254
MFX,combined,reg,k_ATCGTAATTA,1.8757436752319336
MFX,combined,reg,k_CCTTACATCC,1.8486711502075195
MFX,combined,reg,k_ACAGCAGTCC,1.8404229164123536
MFX,combined,reg,k_TCGCCCTAAA,1.8370898127555846
MFX,combined,reg,k_TACTTACATA,1.832602047920227
MFX,combined,reg,k_CACAAAACAC,1.8208182573318483
MFX,combined,reg,k_TATTCCGTAA,1.796129012107849
MFX,combined,reg,k_GGATAGCGCA,1.7844122022390367
MFX,combined,reg,k_ACCTGTAAGC,1.7655010223388672
MFX,combined,reg,k_CGGACGATTA,1.7648990631103516
MFX,combined,reg,k_CGGGTCTACA,1.7618782997131346
MFX,combined,reg,k_TACCCAAAAA,1.7585744857788086
MFX,combined,reg,k_AACTAAAGCG,1.7485235929489136
MFX,combined,reg,k_GCCAAGCCGC,1.7379782676696776
MFX,combined,reg,k_AATATGTGCG,1.727979350090027
MFX,combined,reg,k_CGGTCGAAAC,1.7176240921020507
MFX,combined,reg,k_CCTTACAATA,1.7061683654785156
MFX,combined,reg,k_AACCATGAGC,1.6766149520874025
MFX,combined,reg,k_CAAGCCGGTA,1.6639533996582032
MFX,combined,reg,k_CCGCTTAGAA,1.6521709442138672
MFX,combined,reg,k_ACCGTCGAAG,1.6503131866455079
MFX,combined,reg,k_GTTTGAGTAA,1.6302796363830567
MFX,combined,reg,k_CAGTGCTTCA,1.6011012554168702
MFX,combined,reg,k_ATTGGGGCTA,1.5951234102249146
MFX,combined,reg,k_GCTTAAGTAC,1.5928667068481444
MFX,combined,reg,k_CAACGGAGGA,1.5917892456054688
MFX,combined,reg,k_CCCTACCTCA,1.591478157043457
MFX,combined,reg,k_GGGTGGTACA,1.5894472122192382
MFX,combined,reg,k_CTAGAGCTGA,1.5893658280372618
MFX,combined,reg,k_ATCGTCCGAC,1.577808952331543
MFX,combined,reg,k_AGCCGCTAAC,1.5333743572235106
MFX,combined,reg,k_GGTACTAGTA,1.5131876945495606
MFX,combined,reg,k_CGTTGTTTAA,1.508255672454834
MFX,combined,reg,k_AATAGTAGTG,1.4992230057716371
MFX,combined,reg,k_CGCATGTACA,1.4938899397850038
MFX,combined,reg,k_AATTGGGGGT,1.4828814268112183
MFX,combined,reg,k_AAAGGGGCTC,1.4761233806610108
MFX,combined,reg,k_AGTTGTGCAT,1.4725889205932616
MFX,combined,reg,k_ATACGCTTTA,1.469695806503296
MFX,combined,reg,k_GTGTATAACA,1.4589622497558594
MFX,combined,reg,k_CCGCAGGTTA,1.4547345399856568
MFX,combined,reg,k_CCCGAACTAA,1.447948169708252
MFX,combined,reg,k_CATATTTAAG,1.4368354320526122
MFX,combined,reg,k_CACTCGGTCA,1.4262116432189942
MFX,combined,reg,k_GACAATCTAA,1.4244811058044435
MFX,combined,reg,k_ACTGATGTTA,1.421658420562744
MFX,combined,reg,k_AATACTCCCA,1.4195268630981446
MFX,combined,reg,k_CTATGCGGTA,1.4080137252807616
MFX,combined,reg,k_GGTACTATCA,1.4075583457946776
MFX,combined,reg,t_serotype_15B,1.4064571380615236
MFX,combined,reg,k_GAGTGCTTCA,1.3999562025070191
MFX,combined,reg,k_CGTAATACCA,1.3993231177330019
MFX,combined,reg,k_GACTTGTGAC,1.3966374874114988
MFX,combined,reg,k_GCCGTATACA,1.394070529937744
MFX,combined,reg,k_CGGGCATTGA,1.3831161499023437
MFX,combined,reg,k_TACCTACTGA,1.370689582824707
MFX,combined,reg,k_CCTCGGCTCG,1.3704822540283204
MFX,combined,reg,k_GTACGGCATA,1.3640535354614258
MFX,combined,reg,k_AGCGCCACGG,1.3618111610412598
MFX,combined,reg,k_CACTCAGGCA,1.3605075836181642
MFX,combined,reg,k_TCCGAAACAA,1.3596055507659912
MFX,combined,reg,k_ATCTATAGGG,1.3571985960006714
MFX,combined,reg,k_GCTTCTCACA,1.3434657812118531
MFX,combined,reg,k_ACGGGAAACC,1.3427655220031738
MFX,combined,reg,k_AGGCTTGCGG,1.3205812454223633
MFX,combined,reg,k_AATTCTGATC,1.313317108154297
MFX,combined,reg,k_AAGCGGATTC,1.310169506072998
MFX,combined,reg,k_ACTCGTTGAT,1.3040801286697388
MFX,combined,reg,k_AGACGAAAAC,1.302205467224121
MFX,combined,reg,k_CACCTTAATA,1.2903508186340333
MFX,combined,reg,k_AGGCTGAACT,1.2853276252746582
MFX,combined,reg,k_CTCTGATATC,1.2674457073211671
MFX,combined,reg,k_GGGAGATCTA,1.266349697113037
MFX,combined,reg,k_ATACAATACA,1.2614796876907348
MFX,combined,reg,k_ATTAACTAGG,1.2367564678192138
MFX,combined,reg,k_CCTGCTGGCC,1.2330411911010741
MFX,combined,reg,k_ACGGACTACA,1.2287598609924317
MFX,combined,reg,k_AGGACGATAA,1.2197596788406373
MFX,combined,reg,k_AAACCAACGC,1.2110361576080324
MFX,combined,reg,k_CGGAGAAACC,1.2054210662841798
MFX,combined,reg,k_ACCTCATGAG,1.2023664474487306
MFX,combined,reg,k_ATCTAGTTCC,1.1970691680908203
MFX,combined,reg,k_CTGGACTAAC,1.1855610847473144
MFX,combined,reg,k_ACCTCCCAAG,1.1840373992919921
MFX,combined,reg,k_ATTTCTGCGA,1.179043161869049
MFX,combined,reg,k_TGCGCTCAAA,1.1743236660957335
MFX,combined,reg,k_CTTTGTGTAC,1.162660264968872
MFX,combined,reg,k_CCCAATTACC,1.1591761589050293
MFX,combined,reg,k_AGGAGTGTTC,1.1504247665405272
MFX,combined,reg,k_AATGATTAAT,1.1381086349487304
MFX,combined,reg,k_GCTGGCAACA,1.1361514568328857
MFX,combined,reg,k_CGCTCAAAGC,1.1253651976585388
MFX,combined,reg,k_AGTAGCCCCC,1.1250256538391112
MFX,combined,reg,k_GAGGCTGAGC,1.1177280843257904
MFX,combined,reg,k_CGACCGTTCC,1.1162331581115723
MFX,combined,reg,k_AAGGTGTCAC,1.1098637580871582
MFX,combined,reg,k_AGAAGGCAGG,1.102212142944336
MFX,combined,reg,k_CATCCCCTCA,1.099825096130371
MFX,combined,reg,k_CAATAACTTA,1.0986474275588989
MFX,combined,reg,k_AATGGGTTCG,1.0985438346862793
MFX,combined,reg,k_AGAGTCGATA,1.095590591430664
MFX,combined,reg,k_AGTATAGCGG,1.0923362731933595
MFX,combined,reg,k_GGCAATGGAA,1.0914481163024903
MFX,combined,reg,k_GAATCGATAC,1.088787031173706
MFX,combined,reg,k_ATGACTTACG,1.0887321710586548
MFX,combined,reg,k_AAAATGGGTA,1.0868199437856676
MFX,combined,reg,k_CTCCACGTAA,1.0828229427337646
MFX,combined,reg,k_ACAAGCCATG,1.081836223602295
MFX,combined,reg,k_GGTTTCCGCA,1.0784475326538085
MFX,combined,reg,k_ATTACTAGGG,1.0780864000320434
MFX,combined,reg,k_TAGTCCTATA,1.0756341457366942
MFX,combined,reg,k_GAATGGGCTA,1.0705665588378905
MFX,combined,reg,k_CTTAGCTCAC,1.0591788291931152
MFX,combined,reg,k_CTAATGAATA,1.0562509536743163
MFX,combined,reg,k_ACATAGTGAA,1.055043363571167
MFX,combined,reg,k_TGTTCACTAA,1.0503858566284179
MFX,combined,reg,k_CGATACTATC,1.047798252105713
MFX,combined,reg,k_AGAGGGTTTA,1.0477801084518432
MFX,combined,reg,k_ACCACAGATG,1.0467566013336183
MFX,combined,reg,k_TATATGGTCA,1.0427068710327148
MFX,combined,reg,k_ATAAATGCAT,1.0319146156311034
MFX,combined,reg,k_ATCGTCCACA,1.0305108070373534
MFX,combined,reg,k_GCACGACCAC,1.0300199508666992
MFX,combined,reg,k_CAACGGTATG,1.0295876026153565
MFX,combined,reg,k_ATGCTACCAT,1.0228845596313476
MFX,combined,reg,k_AAGTTAGAGG,1.0188837051391602
MFX,combined,reg,k_AATCGGCATC,1.018879270553589
MFX,combined,reg,k_AGGTAGAATG,1.0176965475082396
MFX,combined,reg,k_AGTCTAACTC,1.016703987121582
MFX,combined,reg,k_ATACGGCATG,1.0127331733703613
MFX,combined,reg,k_ACCATGAGCC,1.0107699900865557
MFX,combined,reg,k_CTAACCCCTA,1.0031910181045531
MFX,combined,reg,k_CATAGGGGGG,1.0029935240745544
MFX,combined,reg,k_CGTGAAACTA,1.0006044387817383
MFX,combined,reg,k_GTGGGAATAA,0.9971269130706788
MFX,combined,reg,k_CAGGCATCGA,0.9926528930664062
MFX,combined,reg,k_CATTCTCCGC,0.988709670305252
MFX,combined,reg,k_ATGTCAGAGC,0.9840819358825683
MFX,combined,reg,k_ACCCCTCTAC,0.9830848693847656
MFX,combined,reg,k_GAAAAACCCC,0.9754707813262938
MFX,combined,reg,k_GAACACGCAC,0.9706519961357116
MFX,combined,reg,k_AAGTGCATCA,0.967771577835083
MFX,combined,reg,k_CGTTATTGTA,0.9641363859176636
MFX,combined,reg,k_CACACAAGAG,0.96253559589386
MFX,combined,reg,k_AGGAGTGGCC,0.9609626293182373
MFX,combined,reg,k_CATGTACACC,0.9572391629219056
MFX,combined,reg,k_GAAGTAATGA,0.9564333438873291
MFX,combined,reg,k_CAGCTCTGAG,0.9554360151290893
MFX,combined,reg,k_AGGGGACTTA,0.9535609602928161
MFX,combined,reg,k_ACGCTAATGG,0.9470767498016358
MFX,combined,reg,k_AGCAACTTAA,0.9465601503849029
MFX,combined,reg,k_AATCGCCCTA,0.9430317461490632
MFX,combined,reg,k_CGGATCTAAA,0.942503809928894
MFX,combined,reg,k_CAGTGGAAAG,0.9418206214904785
MFX,combined,reg,k_AACATAGCCG,0.9411493301391601
MFX,combined,reg,k_ACAGCCCTGA,0.9397266387939454
MFX,combined,reg,k_ATGGGGCGTC,0.9374546051025391
MFX,combined,reg,k_GGAGTCTTCA,0.9366537094116211
MFX,combined,reg,k_ACTCCCGAAT,0.9355425477027892
MFX,combined,reg,k_AACCAGTGCT,0.9354370772838593
MFX,combined,reg,k_CTGTACAACC,0.9292473793029785
SXT,kmer,reg,k_AATCCGGAAG,881.6705169677734
SXT,kmer,reg,k_CGCGTAATCC,475.30111999511723
SXT,kmer,reg,k_ATCCGGAAGA,288.6434125423431
SXT,kmer,reg,k_CGAGCTAGGA,210.8931640625
SXT,kmer,reg,k_AATACGCCCT,206.40356407165527
SXT,kmer,reg,k_CCACCGTCCG,183.80631790161132
SXT,kmer,reg,k_CCGATATCGA,149.75817375183107
SXT,kmer,reg,k_CCGACTCATA,131.99103088378908
SXT,kmer,reg,k_AAGCGAGGCT,129.53664627075193
SXT,kmer,reg,k_AGGGCTGGCG,81.54185180664064
SXT,kmer,clf,k_AATACGCCCT,70.71199913024903
SXT,kmer,reg,k_GCAATACGCC,70.26624908447266
SXT,kmer,reg,k_CACGGCTTCG,65.5601131439209
SXT,kmer,reg,k_CCTACATAAA,64.07640533447267
SXT,kmer,clf,k_CGCGTAATCC,55.93550529479981
SXT,kmer,reg,k_TAGCCCCCTA,53.25098876953125
SXT,kmer,reg,k_TAATCCGGAA,45.5002366065979
SXT,kmer,clf,k_AATCCGGAAG,43.44836378097535
SXT,kmer,reg,k_AGTTACTTAT,43.3403564453125
SXT,kmer,clf,k_GCAATACGCC,41.02760133743286
SXT,kmer,clf,k_AAGCGAGGCT,38.82179069519043
SXT,kmer,reg,k_CGGACGACCA,38.805975341796874
SXT,kmer,reg,k_TAGATGCATA,36.65675659179688
SXT,kmer,reg,k_AGGGTAGGAA,36.46253662109375
SXT,kmer,reg,k_GGATCCAGGA,34.14635391235352
SXT,kmer,reg,k_ATACGCCCTG,33.53221817016602
SXT,kmer,clf,k_CCTACATAAA,32.989702415466304
SXT,kmer,reg,k_CAGGCTTGGC,29.59650115966797
SXT,kmer,reg,k_CCGGAGAATA,28.879223251342772
SXT,kmer,clf,k_CCACCGTCCG,28.03174057006836
SXT,kmer,reg,k_AATACAGAGT,27.41002197265625
SXT,kmer,reg,k_GCGTTCTGGA,26.604815673828124
SXT,kmer,reg,k_AATGTTTCCT,25.71861877441406
SXT,kmer,reg,k_CGGCATTTGA,24.811993408203126
SXT,kmer,reg,k_CCGAAAAACA,24.39530029296875
SXT,kmer,reg,k_GGTCATGCTA,23.479907226562503
SXT,kmer,reg,k_ATTCTTTCGG,23.4084228515625
SXT,kmer,reg,k_ACACGTAGAC,23.31180419921875
SXT,kmer,reg,k_CATCCAGTGA,23.11654052734375
SXT,kmer,reg,k_ATAACGTACG,22.729833984375
SXT,kmer,reg,k_AATTGCTTAC,22.29380030632019
SXT,kmer,reg,k_TAAGCCGATA,21.98157196044922
SXT,kmer,reg,k_GACCCTTGCA,20.873948097229004
SXT,kmer,reg,k_CTGTGTCGCC,20.864712524414063
SXT,kmer,reg,k_CCCTCAAGTA,20.57260093688965
SXT,kmer,reg,k_CATACAATCC,20.569586515426636
SXT,kmer,reg,k_GGCAAATGCC,20.028394412994384
SXT,kmer,clf,k_CCGACTCATA,19.541872596740724
SXT,kmer,reg,k_CGAAACCCAC,19.29207763671875
SXT,kmer,reg,k_ATATTAGGAT,18.920220947265623
SXT,kmer,reg,k_CGATTACTCC,18.8597900390625
SXT,kmer,reg,k_AGGCGACACA,18.39238586425781
SXT,kmer,reg,k_GCGATTAGTA,18.087434387207033
SXT,kmer,reg,k_CCACCATCCG,17.99561462402344
SXT,kmer,reg,k_CACTCGTGGA,17.993609619140624
SXT,kmer,clf,k_ATACGCCCTG,17.601096296310423
SXT,kmer,reg,k_CTCGACTAAC,17.473724365234375
SXT,kmer,reg,k_CCTGGCCAAC,17.306884765625
SXT,kmer,reg,k_CGATCTCAGA,17.134716796875
SXT,kmer,reg,k_CTGGTGAGTC,17.02726848721504
SXT,kmer,reg,k_CATGCTAAAC,16.309521484375
SXT,kmer,reg,k_GTCGGTACGA,15.698199272155762
SXT,kmer,reg,k_AAGACTGAGT,15.02689208984375
SXT,kmer,reg,k_ACTGCGTCCG,14.8950439453125
SXT,kmer,reg,k_AAAAGTGAGT,14.573207664489747
SXT,kmer,reg,k_AAGGATCAGA,14.385595703125
SXT,kmer,clf,k_CCTGATTAGA,14.210630416870117
SXT,kmer,reg,k_CGAGCTTGAA,14.124554443359376
SXT,kmer,reg,k_ACGGGACAGA,13.66358642578125
SXT,kmer,reg,k_AGCTCTGAGG,13.498158645629882
SXT,kmer,reg,k_ACCGCACTCT,13.343228149414063
SXT,kmer,reg,k_CGTAAGTGTA,13.187451171875
SXT,kmer,reg,k_TCTTACTGCA,13.176434326171876
SXT,kmer,reg,k_AGACCTTCGG,13.138914299011232
SXT,kmer,reg,k_GGAAAAAAAA,12.860957986116409
SXT,kmer,reg,k_AGCCGGCTCG,12.84840087890625
SXT,kmer,clf,k_AGAGGTGGTA,12.672508811950685
SXT,kmer,reg,k_GATCTCAGAA,12.611275243759156
SXT,kmer,reg,k_CTATAACCAG,12.595614624023437
SXT,kmer,reg,k_CAGGTATAGA,12.499122175574303
SXT,kmer,reg,k_ACGGAATAAG,12.385923767089842
SXT,kmer,reg,k_CAACGCACGA,12.10784912109375
SXT,kmer,reg,k_ACTCGTTGAG,11.816980934143066
SXT,kmer,reg,k_GAACGTGTGA,11.750838565826415
SXT,kmer,reg,k_AAGTTCCGAA,11.688448618352414
SXT,kmer,clf,k_AAGTGTTTAG,11.680198669433594
SXT,kmer,reg,k_AAGGTAAGCT,11.646909141540526
SXT,kmer,clf,k_ACAAGCCATG,11.613556671142579
SXT,kmer,reg,k_AATGGCGGGC,11.453193664550781
SXT,kmer,reg,k_AGTGTAAAGC,11.34464988708496
SXT,kmer,reg,k_GCCGTCTGTA,11.27955322265625
SXT,kmer,reg,k_AATATGTACT,11.19854922890663
SXT,kmer,reg,k_CTTCCACGGA,11.136489868164062
SXT,kmer,reg,k_CTACTAACAC,10.806618642807008
SXT,kmer,reg,k_AATGAGTCAA,10.793773937225343
SXT,kmer,reg,k_GACGGATCAA,10.790103912353516
SXT,kmer,reg,k_AGCAAGCACA,10.745987689495086
SXT,kmer,reg,k_GCTCATGGTA,10.693708324432373
SXT,kmer,reg,k_GCGATTTAAC,10.6854736328125
SXT,kmer,clf,k_CCACCATCCG,10.61949248313904
SXT,kmer,clf,k_CGGACGACCA,10.552354431152343
SXT,kmer,reg,k_CCCACCGCAG,10.485175967216492
SXT,kmer,clf,k_GCGGAGATCA,10.360839462280273
SXT,kmer,reg,k_ACTATCGTCA,10.334071731567384
SXT,kmer,clf,k_AGTTACTTAT,10.200303649902343
SXT,kmer,reg,k_CCACCTTACC,10.19453125
SXT,kmer,reg,k_AAGATAGGCC,10.187919020652771
SXT,kmer,reg,k_ATGCACAGGC,10.151947021484375
SXT,kmer,reg,k_CAGGTTTATA,10.146347045898438
SXT,kmer,reg,k_CTATGCTCCC,10.070691680908203
SXT,kmer,reg,k_TAGCTAACGA,10.045587158203125
SXT,kmer,reg,k_CGAAGAGGCA,10.042764282226562
SXT,kmer,reg,k_AATGTACGAG,10.035205078125
SXT,kmer,reg,k_AGACTGTACC,9.9923828125
SXT,kmer,reg,k_ATCGCTTGCG,9.880982208251954
SXT,kmer,reg,k_AGAAAGCCAC,9.805215454101562
SXT,kmer,reg,k_CTCATTGTTA,9.797190856933593
SXT,kmer,reg,k_ATCCCTTCAC,9.787950134277343
SXT,kmer,reg,k_ACACTAAGCG,9.676542663574219
SXT,kmer,reg,k_AAAATATACG,9.645446467399598
SXT,kmer,reg,k_ACTGCCTGTA,9.59666748046875
SXT,kmer,reg,k_AATCCGTCGG,9.596475100517273
SXT,kmer,reg,k_AAGCTGATGC,9.448874282836915
SXT,kmer,reg,k_GAAAGTGATC,9.315033322572708
SXT,kmer,clf,k_CGCTTCTGAG,9.281028318405152
SXT,kmer,reg,k_CGTCAGCCTC,9.152713394165039
SXT,kmer,reg,k_CAAGTCGGAC,9.058502197265625
SXT,kmer,reg,k_CTCGGAAGCC,9.043363952636719
SXT,kmer,reg,k_ACGTGGCCAT,9.023880767822266
SXT,kmer,reg,k_CATGGGTTAA,8.907821655273438
SXT,kmer,reg,k_AACATATTGC,8.905179405212403
SXT,kmer,reg,k_AGTCTCTCCA,8.7984130859375
SXT,kmer,reg,k_GCTTTCCCAC,8.769477844238281
SXT,kmer,reg,k_TACACAGGCA,8.74877471923828
SXT,kmer,reg,k_GAATAGGCGA,8.704570007324218
SXT,kmer,reg,k_TGTCACCACA,8.608424377441406
SXT,kmer,clf,k_CTCGACTAAC,8.594532775878907
SXT,kmer,clf,k_TAATCCGGAA,8.512539482116699
SXT,kmer,reg,k_CCTGACCCTC,8.479277801513671
SXT,kmer,reg,k_ATTGATCTGC,8.291024780273437
SXT,kmer,reg,k_GTAAGCTTAC,8.288787984848023
SXT,kmer,reg,k_ATTATCGGCA,8.22555923461914
SXT,kmer,reg,k_AGCTAACCGC,8.089048767089844
SXT,kmer,reg,k_AACTCAAGCG,7.886187744140624
SXT,kmer,reg,k_ACCCATCTTA,7.858544921875
SXT,kmer,reg,k_GCCTAGTGGA,7.840051937103271
SXT,kmer,reg,k_CGATCCCACA,7.814886474609375
SXT,kmer,reg,k_CGCATTATAA,7.770306396484375
SXT,kmer,reg,k_AACTCCCTTC,7.759306335449219
SXT,kmer,reg,k_GAACCGGAGA,7.721923065185547
SXT,kmer,reg,k_ACTTAACACA,7.685107421875
SXT,kmer,reg,k_CATCAATCCG,7.63404655456543
SXT,kmer,reg,k_GACTTGGCCC,7.626009654998779
SXT,kmer,reg,k_CGCTAATTCC,7.59130630493164
SXT,kmer,reg,k_AATGTGAGTG,7.553977535665036
SXT,kmer,clf,k_AATGTTTCCT,7.544548177719117
SXT,kmer,reg,k_AAAGTCGGTA,7.481322956085205
SXT,kmer,reg,k_CAGTTTAGGC,7.449196529388427
SXT,kmer,reg,k_CAATTATTCA,7.442429673671723
SXT,kmer,reg,k_AGTCTATAAG,7.432173156738282
SXT,kmer,reg,k_ACGTGCATCG,7.407691955566406
SXT,kmer,reg,k_AAGTAACAGG,7.36041259765625
SXT,kmer,reg,k_TAACACAGGA,7.339801692962647
SXT,kmer,clf,k_AGTCGGTACG,7.237108612060547
SXT,kmer,clf,k_CATCCAGTGA,7.2351226806640625
SXT,kmer,clf,k_CCCCGTAGGC,7.219790363311768
SXT,kmer,reg,k_AATGTAGTAG,7.147949206829072
SXT,kmer,reg,k_GATAGGCTTA,7.112813568115234
SXT,kmer,reg,k_TCATTAGCGA,7.07310757637024
SXT,kmer,reg,k_CGTTCATTGA,7.068033599853516
SXT,kmer,reg,k_CTGGTGCCGA,7.051865482330323
SXT,kmer,reg,k_AAGTGCGTCA,7.000562286376953
SXT,kmer,reg,k_AGCTGCATGG,6.973937225341797
SXT,kmer,reg,k_ATCTATACCC,6.9167640686035154
SXT,kmer,reg,k_AGTACGCAGA,6.886651611328125
SXT,kmer,clf,k_GGATCCAGGA,6.885115814208984
SXT,kmer,reg,k_CGACAAGCGC,6.884699010848999
SXT,kmer,reg,k_GCCCTGTTAC,6.876867008209229
SXT,kmer,reg,k_ACACGGCTAC,6.870968627929687
SXT,kmer,reg,k_CTACTATTCC,6.8521484375
SXT,kmer,reg,k_AGTCAGATCA,6.841646289825439
SXT,kmer,reg,k_GAAGTACATC,6.838885498046875
SXT,kmer,reg,k_AGAATGTATA,6.8298095703125
SXT,kmer,reg,k_CCAATTATTC,6.816946540772915
SXT,kmer,reg,k_AAAGTCGGAC,6.786911630630493
SXT,kmer,reg,k_ACAAACGTGA,6.761871337890625
SXT,kmer,reg,k_ATGTTTAGCC,6.761158847808838
SXT,kmer,reg,k_CTTCCGAACA,6.718743133544922
SXT,kmer,reg,k_CCTGGACTTA,6.704296207427978
SXT,kmer,reg,k_CACACATAAA,6.701460266113282
SXT,kmer,reg,k_AAATGGACGC,6.668921494483948
SXT,kmer,reg,k_CTTCCCGAAC,6.641171550750732
SXT,kmer,reg,k_TAGGCGCTCA,6.63921890258789
SXT,kmer,reg,k_TAAGTTCGAA,6.6123291015625
SXT,kmer,reg,k_ACCTAACTCC,6.561846733093262
SXT,kmer,reg,k_CGACCACTAC,6.503475952148437
SXT,kmer,reg,k_CCACAATCGA,6.494835662841797
SXT,kmer,reg,k_CTGCGGTTTA,6.489996409416199
SXT,kmer,reg,k_ACAAGCGCGT,6.4372821807861325
SXT,kmer,reg,k_AAAGTGGACG,6.408622550964355
SXT,combined,reg,k_CGCGTAATCC,692.4148071289062
SXT,combined,reg,k_AATCCGGAAG,516.7665405273438
SXT,combined,reg,k_CCACCGTCCG,229.55726966857912
SXT,combined,reg,k_AATACGCCCT,219.07210998535155
SXT,combined,reg,k_TAATCCGGAA,197.09434432983397
SXT,combined,reg,k_ATCCGGAAGA,179.29510803222658
SXT,combined,reg,k_CCGATATCGA,167.1174453735352
SXT,combined,reg,k_GGCAAATGCC,165.96232213974
SXT,combined,reg,k_CCGACTCATA,139.53043365478516
SXT,combined,reg,k_AGTCGGTACG,92.32371215820314
SXT,combined,reg,k_ATCGAGCATA,90.78483276367189
SXT,combined,reg,k_CCACCATCCG,74.19251132011414
SXT,combined,reg,k_GCAATACGCC,73.52223262786865
SXT,combined,reg,k_CCTACATAAA,72.19604759216308
SXT,combined,reg,k_ATACGCCCTG,69.23186111450195
SXT,combined,reg,k_ATACCACCAT,64.893798828125
SXT,combined,reg,k_CACGGCTTCG,59.01928215026855
SXT,combined,reg,k_GGATCCAGGA,58.387964439392086
SXT,combined,reg,k_AAGCGAGGCT,56.73322734832763
SXT,combined,clf,k_CGCGTAATCC,52.29745254516602
SXT,combined,reg,k_CTGGGGTATA,52.28699951171875
SXT,combined,clf,k_AATACGCCCT,51.91816101074219
SXT,combined,reg,k_ACACTTAACG,51.547027587890625
SXT,combined,reg,k_CGGACGACCA,48.62803344726562
SXT,combined,reg,k_CGCACCAAGA,48.50460205078125
SXT,combined,reg,k_AGGGCTGGCG,43.87607955932617
SXT,combined,clf,k_ATCCGGAAGA,43.40996432304382
SXT,combined,reg,k_CATACATATA,41.30729370117188
SXT,combined,clf,k_TAACCGACTA,39.528436279296876
SXT,combined,clf,k_CCACCGTCCG,39.49131050109863
SXT,combined,reg,k_AGGCGACACA,32.88836669921875
SXT,combined,reg,k_TGAGCACTAA,30.374916076660156
SXT,combined,reg,k_AGACTGTACC,28.562969970703126
SXT,combined,reg,k_GGGACGTTAA,28.240521240234376
SXT,combined,reg,k_ATCGCTCGGG,26.4987060546875
SXT,combined,reg,k_GACCCTTGCA,26.178255462646483
SXT,combined,reg,k_ACAAGCCATG,25.78467483520508
SXT,combined,reg,k_AGTGAAGCAT,24.237540924549105
SXT,combined,reg,k_ATCCGGAGAA,24.0309326171875
SXT,combined,reg,k_ACCGAGAATG,22.9879638671875
SXT,combined,reg,k_ATGCTGCACA,22.89840087890625
SXT,combined,reg,k_ATAACGTACG,22.729833984375
SXT,combined,reg,k_CCCTCAAGTA,22.627671051025388
SXT,combined,reg,k_GTACCGACTA,22.614671325683595
SXT,combined,reg,k_AAGGGATCTC,22.27200927734375
SXT,combined,clf,k_CGGACGACCA,21.968067932128903
SXT,combined,reg,k_CAGGTATAGA,21.80298843383789
SXT,combined,reg,k_ATAGGTTTAA,20.7338809967041
SXT,combined,reg,k_AAGAGATCCC,20.343256664276122
SXT,combined,reg,k_GTTGGCGCTA,20.239239501953126
SXT,combined,reg,k_ATGGCTTAAT,19.69437255859375
SXT,combined,reg,k_GCGTTTACTA,19.13866424560547
SXT,combined,reg,k_GCGATTAGTA,18.80378112792969
SXT,combined,clf,k_CCGACTCATA,18.4323112487793
SXT,combined,reg,k_GATCTCAGAA,18.023621845245362
SXT,combined,reg,k_ATAACCTCGG,17.6430419921875
SXT,combined,reg,k_AGCATAGTGA,17.4570068359375
SXT,combined,reg,k_ACTAGTGCGA,17.331643676757814
SXT,combined,reg,k_TAGCCCCCTA,17.273420333862305
SXT,combined,reg,k_CCTGGCCAAC,16.9703369140625
SXT,combined,reg,k_CGATCCCACA,16.684423828125
SXT,combined,reg,k_AGGGTAGGAA,16.628268432617187
SXT,combined,reg,k_CAGACAGTTC,16.523857092857362
SXT,combined,reg,k_CATGCTAAAC,15.9236328125
SXT,combined,reg,k_GCAGTACCCA,15.894854736328124
SXT,combined,reg,k_CTGTAGTTCA,15.80552978515625
SXT,combined,clf,k_AATCCGGAAG,15.754791688919068
SXT,combined,reg,k_GGCGATATTA,15.362451171875
SXT,combined,clf,k_CCTACATAAA,15.359181785583495
SXT,combined,reg,k_AGGCACGCTA,15.292021942138671
SXT,combined,reg,k_CACTAAGATG,15.07132568359375
SXT,combined,clf,k_ATACGCCCTG,14.882725524902344
SXT,combined,clf,k_ATACCACCAT,14.775469970703126
SXT,combined,reg,k_CATTATACGA,14.74678955078125
SXT,combined,reg,k_AATGAGTCAA,14.645548629760743
SXT,combined,reg,k_TGTTACTAAA,14.546817398071289
SXT,combined,reg,k_TAGATATTAA,14.496615600585939
SXT,combined,reg,k_ATTCTTTCGG,14.366043090820312
SXT,combined,reg,k_GAGTTAGTTA,14.027734375
SXT,combined,reg,k_CCTGATTAGA,13.981225681304933
SXT,combined,reg,k_CACGATTCAA,13.79163818359375
SXT,combined,reg,k_CTACTAACAC,13.625477600097657
SXT,combined,reg,k_AGTAACTGTG,13.59978199005127
SXT,combined,reg,k_CAGTATGCCG,13.4841796875
SXT,combined,reg,k_ACCGAATCCT,13.13392333984375
SXT,combined,reg,k_AGCTAACCGC,13.013817024230958
SXT,combined,reg,k_ATCGACTTAG,12.971372985839844
SXT,combined,reg,k_CAACACAGGG,12.762795066833498
SXT,combined,reg,k_GTACGGAGGA,12.6604736328125
SXT,combined,reg,k_CTATCGGATC,12.489414978027344
SXT,combined,reg,k_ACAGAGTTCG,12.36507339477539
SXT,combined,reg,k_AAGTTCCGAA,12.352371418476103
SXT,combined,clf,k_CACGGCTTCG,12.233293724060058
SXT,combined,reg,k_TCTTACTGCA,12.151285123825073
SXT,combined,reg,k_AATATGTACT,11.808339691162109
SXT,combined,reg,k_ATAGTTGCCC,11.741763305664062
SXT,combined,reg,k_GAAACAGTAA,11.62598876953125
SXT,combined,reg,k_ACACGGCAAA,11.56369400024414
SXT,combined,reg,k_ACGGAATAAG,11.369600462913514
SXT,combined,reg,k_AGTGTAAAGC,11.241772246360778
SXT,combined,reg,k_AGATTAGAGC,11.211127471923827
SXT,combined,reg,k_CGCTTCTGAG,11.049113845825195
SXT,combined,reg,k_GCACAAGCGC,11.032501220703125
SXT,combined,reg,k_GCTCTGAGGA,10.99884033203125
SXT,combined,reg,k_CCACGACTGA,10.823529052734376
SXT,combined,clf,k_CCACCATCCG,10.752760076522828
SXT,combined,reg,k_CACTTTCCAC,10.69423770904541
SXT,combined,reg,k_CACAAAACAG,10.690957641601564
SXT,combined,reg,k_GAATAGGCGA,10.57928886413574
SXT,combined,clf,k_ACCAACTGCG,10.543690490722657
SXT,combined,reg,k_AAAGTCGGAC,10.53126630783081
SXT,combined,reg,k_TGTCCGGAAA,10.497251892089844
SXT,combined,reg,k_AGTTAAGAAC,10.443594169616699
SXT,combined,reg,k_AAGATAGGCC,10.389246392250062
SXT,combined,reg,k_TAGGCGATCA,10.31141357421875
SXT,combined,reg,k_ATGTTTAGCC,10.206003975868224
SXT,combined,reg,k_ATATACCACA,10.05765380859375
SXT,combined,clf,k_TAATCCGGAA,9.95927128791809
SXT,combined,reg,t_serotype_19F,9.861057376861572
SXT,combined,reg,k_ATTGCCTCCG,9.842497253417969
SXT,combined,reg,k_AATGTACGAG,9.81994571685791
SXT,combined,reg,k_ACTTGGACTC,9.74407958984375
SXT,combined,reg,k_AAGTTATATG,9.723751831054688
SXT,combined,reg,k_ACTTAACACA,9.67607421875
SXT,combined,reg,k_TATGCCTAGA,9.643362426757813
SXT,combined,reg,k_ACAAGTCGCC,9.616774749755859
SXT,combined,reg,k_TAAGACCGTA,9.588771057128906
SXT,combined,reg,k_AAGTAACAGG,9.4114990234375
SXT,combined,reg,k_AAGCCGAGGC,9.378897905349731
SXT,combined,reg,k_CACTCGTGGA,9.369195556640625
SXT,combined,reg,k_AATTGCTTAC,9.346945691108704
SXT,combined,reg,k_AAGCTGAAGC,9.173255509138107
SXT,combined,reg,k_AAGCTGATGC,9.137596642971038
SXT,combined,reg,k_ACACAATTAA,9.094744110107422
SXT,combined,reg,k_CGCTGTAACG,9.076001739501953
SXT,combined,reg,k_CGCTTGTCGA,9.015906524658202
SXT,combined,reg,k_ATCGCTTGCG,8.992506408691407
SXT,combined,reg,k_AGAGTATCTG,8.976731395721437
SXT,combined,clf,k_GACAGACCAC,8.951826477050782
SXT,combined,reg,k_CGGATCAGTA,8.930965423583984
SXT,combined,reg,k_CTCAAGCCAC,8.858592987060547
SXT,combined,reg,k_ACGTTGGAAC,8.846629333496093
SXT,combined,reg,k_ACAAGCGCGT,8.806963539123535
SXT,combined,reg,k_AATAGACCGA,8.750682830810547
SXT,combined,reg,k_GTAAGCTTAC,8.723335456848146
SXT,combined,reg,k_CGATCTCAGA,8.71817626953125
SXT,combined,reg,k_AATCCGTCGG,8.552985310554504
SXT,combined,reg,k_ACGTGTACCT,8.482339477539062
SXT,combined,reg,k_CTACTATTCC,8.476490020751953
SXT,combined,reg,k_AACTTAACAC,8.473443603515625
SXT,combined,reg,k_CGGGAACAAG,8.43587646484375
SXT,combined,reg,k_CGGACGGATC,8.430160522460938
SXT,combined,reg,k_ACGCTGAGAT,8.387898755073547
SXT,combined,reg,k_AAGAGCCGAA,8.374356842041015
SXT,combined,reg,k_AGCTTCAGCA,8.352245354652405
SXT,combined,reg,k_AGTTGTCCGA,8.351183527708054
SXT,combined,reg,k_ACCGCACTCT,8.343359375
SXT,combined,clf,k_CTTAATGAAC,8.309381437301637
SXT,combined,reg,k_CAAAACCGGA,8.163305664062499
SXT,combined,reg,k_AGGTATACCA,8.134536027908325
SXT,combined,reg,k_AGTGCGTCGG,8.062458896636961
SXT,combined,reg,k_AAGTGCGTCA,8.049013328552245
SXT,combined,reg,k_CTTACATGTA,8.043758392333984
SXT,combined,reg,k_ATTTATGTGG,8.038005065917968
SXT,combined,reg,k_GGCAGGATCA,8.03280029296875
SXT,combined,reg,k_CCCATATAAA,8.008566284179688
SXT,combined,reg,k_AAAACTGCGT,8.00633339881897
SXT,combined,reg,k_CGCATTATAA,7.992808532714844
SXT,combined,reg,k_AACGGCGACA,7.978939819335937
SXT,combined,clf,k_GGATCCAGGA,7.96955738067627
SXT,combined,reg,k_TCGCCCTAAA,7.920955944061279
SXT,combined,reg,k_AGTCAGATCA,7.90930404663086
SXT,combined,reg,k_AACCCAAACG,7.876055908203124
SXT,combined,reg,k_ACAGCGCTAC,7.873730325698853
SXT,combined,reg,k_AATACATCCT,7.865562057495117
SXT,combined,reg,k_AGTCCGCAAC,7.782733154296875
SXT,combined,reg,k_ACTAACCGAT,7.755884301662445
SXT,combined,clf,k_ATGGTTAGGG,7.705992698669434
SXT,combined,reg,k_ATGAGGGTGG,7.6734050750732425
SXT,combined,reg,k_GTAATGTGGA,7.672547912597656
SXT,combined,reg,k_ACCACTCTGA,7.660993194580078
SXT,combined,reg,k_CCTGTAATTA,7.656547546386719
SXT,combined,reg,k_AGAGCATAAT,7.602433085441589
SXT,combined,reg,k_ACCTAACTCC,7.588490533828736
SXT,combined,reg,k_GCGCCCGTTA,7.543208312988281
SXT,combined,reg,k_ACCTGTAGCC,7.507882690429687
SXT,combined,clf,k_CGGACGGATC,7.494883275032044
SXT,combined,reg,t_serotype_15A,7.483882188796997
SXT,combined,clf,k_CGAAACATAG,7.417843627929687
SXT,combined,reg,k_ACAACGGAGA,7.364054191112518
SXT,combined,reg,k_CGCTCAAAGC,7.357321929931641
SXT,combined,reg,k_CTTATTGTCC,7.35283203125
SXT,combined,reg,k_CAGCATCGAC,7.344872283935548
SXT,combined,reg,k_AGCCTCAACG,7.344057857990265
SXT,combined,reg,k_CCTAACATAA,7.332711029052734
SXT,combined,reg,k_ACCGGTGGAA,7.32578125
SXT,combined,reg,k_AGGTGGGTTA,7.270738220214843
SXT,combined,reg,k_CAGTGTACGG,7.259314727783203
SXT,combined,reg,k_GGACGCATCA,7.249367904663085
SXT,combined,reg,k_CGACAAGCGC,7.246354484558106
