drug,featset,task,feature,mean_gain
PEN,kmer,reg,k_TACCGCTCTA,1204.9106323242188
PEN,kmer,reg,k_ATGCATTATG,1110.256433105469
PEN,kmer,reg,k_CGACTACCCA,850.49921875
PEN,kmer,reg,k_CGTATAGCCA,686.1854431152344
PEN,kmer,reg,k_TACCGTTAGA,615.9043633937836
PEN,kmer,reg,k_ACCGAATCAG,494.7561920166015
PEN,kmer,reg,k_GAAACGTCCC,453.53046875
PEN,kmer,reg,k_ATGTCTGATG,222.4217041015625
PEN,kmer,reg,k_AGGCGGCGAC,217.6782043457031
PEN,kmer,reg,k_CAGGTGCTAC,196.8255485534668
PEN,kmer,reg,k_CCCTGTCTTA,113.22529907226561
PEN,kmer,reg,k_GACGGTTAGA,108.85986518859863
PEN,kmer,clf,k_ATGTCTGATG,107.4379951477051
PEN,kmer,reg,k_AGAGCCAACG,106.83223266601561
PEN,kmer,reg,k_CTCGGGACCC,96.02531738281249
PEN,kmer,reg,k_CCCCGTAGGC,90.14251327514648
PEN,kmer,reg,k_GCATGCATTA,89.0351089477539
PEN,kmer,clf,k_GGGGTCCCGA,81.8246223449707
PEN,kmer,reg,k_CACACTTTCC,79.4055908203125
PEN,kmer,reg,k_CCACAGCACA,77.53473281860352
PEN,kmer,reg,k_TACAGACCGA,60.486825561523446
PEN,kmer,reg,k_GGGGTCCCGA,60.21956939697266
PEN,kmer,clf,k_CCCTGTCTTA,57.53183231353759
PEN,kmer,clf,k_CTCGGGACCC,56.94170455932617
PEN,kmer,reg,k_GACCGTACTA,56.6954345703125
PEN,kmer,reg,k_CAGTGACGTA,52.030810546875
PEN,kmer,reg,k_GTAGCCCCTA,44.42409057617188
PEN,kmer,clf,k_CCCCGTAGGC,43.382392787933355
PEN,kmer,reg,k_CCCGACTGTC,42.341162109375
PEN,kmer,clf,k_TACAGACCGA,35.83129444122314
PEN,kmer,reg,k_AACCCTCCTA,35.369384765625
PEN,kmer,reg,k_ATAATGCATG,33.163865096867085
PEN,kmer,reg,k_TGGAGCCTAA,32.58732089996338
PEN,kmer,clf,k_ATTCCGCTGG,28.246630492806435
PEN,kmer,reg,k_CCCGTTTGAA,27.928857231140135
PEN,kmer,reg,k_GGTGATATAA,25.555810546875
PEN,kmer,reg,k_GTATAATCAC,24.83856201171875
PEN,kmer,reg,k_AATCCGGTAC,24.568707275390626
PEN,kmer,clf,k_CAGTGACGTA,23.416899871826175
PEN,kmer,reg,k_ACCCTACTTA,22.818408203125
PEN,kmer,reg,k_GAAGCGTGGA,21.684620666503903
PEN,kmer,reg,k_GCGGCGACCA,18.83424072265625
PEN,kmer,reg,k_GCACTTATAA,18.56107177734375
PEN,kmer,reg,k_GATATCCCAC,17.50003662109375
PEN,kmer,reg,k_TCTGAAGGCA,17.4941162109375
PEN,kmer,reg,k_AAGTAAACGG,16.9393798828125
PEN,kmer,reg,k_AGTCTCAACG,16.663202476501464
PEN,kmer,clf,k_GCGCTCGGGA,16.18838102221489
PEN,kmer,reg,k_ACCACAGCAC,15.161676788330078
PEN,kmer,reg,k_CAACTCACTC,14.965812683105469
PEN,kmer,reg,k_GGGACGTTAA,14.636465454101563
PEN,kmer,reg,k_TATGAGCACA,13.797837913036346
PEN,kmer,reg,k_GAAAGCCACA,13.515373611450196
PEN,kmer,reg,k_ACCACCCTCA,13.443243980407713
PEN,kmer,reg,k_TAACCGACTA,12.95770492553711
PEN,kmer,clf,k_CCGACACAAG,12.489656829833985
PEN,kmer,reg,k_ATATCGTGGC,12.429664134979248
PEN,kmer,reg,k_CTACGATTCA,12.352623617649078
PEN,kmer,reg,k_GACGCCTAAA,11.810804748535157
PEN,kmer,reg,k_AAGAGCCTAG,11.73741455078125
PEN,kmer,reg,k_AGTCTAACTC,11.319788551330566
PEN,kmer,reg,k_CATGTCAGCC,11.317448806762696
PEN,kmer,reg,k_GCACCACAAC,11.230743026733398
PEN,kmer,reg,k_GCGCTCGGGA,11.13416748046875
PEN,kmer,clf,k_AGTTTCGTCG,11.066902208328246
PEN,kmer,clf,k_AGGGGCTTAA,10.953606033325194
PEN,kmer,reg,k_ATACGGCATG,10.64356689453125
PEN,kmer,reg,k_CGGTTCAGCA,10.354295349121095
PEN,kmer,reg,k_ATACAGTACG,10.328967666625976
PEN,kmer,reg,k_CGAGTATGCG,10.025386810302734
PEN,kmer,reg,k_AACTAATAAC,9.935638427734375
PEN,kmer,reg,k_AAGCTGTGGG,9.807625007629394
PEN,kmer,reg,k_ACGGTAATTA,9.71597900390625
PEN,kmer,reg,k_ATAATGTGCA,9.674415969848633
PEN,kmer,reg,k_CGCACCAAGA,9.591319847106933
PEN,kmer,reg,k_AACGCTGGTC,9.341769409179687
PEN,kmer,reg,k_ACCTACAGTG,9.158096313476562
PEN,kmer,clf,k_TAACCGACTA,9.145662403106689
PEN,kmer,reg,k_ACAACTACCT,8.894193077087403
PEN,kmer,reg,k_ATAGCGAGTG,8.856549835205078
PEN,kmer,reg,k_CGTAAGTTCA,8.745632934570313
PEN,kmer,reg,k_CAGTGACATC,8.728759765625
PEN,kmer,reg,k_ACAGCCCAGG,8.668561482429505
PEN,kmer,clf,k_GGGACGTTAA,8.586235904693604
PEN,kmer,reg,k_AGGACCTTCC,8.398727560043335
PEN,kmer,reg,k_GGCGTAAATA,8.359885025024415
PEN,kmer,reg,k_ATATAGTATG,8.333655595779419
PEN,kmer,reg,k_CATGGTCTCA,8.31588134765625
PEN,kmer,reg,k_TAACGTCCCA,8.268893814086915
PEN,kmer,reg,k_AACCGAGGAA,8.15182638168335
PEN,kmer,clf,k_TAACGTCCCA,8.065286636352539
PEN,kmer,reg,k_ACTGCAGTAC,8.056921529769898
PEN,kmer,reg,k_GGACGCATCA,7.8806884765625
PEN,kmer,reg,k_CGCAATATAG,7.853055572509765
PEN,kmer,reg,k_GACTAGATCA,7.738105010986328
PEN,kmer,reg,k_GAAACATTAC,7.683828747272492
PEN,kmer,reg,k_GTTTAACACA,7.676674652099609
PEN,kmer,reg,k_GGGTCTACAA,7.538214087486267
PEN,kmer,reg,k_GGAGTGGCCA,7.52451171875
PEN,kmer,reg,k_GGTCAGTGCA,7.340641784667969
PEN,kmer,reg,k_CCTGAAGCTA,7.297859191894531
PEN,kmer,reg,k_AACTAGCGTA,7.266614532470703
PEN,kmer,reg,k_CTCACCGTCA,7.142292022705078
PEN,kmer,clf,k_GACGGTTAGA,7.097918319702148
PEN,kmer,reg,k_CTTAAATAGC,7.064740562438965
PEN,kmer,reg,k_GATAATCGAA,7.062531328201294
PEN,kmer,reg,k_AACGTTATAT,6.957820653915405
PEN,kmer,reg,k_CGTTCCCCAC,6.927389526367188
PEN,kmer,reg,k_CATATTTAAG,6.924412882328033
PEN,kmer,reg,k_GCTTAGATCC,6.91756591796875
PEN,kmer,reg,k_CTAAGCATGC,6.863046193122864
PEN,kmer,reg,k_AAAGCGTTGC,6.8128173828125
PEN,kmer,reg,k_TACGAGACAA,6.771963953971863
PEN,kmer,reg,k_ACCCCTCACT,6.619870376586913
PEN,kmer,reg,k_CCCTAGCAGC,6.618115234375
PEN,kmer,reg,k_CATACCTGCC,6.6039794921875
PEN,kmer,reg,k_GCCCAGTTCC,6.5707275390625
PEN,kmer,reg,k_TAAAAGTCTA,6.5361023426055915
PEN,kmer,reg,k_ACGGAAAACC,6.505126571655273
PEN,kmer,reg,k_TACTAGCGAA,6.44373779296875
PEN,kmer,reg,k_AGGAATGCGG,6.383071136474609
PEN,kmer,reg,k_CACAACCGAA,6.380778121948242
PEN,kmer,reg,k_ATGACGTAAA,6.3800048828125
PEN,kmer,reg,k_CCTAAACGAG,6.347586059570313
PEN,kmer,reg,k_CGATTAAGCA,6.1958336353301995
PEN,kmer,clf,k_ATATATATAG,6.131105613708496
PEN,kmer,reg,k_AGGGGCTTAA,6.091529273986817
PEN,kmer,reg,k_AAGCTAAATG,6.030714416503907
PEN,kmer,reg,k_ATCAGCCTAC,5.9966888427734375
PEN,kmer,reg,k_AGATCAGCCG,5.97606201171875
PEN,kmer,reg,k_GAGCTCTTCA,5.946673583984375
PEN,kmer,reg,k_AGCCAATCCC,5.938543701171875
PEN,kmer,reg,k_CAAATAACTC,5.92562255859375
PEN,kmer,reg,k_AAGTGGCCAG,5.868786668777466
PEN,kmer,reg,k_CGCGTAATCC,5.829002380371094
PEN,kmer,reg,k_ATACCCACGA,5.792701721191406
PEN,kmer,reg,k_ACGCCTGTGC,5.77568359375
PEN,kmer,clf,k_AATTCAATAG,5.7278495788574215
PEN,kmer,reg,k_ACTTCAGAGC,5.727227783203125
PEN,kmer,reg,k_ACATGGTGGG,5.709842681884766
PEN,kmer,reg,k_GTTTGTCCGA,5.691484791040421
PEN,kmer,reg,k_AGACTCGTCG,5.68575439453125
PEN,kmer,reg,k_CACAACCGAG,5.6566650390625
PEN,kmer,reg,k_CAACTCCCAC,5.535006713867188
PEN,kmer,reg,k_CAAATTAGGC,5.519859313964844
PEN,kmer,reg,k_GGTAGCTCAC,5.484086608886718
PEN,kmer,reg,k_CACAAATTTA,5.444140625
PEN,kmer,reg,k_AAATTAGGCG,5.376896971464157
PEN,kmer,reg,k_AAGGCCTGTC,5.360819524526596
PEN,kmer,reg,k_CACGATCGCC,5.34772515296936
PEN,kmer,reg,k_CTGATTATAC,5.345782470703125
PEN,kmer,reg,k_CAGCCCCTAG,5.320578384399414
PEN,kmer,reg,k_TATGAGAATA,5.262251281738282
PEN,kmer,reg,k_CTGGTGCCGA,5.23316650390625
PEN,kmer,reg,k_AATGAGTCAA,5.151173400878906
PEN,kmer,reg,k_ATTTAGGCTC,5.135026836395264
PEN,kmer,reg,k_AATGGCCCAG,5.127520751953125
PEN,kmer,reg,k_GGTTATCATA,5.0867431640625
PEN,kmer,reg,k_AAGATCGCAG,5.077404260635376
PEN,kmer,reg,k_AAGTTGTGAG,5.033633422851563
PEN,kmer,clf,k_AGATGTCAGA,4.9881855010986325
PEN,kmer,reg,k_AGCATATGAC,4.922552442550659
PEN,kmer,reg,k_CGTCAACGCC,4.921309632062912
PEN,kmer,reg,k_GAATAGGCGA,4.902005004882812
PEN,kmer,reg,k_AGCGACCGTC,4.897716617584228
PEN,kmer,reg,k_CCATGAATCG,4.890176776051521
PEN,kmer,reg,k_AGAGTAGTGA,4.832881927490234
PEN,kmer,reg,k_AGTCGATATG,4.821418762207031
PEN,kmer,clf,k_CATCCAATTA,4.818642902374267
PEN,kmer,reg,k_CAGAGCAACC,4.816866731643676
PEN,kmer,reg,k_ATCCAGGATC,4.80001220703125
PEN,kmer,clf,k_AGTGTGCAAA,4.790052795410157
PEN,kmer,reg,k_AACTAATCTA,4.7858060836792
PEN,kmer,clf,k_GGGTAAAGCA,4.784153938293457
PEN,kmer,reg,k_AAGCGACGCT,4.767316699028015
PEN,kmer,reg,k_AGGACGGTTG,4.762120485305786
PEN,kmer,reg,k_TCACCGAACA,4.746994400024414
PEN,kmer,reg,k_ATATAAGAAG,4.72596435546875
PEN,kmer,reg,k_AAACAGGCCA,4.714657026529312
PEN,kmer,reg,k_TATCGCATAA,4.703062868118286
PEN,kmer,reg,k_GACTTAGCCC,4.67251386642456
PEN,kmer,reg,k_CAAGCACAGG,4.668643951416016
PEN,kmer,reg,k_TAGACTCGGA,4.65301513671875
PEN,kmer,reg,k_AGTGTAGCCC,4.635343432426453
PEN,kmer,reg,k_AAACACTAAT,4.549252572283149
PEN,kmer,reg,k_AGTTTCGTCG,4.547321891784668
PEN,kmer,reg,k_ATCTATAACG,4.52027587890625
PEN,kmer,reg,k_AGAGACATGA,4.5133209228515625
PEN,kmer,reg,k_GTGTTCAGCA,4.497024011611939
PEN,kmer,reg,k_AACCGTGACA,4.48236198425293
PEN,kmer,reg,k_CTGCGTCATA,4.4761962890625
PEN,kmer,reg,k_GATCATAAGC,4.464233875274658
PEN,kmer,reg,k_CGCGGATTAA,4.453785705566407
PEN,kmer,reg,k_CTATTCACGA,4.40124282836914
PEN,kmer,reg,k_CGGCAGATTA,4.396934509277344
PEN,kmer,reg,k_AAAAGCCCCG,4.393069171905517
PEN,kmer,reg,k_GCATATGTTA,4.3812476873397825
PEN,kmer,reg,k_AGCTTAAAAC,4.375581836700439
PEN,kmer,reg,k_CGCCTGTGCA,4.37366441488266
PEN,kmer,reg,k_ATGAGCTACC,4.3699969291687015
PEN,combined,reg,k_ATGCATTATG,1242.3000244140626
PEN,combined,reg,k_TACCGCTCTA,1127.4490234375
PEN,combined,reg,k_CGACTACCCA,1077.895666503906
PEN,combined,reg,k_CAGGTGCTAC,340.6774993896484
PEN,combined,reg,k_ACCGAATCAG,263.09435043334963
PEN,combined,reg,k_AGGCGGCGAC,195.7577926635742
PEN,combined,reg,k_CCCTGTCTTA,193.06341552734375
PEN,combined,reg,k_GACGGTTAGA,174.87110633850097
PEN,combined,reg,k_CCGACACAAG,152.85144500732423
PEN,combined,reg,k_CTCGGGACCC,118.37117156982421
PEN,combined,reg,k_CGTATAGCCA,113.6705867767334
PEN,combined,reg,k_ATGTCTGATG,101.55795440673828
PEN,combined,reg,k_CCACAGCACA,86.51960144042968
PEN,combined,clf,k_CCCTGTCTTA,85.40637092590332
PEN,combined,reg,k_GGGGTCCCGA,81.11191177368164
PEN,combined,clf,k_ATGTCTGATG,80.71105194091797
PEN,combined,reg,k_GCATGCATTA,75.3618423461914
PEN,combined,reg,k_ACCACAGCAC,69.03362731933593
PEN,combined,reg,k_TACCGTTAGA,67.9864013671875
PEN,combined,reg,k_AGTAGACCAC,65.91181640625
PEN,combined,reg,k_AAGTCTAAGG,63.23841552734375
PEN,combined,reg,k_ACCTACAGTG,61.8955810546875
PEN,combined,clf,k_CTCGGGACCC,61.02072410583496
PEN,combined,clf,k_GCGCTCGGGA,52.57890329360961
PEN,combined,reg,k_ATGCGGCAAG,48.3095703125
PEN,combined,reg,k_TACAGACCGA,45.70634765625
PEN,combined,reg,k_CCCCGTAGGC,44.808555603027344
PEN,combined,clf,k_GGGGTCCCGA,38.76401882171631
PEN,combined,reg,k_GACCGTACTA,38.481982421875
PEN,combined,reg,k_CCCGTTTGAA,37.37724199295044
PEN,combined,clf,k_CCCCGTAGGC,36.78920531272888
PEN,combined,reg,k_TGGAGCCTAA,36.44595031738281
PEN,combined,reg,k_GTAGCCCCTA,35.31849975585938
PEN,combined,clf,k_CAGTGACGTA,32.464630126953125
PEN,combined,reg,k_CAGTGACGTA,29.662637329101564
PEN,combined,reg,k_CGTTTGCATA,29.01157100200653
PEN,combined,reg,k_GAAGCGTGGA,27.664022827148436
PEN,combined,reg,k_GAAACGTCCC,26.036209106445312
PEN,combined,reg,k_CACACTTTCC,25.691357421875
PEN,combined,reg,k_CGCAATATAG,25.6016357421875
PEN,combined,reg,k_GTATAATCAC,23.463053894042968
PEN,combined,reg,k_CAGTACTATC,22.818408203125
PEN,combined,reg,k_CAAAACGCCG,20.498828125
PEN,combined,reg,k_CACAACCGAA,20.137411499023436
PEN,combined,reg,k_ACTTCCGAAG,20.0833251953125
PEN,combined,reg,k_CGATCCCGAA,19.5956298828125
PEN,combined,clf,k_AGTTTCGTCG,19.23900833129883
PEN,combined,reg,k_GAAAGCCACA,18.82042579650879
PEN,combined,reg,k_ACCACCCTCA,16.89409408569336
PEN,combined,reg,k_ATTCCGCTGG,16.407606506347655
PEN,combined,reg,k_GGACGCATCA,14.470947265625
PEN,combined,reg,k_CTCGTTTGTA,13.77774658203125
PEN,combined,reg,k_ACTGCCCCCA,13.660766485333442
PEN,combined,reg,k_AATCCGGTAC,13.44635009765625
PEN,combined,reg,k_ATATCGTGGC,13.352468872070313
PEN,combined,reg,k_CCGCTTGGCC,12.718212890625
PEN,combined,reg,k_GGACCTACTA,11.945834644511342
PEN,combined,clf,k_ATTCCGCTGG,11.935443997383118
PEN,combined,reg,k_AAGGCCTGTC,11.84043731689453
PEN,combined,reg,k_GCCGACTGTA,11.812408447265625
PEN,combined,reg,k_CTAAATGGTC,11.6424414396286
PEN,combined,reg,k_GCCCAGAACC,11.494793701171876
PEN,combined,reg,k_GGTATAGCAA,11.326863098144532
PEN,combined,reg,k_CAAGCACAGG,11.043745040893555
PEN,combined,reg,k_ATCAGCCTAC,10.6580078125
PEN,combined,clf,k_TAACCGACTA,10.338947677612305
PEN,combined,reg,k_CAAGGCGGCG,10.112702941894531
PEN,combined,reg,k_ATTAACGTCC,10.055552673339845
PEN,combined,reg,k_AGGACCTTCC,9.99621440768242
PEN,combined,reg,k_AGAGCCAACG,9.95225830078125
PEN,combined,reg,t_serotype_NVT,9.93598551750183
PEN,combined,reg,k_ATATAGTATG,9.876060044765472
PEN,combined,reg,k_TAACCGACTA,9.839000511169434
PEN,combined,clf,k_AGGGGCTTAA,9.38832530975342
PEN,combined,reg,k_CGAGTATGCG,9.383447265625
PEN,combined,reg,k_CGCACCAAGA,9.27607536315918
PEN,combined,reg,k_GTAGGGTTCA,9.213140869140625
PEN,combined,reg,k_GAAGATACAC,9.158073043823242
PEN,combined,reg,k_ACAAGCGAGC,9.072802734375
PEN,combined,reg,k_AAGCGACGCT,9.069304847717286
PEN,combined,reg,k_GCAACTCTGA,9.014040884375573
PEN,combined,reg,k_GCTTAGATCC,8.98916015625
PEN,combined,reg,k_AACCCCTGAC,8.797729074954987
PEN,combined,reg,k_GACGCCTAAA,8.74706573486328
PEN,combined,reg,k_CGGTGTAACA,8.60516357421875
PEN,combined,reg,k_AACCGAGGAA,8.53042221069336
PEN,combined,reg,k_CAGTGACATC,8.37939453125
PEN,combined,reg,k_CATGTCAGCC,8.361566352844237
PEN,combined,clf,k_GGGACGTTAA,8.207687759399413
PEN,combined,reg,k_GACTAGATCA,8.048262023925782
PEN,combined,reg,k_TCTGAAGGCA,7.8236083984375
PEN,combined,reg,k_CAGTGGCTAC,7.6941162109375
PEN,combined,reg,k_AATAGCTCTA,7.64969482421875
PEN,combined,reg,k_AGCCGCTAAC,7.490076848864556
PEN,combined,reg,k_ATAGATCCAT,7.419625949859618
PEN,combined,reg,k_GCCATTGAGA,7.3236572265625
PEN,combined,reg,k_CTCATCGTGA,7.268805694580078
PEN,combined,clf,k_TAACGTCCCA,7.195675277709961
PEN,combined,reg,k_ACTACATTAG,7.181231689453124
PEN,combined,reg,k_CTTACCTCGA,7.067509460449219
PEN,combined,reg,k_CTATTATGTA,7.05469970703125
PEN,combined,reg,k_CACTAAGATG,7.034438514709473
PEN,combined,reg,k_AGACACGAGG,7.01451416015625
PEN,combined,reg,k_ATGGACCTTG,6.968613702058792
PEN,combined,reg,k_CAGAGTACTC,6.936145782470703
PEN,combined,reg,k_GGCGTAAATA,6.784995412826538
PEN,combined,reg,k_GCACCACAAC,6.774580812454223
PEN,combined,reg,k_ACGGCTCCCT,6.7071044921875
PEN,combined,reg,k_TATGAGCACA,6.689716958999634
PEN,combined,reg,k_AAGGTCTATT,6.66968994140625
PEN,combined,reg,k_GGGTCTACAA,6.582806523144246
PEN,combined,reg,k_CGGTTCAGCA,6.561156463623046
PEN,combined,reg,k_TAACGTCCCA,6.533287048339844
PEN,combined,reg,k_ACGTTAGAAA,6.464381885528564
PEN,combined,clf,k_AGTAGACCAC,6.402325439453125
PEN,combined,reg,k_ATCTACCCCC,6.3523681640625
PEN,combined,reg,k_GCATATGTTA,6.243525123596191
PEN,combined,reg,k_AAGTGTGTCT,6.167929077148438
PEN,combined,reg,k_AAGGCATTAG,6.144499588012695
PEN,combined,reg,k_ATGAGCTACC,6.143941450119019
PEN,combined,reg,k_TTAAGTCGAA,6.1425628662109375
PEN,combined,reg,k_AAGCTGTGGG,6.1311116278171545
PEN,combined,reg,k_CTCACCGCTC,6.1015475511550905
PEN,combined,reg,k_ATTCATCCGG,6.096318674087525
PEN,combined,reg,k_CACGTTTTCA,6.0722545981407166
PEN,combined,reg,k_ATCCGAAGTG,6.0686767578125
PEN,combined,reg,k_GGGGGCTATA,5.972224938869476
PEN,combined,reg,k_ATAGGACTAA,5.952175903320312
PEN,combined,reg,k_GAAGGGGATC,5.905628204345703
PEN,combined,reg,k_AACCGAAGTA,5.900809192657471
PEN,combined,reg,k_GGTTGAACTA,5.8542427062988285
PEN,combined,reg,k_TAAAAGTCTA,5.83771288394928
PEN,combined,reg,k_CACAAATTTA,5.8371337890625
PEN,combined,reg,k_ATCGTGTATC,5.784622234106063
PEN,combined,reg,k_AGTTTCGTCG,5.773723220825195
PEN,combined,reg,k_ACAGTATGGC,5.7730659484863285
PEN,combined,reg,k_ACATACCTGC,5.700637435913086
PEN,combined,reg,k_ATAAGCCCGA,5.663777232170105
PEN,combined,reg,k_ATCGGAAAGC,5.646989822387695
PEN,combined,reg,k_ATGTAGTCGG,5.643318748474121
PEN,combined,reg,k_CGCGGATTAA,5.642236328125
PEN,combined,reg,k_ACGGTAATTA,5.6201416015625
PEN,combined,reg,k_CTGATTATAC,5.488629150390625
PEN,combined,reg,k_GTACAGCCAA,5.472607421875
PEN,combined,reg,k_ACAGCCCAGG,5.368124413490295
PEN,combined,reg,k_TAACGTCATA,5.336758422851562
PEN,combined,reg,k_AGGACTCACC,5.335842895507812
PEN,combined,reg,k_AATCCGTCGG,5.33190502524376
PEN,combined,reg,k_GTTCGTTTGA,5.323128128051758
PEN,combined,reg,k_AGGCAAGGAT,5.310735195875168
PEN,combined,reg,k_AGCGACCGTC,5.272374439239502
PEN,combined,reg,k_AACCTAGTGA,5.267961120605468
PEN,combined,reg,k_AGCATAACTC,5.263054275512696
PEN,combined,reg,k_CGATAGTGTA,5.257814025878906
PEN,combined,reg,k_AGCCGAATAG,5.2396728515625
PEN,combined,reg,k_AGTCGATATG,5.231413269042969
PEN,combined,reg,k_AGAGGCCAAT,5.227582961320877
PEN,combined,reg,k_TGCGACGGAA,5.22395840138197
PEN,combined,reg,k_AATCCGGAAG,5.128417110443116
PEN,combined,reg,k_ACCCCAGTAC,5.108683276176453
PEN,combined,reg,k_GGTTATCATA,5.0867431640625
PEN,combined,reg,k_CCGCTCCCAC,4.977988433837891
PEN,combined,reg,k_ACAAATCTAC,4.973195266723633
PEN,combined,clf,k_GGCCACTCCC,4.971667480468749
PEN,combined,reg,k_AATGGCCCAG,4.967138671875
PEN,combined,reg,k_GATCATAAGC,4.941020584106445
PEN,combined,reg,k_AGGGGCTTAA,4.932758331298828
PEN,combined,reg,k_ACTTATATTC,4.9078965246677395
PEN,combined,reg,k_CACAACCGAG,4.8894897460937505
PEN,combined,reg,k_GAGGCTTCAA,4.882275390625
PEN,combined,reg,k_AAGATCGCAG,4.861713314056397
PEN,combined,reg,k_ACATACGAGA,4.823396682739258
PEN,combined,clf,k_GTAGGGTTCA,4.812852096557617
PEN,combined,reg,k_CGGGACATCA,4.807382202148437
PEN,combined,reg,k_CCGCGCCATC,4.7742156982421875
PEN,combined,reg,k_CACCGCTTAA,4.773089480400086
PEN,combined,reg,k_GACGAAATGC,4.752085602283477
PEN,combined,reg,k_AACGTAGAAC,4.74129638671875
PEN,combined,clf,k_AATACGCCCT,4.727285623550415
PEN,combined,reg,k_TATGCGATAA,4.724962830543518
PEN,combined,reg,k_AAACCGTACT,4.713661956787109
PEN,combined,reg,k_GACTTGTGAC,4.688427352905273
PEN,combined,reg,k_CTTCCGAACA,4.66531366109848
PEN,combined,reg,k_GAATACGGCC,4.63944182395935
PEN,combined,clf,k_TACAGACCGA,4.6254684120416645
PEN,combined,reg,k_AAGAGTGTGT,4.609033203125
PEN,combined,reg,k_GGCCCCCTTA,4.603515625
PEN,combined,reg,k_ACCTGCGAAG,4.560361857712269
PEN,combined,clf,k_GGGTAAAGCA,4.558548450469971
PEN,combined,reg,k_AATTATTGTC,4.508667373657227
PEN,combined,reg,k_ATACAGTACG,4.501819801330567
PEN,combined,reg,k_CTCACCGTCA,4.447628784179687
PEN,combined,reg,k_AACACTAGGC,4.4212593078613285
PEN,combined,reg,k_ATTTAGGCTC,4.41803207397461
PEN,combined,reg,k_CAGGATCTAA,4.38106689453125
PEN,combined,reg,k_TGTCACCACA,4.341702270507812
PEN,combined,clf,k_CATCCAATTA,4.341412878036499
PEN,combined,clf,k_ATATATATAG,4.310468482971191
PEN,combined,clf,k_GGCTTTGCTA,4.295668315887451
PEN,combined,reg,k_GGGTAGAACA,4.28802507519722
AMC,kmer,reg,k_GCATAACTCC,1305.1160766601563
AMC,kmer,reg,k_ATGCATTATG,1057.1177490234375
AMC,kmer,reg,k_GGTCAGTGCA,626.432568359375
AMC,kmer,reg,k_AGCATAACTC,581.7800415039062
AMC,kmer,reg,k_TACCGCTCTA,541.5108856201173
AMC,kmer,reg,k_AGGCGGCGAC,499.74392166137693
AMC,kmer,reg,k_GTCCGTCCCA,355.38787307739256
AMC,kmer,reg,k_CGTATAGCCA,269.188542175293
AMC,kmer,reg,k_CCGACACAAG,186.84336242675784
AMC,kmer,clf,k_GAAACTGATC,186.77255859374998
AMC,kmer,reg,k_GACCGTACTA,179.76395874023436
AMC,kmer,reg,k_CAGGTGCTAC,169.19564514160157
AMC,kmer,reg,k_GACGGTTAGA,145.31091156005857
AMC,kmer,clf,k_CCGCTCCCAC,145.02360534667972
AMC,kmer,clf,k_CTTCTGAGTA,135.80577392578124
AMC,kmer,clf,k_CGATGAGTAG,134.98458849191667
AMC,kmer,reg,k_CGCCATCTGA,118.82186743319033
AMC,kmer,reg,k_CGAGTGTTAG,110.1044891357422
AMC,kmer,reg,k_GAAGCGTGGA,109.53997917175295
AMC,kmer,clf,k_CCCAAAAACA,97.17608642578125
AMC,kmer,reg,k_AGGACCTTCC,94.77882843017578
AMC,kmer,reg,k_TATCGGCATA,94.47854614257811
AMC,kmer,reg,k_ATTCCGCTGG,94.34189987182617
AMC,kmer,reg,k_ACCGAATCAG,88.62100219726562
AMC,kmer,reg,k_GCACTAGACA,88.14998474121093
AMC,kmer,reg,k_AAGCGTTCCC,79.64504222869873
AMC,kmer,clf,k_AGACGGGGAC,79.556005859375
AMC,kmer,reg,k_CGATCAGGAG,79.4785888671875
AMC,kmer,reg,k_CGATGAGTAG,78.85868225097656
AMC,kmer,reg,k_CCGCTCCCAC,77.89373779296875
AMC,kmer,reg,k_GCGTGCATAA,77.60322932898998
AMC,kmer,reg,k_CCCCGTAGGC,73.5185733795166
AMC,kmer,reg,k_CGTATTGTAG,69.2708740234375
AMC,kmer,clf,k_AGATTAGGGG,63.40061721801757
AMC,kmer,reg,k_AATCCGGTAC,60.945557022094725
AMC,kmer,clf,k_CTGGAGGCCC,60.3643798828125
AMC,kmer,clf,k_AGGGGTCATA,59.73376312255859
AMC,kmer,reg,k_GTCGCGAGCA,57.35224609375
AMC,kmer,clf,k_GTAACTTAGA,55.646510529518125
AMC,kmer,clf,k_CATCCCTATA,54.75732015371323
AMC,kmer,reg,k_CAGTGACATC,54.29063720703125
AMC,kmer,clf,k_CAGCACTACA,54.08896484375
AMC,kmer,clf,k_GATGATCCCC,47.783751487731934
AMC,kmer,reg,k_CCTAAACGAG,46.656507873535155
AMC,kmer,reg,k_CGGACTGACA,46.22904052734375
AMC,kmer,reg,k_CTCGGGACCC,45.86493091583252
AMC,kmer,clf,k_AGCCGTACCG,45.35161094665527
AMC,kmer,clf,k_CCAGGGAGGA,44.429507446289065
AMC,kmer,reg,k_GTATAATCAC,43.8575424194336
AMC,kmer,reg,k_CGCTGATGAG,38.570702743530276
AMC,kmer,reg,k_GAGAACCGCA,38.55885009765625
AMC,kmer,reg,k_GAAGTACAGC,38.534407234191896
AMC,kmer,clf,k_ATAATGCATG,37.623583221435545
AMC,kmer,reg,k_CCCCCGTATC,36.21962890625
AMC,kmer,reg,k_AACTAGCGAC,32.05677490234375
AMC,kmer,reg,k_GATTATTAGA,30.9531494140625
AMC,kmer,clf,k_AGGCGGCGAC,30.80812225341797
AMC,kmer,reg,k_CGAGTATGCG,29.99749548435211
AMC,kmer,reg,k_CTTCGGGCAA,29.35436096191406
AMC,kmer,reg,k_ATTAACGTCC,29.215570068359376
AMC,kmer,reg,k_GTGTTCAGCA,29.117147827148436
AMC,kmer,reg,k_ATCGGATAAG,27.96188063621521
AMC,kmer,clf,k_AGGACCTTCC,27.458082133531573
AMC,kmer,clf,k_ATTAGGGGTG,27.07354736328125
AMC,kmer,reg,k_CCTAGAGTTC,25.7426025390625
AMC,kmer,reg,k_GCGCTCGGGA,25.39015769958496
AMC,kmer,reg,k_TAACGTCATA,24.644095993041994
AMC,kmer,reg,k_TGGAGCCTAA,24.36734619140625
AMC,kmer,reg,k_CTTCTGAGTA,24.351025390625
AMC,kmer,reg,k_AGAGCCAACG,24.11127166748047
AMC,kmer,reg,k_GTCGATTATA,23.949163818359374
AMC,kmer,reg,k_CGGACATTGA,23.937215852737427
AMC,kmer,reg,k_TAATCCTATA,23.572642135620114
AMC,kmer,clf,k_CCTCCCAGCA,23.241786193847656
AMC,kmer,reg,k_ACAAACTACC,22.971473693847656
AMC,kmer,reg,k_CCCTACCATC,22.80540424287319
AMC,kmer,reg,k_ACCATTGGAG,22.657204818725585
AMC,kmer,reg,k_ATGTGGCTGG,22.5656005859375
AMC,kmer,clf,k_GCACTACAGA,22.46953125
AMC,kmer,clf,k_CACTTGACGA,22.160281372070315
AMC,kmer,clf,k_ACTACATGAG,21.323321533203124
AMC,kmer,reg,k_CCCCCATTGA,21.312774658203125
AMC,kmer,reg,k_GACACAATAC,21.20141077041626
AMC,kmer,reg,k_ATCGAGAGTG,20.662849044799803
AMC,kmer,reg,k_AAGTCGTTGA,20.45032796859741
AMC,kmer,clf,k_CGCCATCTGA,20.313088989257814
AMC,kmer,reg,k_CCCACAGTAC,20.250653076171876
AMC,kmer,reg,k_CCCGAATCAG,19.884986877441406
AMC,kmer,clf,k_ATGTGGCTGG,19.465199279785157
AMC,kmer,reg,k_AGGGATCCAG,19.464837646484376
AMC,kmer,reg,k_CGCCAACTCA,19.410498046875
AMC,kmer,clf,k_CGAGTATGCG,18.87510393857956
AMC,kmer,reg,k_AGTGGGAGAG,18.396464538574218
AMC,kmer,reg,k_GTAGCCCCTA,18.280389404296876
AMC,kmer,reg,k_ACTACATTAG,18.181400322914126
AMC,kmer,reg,k_ATAATGCATG,18.131942176818846
AMC,kmer,reg,k_GGGAGCGGAC,17.896847534179688
AMC,kmer,reg,k_ACGAGAGTTG,17.41357879638672
AMC,kmer,reg,k_CCATAAACCG,17.165182495117186
AMC,kmer,reg,k_GGGCTTACCA,16.8440185546875
AMC,kmer,reg,k_CCTTCCTACA,16.546356201171875
AMC,kmer,clf,k_GACGGTTAGA,16.496997451782224
AMC,kmer,reg,k_GGGTCTACAA,16.492031067609787
AMC,kmer,reg,k_CACAGTTACG,16.336212158203125
AMC,kmer,clf,k_ATGCATTATG,16.26468906402588
AMC,kmer,reg,k_GTAACTTAGA,15.750787353515625
AMC,kmer,clf,k_ATAGTGCTAC,15.363371276855469
AMC,kmer,clf,k_ATAGGGCCGA,15.121044921875
AMC,kmer,reg,k_GAAAGCCACA,15.113350677490232
AMC,kmer,clf,k_CCTAGAGTTC,14.944845581054688
AMC,kmer,reg,k_AGGGGGTAGA,14.651585566997529
AMC,kmer,reg,k_CCGGAAAAAC,14.30737657546997
AMC,kmer,reg,k_GCATGCATTA,14.222309875488282
AMC,kmer,reg,k_AGATCCATAT,14.105376434326171
AMC,kmer,reg,k_CAGTTCGCCA,13.67901270389557
AMC,kmer,reg,k_GACGCTATGC,13.4802978515625
AMC,kmer,reg,k_CAGGCTTACG,13.4447021484375
AMC,kmer,clf,k_GACCTTAGAC,13.293356323242188
AMC,kmer,reg,k_CTCACACATA,13.071670028567313
AMC,kmer,reg,k_ATGCGAGCTA,13.0169677734375
AMC,kmer,reg,k_ACCTACAGTA,12.996327424049376
AMC,kmer,reg,k_CACAAGTGCC,12.988866144418717
AMC,kmer,clf,k_TACCGCTCTA,12.528127694129944
AMC,kmer,reg,k_ATGACTCATA,12.475728011131284
AMC,kmer,reg,k_CCCTGACCTC,12.4098388671875
AMC,kmer,clf,k_AAGCATGCAT,12.368246746063233
AMC,kmer,reg,k_AGCTGCCGAG,12.347756958007812
AMC,kmer,clf,k_ACTTTAGGCT,12.125402933359146
AMC,kmer,clf,k_ACTACATTAG,11.97425422668457
AMC,kmer,reg,k_ATATATATAC,11.892366647720337
AMC,kmer,reg,k_ATGCTGTGGA,11.75849609375
AMC,kmer,clf,k_ACCAACAGAC,11.753619384765624
AMC,kmer,reg,k_GCTGTGCTAC,11.5901611328125
AMC,kmer,reg,k_CGCGATGATA,11.340826678276061
AMC,kmer,reg,k_GAGCTTAGGC,10.83765983581543
AMC,kmer,reg,k_AACTCCCTTC,10.726161766052247
AMC,kmer,reg,k_CGATCTTTAA,10.722647094726563
AMC,kmer,clf,k_ACAATGGACT,10.665228033065796
AMC,kmer,reg,k_GGGAGCTCAA,10.623750495910645
AMC,kmer,reg,k_AGCAAGTACA,10.608761164546014
AMC,kmer,clf,k_GTTCGGACTA,10.524612426757812
AMC,kmer,reg,k_AACGATGCTA,10.385540294647218
AMC,kmer,reg,k_CCTCAGGAAG,10.3830810546875
AMC,kmer,clf,k_ATCCGGTTTA,10.371543884277344
AMC,kmer,reg,k_TGAACTAACA,10.211702990531922
AMC,kmer,clf,k_AGTTGTGTTA,10.198641967773437
AMC,kmer,reg,k_AATCGTCTAC,10.18372459411621
AMC,kmer,reg,k_GGTGAAAGTA,10.059673309326172
AMC,kmer,clf,k_GAACCCTACC,9.850611877441406
AMC,kmer,reg,k_ACCTCATGAG,9.838403761386871
AMC,kmer,clf,k_AACCATATGT,9.72442626953125
AMC,kmer,reg,k_ATGTAAGTCG,9.716552734375
AMC,kmer,reg,k_ATACATCAAT,9.672223755717276
AMC,kmer,clf,k_CACCATCTTA,9.492411804199218
AMC,kmer,clf,k_AGCCGCTCCT,9.371124935150146
AMC,kmer,clf,k_GCATGCATTA,9.219316101074218
AMC,kmer,clf,k_AGCTGTAGCG,9.179940032958985
AMC,kmer,reg,k_AGCTACTGAC,9.177961730957032
AMC,kmer,clf,k_CAGGTGCTAC,9.112081956863403
AMC,kmer,reg,k_GACTAGATCA,9.100089263916015
AMC,kmer,reg,k_CATCCAATTA,8.930131912231445
AMC,kmer,reg,k_TTACGCCGAA,8.881622314453125
AMC,kmer,clf,k_GCCTGTAACC,8.813098323345184
AMC,kmer,reg,k_AGGCTGGCGA,8.768356704711913
AMC,kmer,reg,k_AAATGGCGTG,8.636588329076767
AMC,kmer,reg,k_GTTTCGCTCA,8.463016510009766
AMC,kmer,reg,k_AGTTACGGCG,8.3881103515625
AMC,kmer,reg,k_ACGGAAAACC,8.382156372070312
AMC,kmer,reg,k_ACAAGAGGAC,8.37944679260254
AMC,kmer,reg,k_ACAACTCGAA,8.118728160858154
AMC,kmer,reg,k_GGGACGTTAA,8.084645843505859
AMC,kmer,clf,k_CTCAGCAAGC,8.058245372772216
AMC,kmer,reg,k_GTGTGAGAAC,7.99488525390625
AMC,kmer,clf,k_CTCACTGTTA,7.985107421875
AMC,kmer,reg,k_GCTGAATAGA,7.974020290374756
AMC,kmer,reg,k_AAGGGATGTG,7.9553367614746096
AMC,kmer,clf,k_GTCTTCCGTA,7.94530143737793
AMC,kmer,reg,k_GGATAGCGCA,7.908552932739258
AMC,kmer,reg,k_TCGTTATACA,7.836609649658203
AMC,kmer,reg,k_ATCGTTATAG,7.82244873046875
AMC,kmer,reg,k_AGACTACGTA,7.733235770463944
AMC,kmer,reg,k_AGCATTAGTG,7.694354248046875
AMC,kmer,clf,k_ACTGGATGCT,7.641055297851563
AMC,kmer,reg,k_ACAAATCTAC,7.6113037109375
AMC,kmer,reg,k_AATTCAATAG,7.593701934814453
AMC,kmer,reg,k_GAGGCTTCAA,7.571725463867187
AMC,kmer,reg,k_ACCCCTAATC,7.49914401769638
AMC,kmer,reg,k_CGCTACGTAA,7.488529205322266
AMC,kmer,reg,k_ATTCAGTTCG,7.4818988800048825
AMC,kmer,reg,k_ATATATCGTA,7.434915840625763
AMC,kmer,reg,k_CTGACTAAGC,7.418174743652344
AMC,kmer,reg,k_ACCCCTGACC,7.41575927734375
AMC,kmer,reg,k_ACCCGGCGAT,7.381259128451347
AMC,kmer,reg,k_AATGATACTA,7.366713106632233
AMC,kmer,reg,k_AAGCTGTGGG,7.296292877197266
AMC,kmer,reg,k_CAACCAGCGC,7.28071575164795
AMC,kmer,clf,k_GGACGGATCC,7.245849990844727
AMC,kmer,reg,k_AGCTCTAGGG,7.236072278022766
AMC,kmer,reg,k_TAATAGTGCA,7.231637573242187
AMC,kmer,reg,k_CCTATGGTAG,7.163429260253906
AMC,combined,reg,k_GCATAACTCC,1456.6329833984375
AMC,combined,reg,k_ATGCATTATG,1071.0951660156252
AMC,combined,reg,k_AGGCGGCGAC,824.3236328125
AMC,combined,reg,k_AGCATAACTC,709.9953247070314
AMC,combined,reg,k_TACCGCTCTA,367.91517639160156
AMC,combined,reg,k_GGTCAGTGCA,278.20313415527346
AMC,combined,reg,k_GACGGTTAGA,266.0232398986816
AMC,combined,reg,k_CGTATAGCCA,258.5945026397705
AMC,combined,reg,k_GACCGTACTA,240.06788330078126
AMC,combined,clf,k_CGATGAGTAG,219.88200793266296
AMC,combined,reg,k_CAGGTGCTAC,206.4883945465088
AMC,combined,reg,k_GAAGCGTGGA,187.99510650634767
AMC,combined,reg,k_CGACTACCCA,172.75632324218748
AMC,combined,reg,k_CCGACACAAG,161.29675598144533
AMC,combined,clf,k_GAAACTGATC,156.68032226562502
AMC,combined,clf,k_CTTCTGAGTA,150.351611328125
AMC,combined,reg,k_CCCCGTAGGC,137.64032745361328
AMC,combined,reg,k_CGAGTGTTAG,132.4131820678711
AMC,combined,clf,k_AGACGGGGAC,128.2973876953125
AMC,combined,clf,k_ACCACAGGGG,111.80220947265624
AMC,combined,clf,k_TGGCGACTAA,109.96077880859374
AMC,combined,clf,k_CCCAAAAACA,106.60930786132812
AMC,combined,reg,k_CGATGAGTAG,94.01900024414061
AMC,combined,clf,k_CCGCTCCCAC,90.1253540992737
AMC,combined,reg,k_AAGCGTTCCC,83.64437484741211
AMC,combined,clf,k_ATTAGGGGTG,77.02022094726561
AMC,combined,clf,k_AGCCGTACCG,76.88456144332886
AMC,combined,reg,k_AGGACCTTCC,76.65198955535888
AMC,combined,clf,k_ATAATGCATG,68.86434326171874
AMC,combined,reg,k_CATCCCTATA,66.00072976350785
AMC,combined,reg,k_CCGCTCCCAC,64.34703674316405
AMC,combined,reg,k_CGGACTGACA,64.2771728515625
AMC,combined,reg,k_ATAGGGCCGA,63.15
AMC,combined,reg,k_TATATAACCA,61.862109375
AMC,combined,reg,k_ATTCCGCTGG,60.66846923828125
AMC,combined,reg,k_AGTAGAGCTG,60.243701171875
AMC,combined,reg,k_CGCCATCTGA,58.59374487400055
AMC,combined,clf,k_GTAACTTAGA,56.20556393861771
AMC,combined,reg,k_CACAGTTACG,53.70096130371094
AMC,combined,clf,k_AGGGGTCATA,52.23052978515625
AMC,combined,reg,k_GAAAGCCACA,47.58347358703614
AMC,combined,reg,k_GAGAACCGCA,45.996240234375
AMC,combined,reg,k_CACTATGTAC,42.9721435546875
AMC,combined,clf,k_TACAGCACTA,39.34145965576172
AMC,combined,reg,k_GCGTGCATAA,39.12787780761719
AMC,combined,reg,k_ACCTATTGCT,37.65889585018158
AMC,combined,reg,k_CTTCTGAGTA,37.069970703125
AMC,combined,reg,k_TCAGTACAGA,35.37568359375
AMC,combined,clf,k_CAGCACTACA,34.75763809680939
AMC,combined,clf,k_ACCATTTAGG,34.23672790527344
AMC,combined,reg,k_ACCACAGCAC,34.136312866210936
AMC,combined,clf,k_CCTGTCGGAC,33.17319946289062
AMC,combined,clf,k_GATGATCCCC,32.95716247558594
AMC,combined,reg,k_CGGACATTGA,32.5903564453125
AMC,combined,reg,k_GCACTACAGA,31.82791748046875
AMC,combined,reg,k_ATTAACGTCC,30.675079345703125
AMC,combined,reg,k_ACCATTGGAG,30.619284629821774
AMC,combined,reg,k_GTACAGCCAA,30.55015869140625
AMC,combined,reg,k_CTCGGGACCC,29.923277282714842
AMC,combined,clf,k_CTGGATCGAA,29.518389892578124
AMC,combined,reg,k_GTATAATCAC,29.461509704589844
AMC,combined,reg,k_GGGGTCCCGA,29.075521850585936
AMC,combined,reg,k_CCTAAACGAG,28.959444618225096
AMC,combined,reg,k_GTCGCGAGCA,28.898797607421876
AMC,combined,reg,k_TATCGGCATA,28.8010498046875
AMC,combined,reg,k_CATAGCGTCC,28.4273681640625
AMC,combined,clf,k_ACCCCTAATC,28.28787841796875
AMC,combined,reg,k_ACAAACTACC,27.067611885070804
AMC,combined,reg,k_CCCACAGTAC,27.054273986816405
AMC,combined,reg,k_AACGGCGCTA,26.52607421875
AMC,combined,clf,k_GTCGCGAGCA,26.268585205078125
AMC,combined,reg,k_CGCTGATGAG,26.20713539123535
AMC,combined,reg,k_GCATGCATTA,25.987713623046872
AMC,combined,clf,k_GCCTGTAACC,25.868699413537982
AMC,combined,clf,k_CATTAGCGGA,25.768067836761475
AMC,combined,reg,k_AGCGAGACCT,25.318853759765624
AMC,combined,reg,k_GCGCTCGGGA,23.735751342773437
AMC,combined,reg,k_ACGGCAATCG,23.56796875
AMC,combined,reg,k_GTCACTGCAC,23.149029541015622
AMC,combined,reg,k_ATGTCTGATG,22.604367065429688
AMC,combined,reg,k_AGATCCATAT,22.052208217978478
AMC,combined,clf,k_AGATTAGGGG,21.967462158203126
AMC,combined,reg,k_AATGCATGCT,21.886965942382812
AMC,combined,reg,k_ATCGAGAGTG,21.790229988098144
AMC,combined,clf,k_AGGCGGCGAC,21.151805114746097
AMC,combined,reg,k_CTAGTGAATA,20.929525947570802
AMC,combined,clf,k_CGCCATCTGA,20.525479125976563
AMC,combined,reg,k_ATCCCTGTAC,20.50208740234375
AMC,combined,clf,k_CCTCCCAGCA,20.09315643310547
AMC,combined,clf,k_TAGGGTTCAA,19.435460662841795
AMC,combined,clf,k_ATGTGGCTGG,19.1765869140625
AMC,combined,reg,k_CGCTGTAGCA,19.154019165039063
AMC,combined,reg,k_GAAGTACAGC,19.034557247161867
AMC,combined,reg,k_CTTCGGGCAA,18.965536403656007
AMC,combined,reg,k_CATACCTGCC,18.48206787109375
AMC,combined,clf,k_CACTATGTAC,18.428594970703124
AMC,combined,reg,k_CGAGTATGCG,18.116066455841064
AMC,combined,reg,k_GCGACGCTAA,18.059985733032228
AMC,combined,clf,k_AGTGCGGTTC,18.048327589035033
AMC,combined,reg,k_ATTCAGTTCG,17.99661902487278
AMC,combined,reg,k_ACCTGGTAAC,17.64412841796875
AMC,combined,reg,k_ATACAATCGA,17.12348918914795
AMC,combined,reg,k_GAGGCTTCAA,17.034820556640625
AMC,combined,reg,k_CCACCCAACG,16.60911865234375
AMC,combined,clf,k_ACTTTAGGCT,16.527257454395293
AMC,combined,clf,k_ATGCATTATG,16.333585262298584
AMC,combined,reg,k_CATCCAATTA,16.305951309204104
AMC,combined,clf,k_ACTACATGAG,15.722508811950684
AMC,combined,reg,k_CGCCAACTCA,15.6817626953125
AMC,combined,reg,k_AGTGCGGTTC,15.521430969238281
AMC,combined,reg,k_TCTAAGCTAA,15.253907790780067
AMC,combined,reg,k_AACCTACCCT,15.145302648842335
AMC,combined,reg,k_AAGTCGTTGA,15.117286586761473
AMC,combined,reg,k_TACCAGCCGA,14.917703247070312
AMC,combined,reg,k_CCTTCCTACA,14.80433349609375
AMC,combined,clf,k_AAGCATGCAT,14.746335220336915
AMC,combined,reg,k_CATTAGAGCA,14.509405839443207
AMC,combined,reg,k_GGGTCTACAA,14.506211805343629
AMC,combined,reg,k_ATGGCTTAAT,14.477832031250001
AMC,combined,reg,k_AGCCGTGGAA,14.256298828125
AMC,combined,reg,k_ACTTGAGTGA,14.158447265625
AMC,combined,clf,k_CGCTGTAGCA,14.131519031524657
AMC,combined,reg,k_CCCTACCATC,14.05084686279297
AMC,combined,reg,k_ATGTCACTGA,13.792733454704285
AMC,combined,reg,k_CTAGGCGCAG,13.767962265014647
AMC,combined,clf,k_GACCTTAGAC,13.395558166503907
AMC,combined,reg,k_TGTGTGAGAA,13.266324880719184
AMC,combined,reg,k_AAACTGGCCT,13.226480102539062
AMC,combined,reg,k_CAGTTCGCCA,13.198210221529008
AMC,combined,clf,k_TACCGCTCTA,13.041930389404296
AMC,combined,reg,k_GATAGCGTAA,12.880918312072755
AMC,combined,reg,k_CGGTGTAACA,12.852783298492433
AMC,combined,reg,k_ACAGCCCAGG,12.84327392578125
AMC,combined,reg,k_ATGCACAGGC,12.77473678588867
AMC,combined,clf,k_ATATGACCCC,12.617307758331298
AMC,combined,reg,k_ACCCAGGAGT,12.614776611328125
AMC,combined,clf,k_CCAGACACTC,12.384770965576172
AMC,combined,reg,k_ACCCCTGACC,12.351384735107422
AMC,combined,reg,k_TAATCCTATA,12.148995208740235
AMC,combined,clf,k_ACTGGATGCT,12.010498046875
AMC,combined,reg,k_ATGACTCATA,11.928798866271972
AMC,combined,reg,k_ACAAGAGGAC,11.841938018798828
AMC,combined,clf,k_AGCTGTAGCG,11.77090539932251
AMC,combined,clf,k_ACCAACAGAC,11.753619384765624
AMC,combined,reg,k_CACAAGTGCC,11.738093268871308
AMC,combined,reg,k_AGCTACTGAC,11.660638332366943
AMC,combined,reg,k_GCCCATGGTA,11.599882125854492
AMC,combined,clf,k_GAAACGTCCC,11.363317108154298
AMC,combined,reg,k_CGGATTACTA,11.23056468963623
AMC,combined,clf,k_AGGACCTTCC,11.118415141105652
AMC,combined,reg,k_CCCACGGAGC,10.9405517578125
AMC,combined,clf,k_GTAGGGTTCA,10.603308105468749
AMC,combined,reg,k_ACTTAATCGG,10.415337657928466
AMC,combined,reg,k_ATGTACTTGC,10.4128173828125
AMC,combined,reg,k_CATGGTCTCA,10.334947776794433
AMC,combined,clf,k_AAATCGGGGT,10.290850067138672
AMC,combined,reg,k_ACCGCTGTAA,10.223987531661987
AMC,combined,clf,k_ACATATTGGC,10.085391998291016
AMC,combined,clf,k_GACGGTCCTC,10.044482421875
AMC,combined,clf,k_GTGCCTCTGA,9.96994116306305
AMC,combined,reg,k_ATTATGCCAG,9.9528076171875
AMC,combined,reg,k_AATCCGGTAC,9.914480590820313
AMC,combined,clf,k_ACAATGGACT,9.86854248046875
AMC,combined,reg,k_AGCTAAGGCA,9.819410997629166
AMC,combined,reg,k_GATCATTAAA,9.738165283203125
AMC,combined,clf,k_CCGCCGAAAC,9.719631958007813
AMC,combined,reg,k_ACATCTGAGG,9.64473876953125
AMC,combined,reg,k_ACGGACTACA,9.64459228515625
AMC,combined,reg,k_AACGATGCTA,9.56724772453308
AMC,combined,reg,k_ATTCAGCCCC,9.507211303710937
AMC,combined,reg,k_ATCGCTTAAG,9.411669921875
AMC,combined,clf,k_GACGGTTAGA,9.373678588867188
AMC,combined,reg,k_TAACGTCATA,9.305422973632812
AMC,combined,reg,k_ACAATGAGAG,9.288095092773437
AMC,combined,reg,k_AATCGTCTAC,9.285453033447265
AMC,combined,clf,k_ACTACATTAG,9.245903205871581
AMC,combined,reg,k_GACGCTATGC,9.17991943359375
AMC,combined,reg,k_ATCACATGAT,9.171517181396485
AMC,combined,clf,k_AAACCGCAGC,9.027404499053954
AMC,combined,reg,k_TGAGCACTAA,8.9982421875
AMC,combined,reg,k_TTACGCCGAA,8.919741821289062
AMC,combined,reg,k_GTGTTCAGCA,8.916360473632812
AMC,combined,clf,k_GACGAAATGC,8.907607269287109
AMC,combined,reg,k_CGATCAGGAG,8.895605850219727
AMC,combined,reg,k_AGGTGTTCTA,8.878759765625
AMC,combined,reg,k_CGGACGGCTC,8.857947999238968
AMC,combined,reg,k_GACGAAATGC,8.819306945800781
AMC,combined,reg,k_TGAACTAACA,8.798359060287476
AMC,combined,clf,k_GGACAATAGA,8.742203521728516
AMC,combined,reg,k_AGGCTAACAG,8.742122268676757
AMC,combined,clf,k_CCAGTACCTA,8.738301086425782
AMC,combined,reg,k_GGACCATATA,8.6200439453125
AMC,combined,reg,k_AACGTGATCA,8.6096435546875
AMC,combined,reg,k_TCATGAGCCA,8.560406494140626
AMC,combined,reg,k_ACTGCCGAGA,8.555797576904297
AMC,combined,reg,k_CTTTGCAGCC,8.534692764282227
AMC,combined,reg,k_GCACTAGACA,8.470809936523438
AMC,combined,reg,k_AAGGCATTAG,8.447559261322022
AMC,combined,clf,k_GGGAGCGGAC,8.326584625244141
AMC,combined,reg,k_GACTAGATCA,8.235040879249572
CRO,kmer,reg,k_ATGCATTATG,355.42320251464844
CRO,kmer,reg,k_CAAGGCGGCG,286.7592041015625
CRO,kmer,clf,k_GCTGCCGATA,203.1057113647461
CRO,kmer,reg,k_AGGCGGCGAC,197.0987335205078
CRO,kmer,clf,k_GGGCTCGACC,158.5763153076172
CRO,kmer,reg,k_GAAACGTCCC,148.98918304443362
CRO,kmer,clf,k_TAGCTGCCGA,138.41971435546873
CRO,kmer,clf,k_AGTAAAGTGA,101.69466857910156
CRO,kmer,reg,k_GACGGTTAGA,99.9162751197815
CRO,kmer,clf,k_ACATGTCGGA,99.3318603515625
CRO,kmer,reg,k_AGCCGAATAG,86.47410430908202
CRO,kmer,clf,k_AAGCTAAATG,73.77938842773438
CRO,kmer,clf,k_ACTCATTGCT,72.06434020996095
CRO,kmer,clf,k_ATACTATTGG,69.78032836914062
CRO,kmer,reg,k_TATCTGAACA,65.61611862182616
CRO,kmer,clf,k_GCTTGCCGCA,61.803564453125
CRO,kmer,clf,k_AAGCCTCGTC,60.140374755859376
CRO,kmer,reg,k_TACCGTTAGA,58.02545166015625
CRO,kmer,reg,k_CTTACCCTGA,53.37324829101563
CRO,kmer,reg,k_GCATAACTCC,52.613294982910155
CRO,kmer,reg,k_ACCGTCGCTA,49.62378997802735
CRO,kmer,clf,k_ATAATGCATG,48.02736015319824
CRO,kmer,reg,k_CATGCTAATG,46.37726593017578
CRO,kmer,clf,k_CTGGAGGCCC,46.26653137207031
CRO,kmer,clf,k_GAAACTGATC,44.70424194335938
CRO,kmer,reg,k_GCATGCATTA,39.24858042001724
CRO,kmer,reg,k_ATTCTTTCGG,38.07210083007813
CRO,kmer,clf,k_AGCCGAATAG,37.44750813841819
CRO,kmer,reg,k_TAATTCCGCA,36.747430419921876
CRO,kmer,reg,k_ACGAGTAACC,36.205230712890625
CRO,kmer,clf,k_AGGCGGCGAC,30.48422203063965
CRO,kmer,clf,k_CCCAAAAACA,29.774679565429686
CRO,kmer,reg,k_ACGGTCTAGC,29.17126007080078
CRO,kmer,clf,k_AAGTATCACA,27.77686767578125
CRO,kmer,reg,k_ATGAGTCTAC,25.137967681884767
CRO,kmer,reg,k_CCACAGCACA,25.014009475708008
CRO,kmer,clf,k_ACGTCCACAA,24.74811100959778
CRO,kmer,clf,k_GTTTACCGAA,24.51079406738281
CRO,kmer,clf,k_CGACCTGTTA,24.418063354492187
CRO,kmer,clf,k_CCATAGATGA,23.026356887817382
CRO,kmer,clf,k_ATGCATTATG,22.66347770690918
CRO,kmer,clf,k_TGCTCTCCCA,22.589398503303528
CRO,kmer,clf,k_GCCGAAGATA,22.537765502929688
CRO,kmer,reg,k_GGGATCTCCA,21.773150634765624
CRO,kmer,clf,k_ATCTATCACA,21.132476568222046
CRO,kmer,clf,k_ACGCGCCCAT,20.44739990234375
CRO,kmer,clf,k_CTTACCCTGA,19.481744003295898
CRO,kmer,clf,k_CGTCAGGGTA,18.752678680419923
CRO,kmer,reg,k_GCGACCGGAA,17.968104553222656
CRO,kmer,reg,k_ATGACCCGCC,16.996090698242188
CRO,kmer,clf,k_GACGAAATGC,16.607948303222656
CRO,kmer,clf,k_ACACTTCCCC,16.50263366699219
CRO,kmer,reg,k_ATGGATTCCC,16.41337356567383
CRO,kmer,reg,k_GCCCTCACGC,15.09398536682129
CRO,kmer,reg,k_CGTACAGTTC,14.366803264617921
CRO,kmer,reg,k_ATCACTACAC,13.926001089811326
CRO,kmer,reg,k_TCTCCCGAAA,13.796941184997559
CRO,kmer,clf,k_ATCCCACCTA,13.737526512145996
CRO,kmer,clf,k_ATCACTACAC,13.450521850585938
CRO,kmer,reg,k_ATAATGCATG,12.855389022827149
CRO,kmer,clf,k_GACGTTTCGC,12.6235053896904
CRO,kmer,clf,k_AGGGTTTTTG,12.392633056640625
CRO,kmer,reg,k_AGTTTCGTCG,11.884890747070312
CRO,kmer,reg,k_ACCTACAGTG,11.782923889160156
CRO,kmer,clf,k_AGTGGGACGA,11.73385430574417
CRO,kmer,clf,k_ATGATGTCCC,11.704974365234374
CRO,kmer,reg,k_AAGTCGTTGA,11.695749139785766
CRO,kmer,clf,k_CTGCTTACGC,11.600167083740235
CRO,kmer,reg,k_ATAACTTGCA,11.515375512838364
CRO,kmer,reg,k_TACCGCTCTA,11.482910919189454
CRO,kmer,reg,k_CCTCGTCATA,11.352960205078125
CRO,kmer,reg,k_GAATACGGCC,11.310214424133301
CRO,kmer,reg,k_GGTCAGTGCA,11.212542724609374
CRO,kmer,reg,k_ACCATTGGAG,10.958124828338622
CRO,kmer,reg,k_GGAAATTACC,10.88753662109375
CRO,kmer,clf,k_CTCAGCAAGC,9.8720862865448
CRO,kmer,reg,k_AGGTCAGGGG,9.856080198287964
CRO,kmer,reg,k_ACACCGAGCC,9.679949951171874
CRO,kmer,clf,k_ATAACAAACG,9.355181312561035
CRO,kmer,reg,k_ATCGTGTATC,9.334064432978629
CRO,kmer,reg,k_GGGTTATTAA,9.228411316871643
CRO,kmer,clf,k_TAAGACCTAA,8.966082572937012
CRO,kmer,clf,k_GTGACTATAA,8.834596252441408
CRO,kmer,reg,k_ATGACGTTAG,8.792775917053223
CRO,kmer,clf,k_ATTAAGGAGC,8.56334228515625
CRO,kmer,clf,k_GACCTACCTC,8.536268520355225
CRO,kmer,reg,k_GCCGAATAGC,8.528081893920898
CRO,kmer,clf,k_ACCAATAGGT,8.512012100219726
CRO,kmer,reg,k_TGGTGCGAAA,8.50579605102539
CRO,kmer,clf,k_AGAGAGGTAT,8.492323514819144
CRO,kmer,reg,k_ATCCGATTTA,8.488336181640625
CRO,kmer,clf,k_ACCTAACATG,8.371357727050782
CRO,kmer,reg,k_CCATAGATGA,8.193274879455567
CRO,kmer,clf,k_CTATGCGATC,8.1578369140625
CRO,kmer,clf,k_CAGGATGGCG,8.101590223610401
CRO,kmer,reg,k_ATCGCTTAAG,8.071838760375975
CRO,kmer,clf,k_GGAGCCTAAA,8.061912536621094
CRO,kmer,clf,k_CTATACAAGA,8.03843994140625
CRO,kmer,reg,k_GCTCTGCATA,8.037126922607422
CRO,kmer,reg,k_AGAACGCGCC,7.9706787109375
CRO,kmer,clf,k_GTAACTTAGA,7.9594573974609375
CRO,kmer,reg,k_ACAGACAGTA,7.832779216766358
CRO,kmer,reg,k_AAATCTACGA,7.8050321996212
CRO,kmer,reg,k_CCCTGACCTC,7.789320755004882
CRO,kmer,clf,k_GTATGTGGAA,7.7771453857421875
CRO,kmer,reg,k_ACGCGCCGCG,7.753852844238281
CRO,kmer,clf,k_TCGATCGGAA,7.714820098876953
CRO,kmer,clf,k_AAGGGAGGGA,7.690660524368287
CRO,kmer,clf,k_CAATCCTTAG,7.596416854858399
CRO,kmer,clf,k_CCTCAGCATC,7.582497131824494
CRO,kmer,clf,k_GATCTTGGCA,7.576893615722655
CRO,kmer,reg,k_CTGATCCTAC,7.532705688476563
CRO,kmer,clf,k_GACGGATCAA,7.454225158691406
CRO,kmer,clf,k_GAATGTCAGA,7.431214904785156
CRO,kmer,reg,k_ACAAGAGGAC,7.349257755279541
CRO,kmer,clf,k_AGTGACACAT,7.264878368377685
CRO,kmer,clf,k_ACTTAACCAC,7.259654235839844
CRO,kmer,clf,k_CTGCCCCCTA,7.235113525390625
CRO,kmer,reg,k_GGCGTAAATA,7.203905868530273
CRO,kmer,clf,k_CCTCCTGGAA,7.18090591430664
CRO,kmer,clf,k_AGTCTCAACG,7.178995609283448
CRO,kmer,reg,k_AATCCGGTAC,7.167616271972657
CRO,kmer,clf,k_ACGACAGAAT,7.105034327507019
CRO,kmer,clf,k_ACACCCCTGT,7.0748779296875
CRO,kmer,clf,k_AGTTATAACG,6.916749572753906
CRO,kmer,clf,k_AGAGGGAACA,6.837725830078125
CRO,kmer,clf,k_ACTTCGTTTA,6.837358379364014
CRO,kmer,reg,k_AAACACCGCA,6.7880361586809155
CRO,kmer,clf,k_CATTACTCTA,6.75494613647461
CRO,kmer,clf,k_CCAAATTCAG,6.68699676990509
CRO,kmer,clf,k_AATCCTTGCC,6.678852927684784
CRO,kmer,clf,k_CGATTACCTC,6.616854858398438
CRO,kmer,reg,k_AACGGACGAT,6.613406372070313
CRO,kmer,reg,k_ACAAACTACC,6.612504196166992
CRO,kmer,reg,k_GGTTCATTCA,6.5427490234375
CRO,kmer,clf,k_ACCCTCTTAC,6.541011619567872
CRO,kmer,clf,k_AGGACAACGC,6.539855575561524
CRO,kmer,reg,k_AACCTGATGT,6.534263610839844
CRO,kmer,reg,k_AGGATACACA,6.491809886693954
CRO,kmer,clf,k_AGCTGGGGAG,6.416448974609375
CRO,kmer,clf,k_TAATCGGCCA,6.382090377807617
CRO,kmer,reg,k_GTGGCACAGA,6.329803466796875
CRO,kmer,clf,k_CGGATAGGAA,6.324192810058594
CRO,kmer,reg,k_ACTTTAGGCT,6.265840816497803
CRO,kmer,clf,k_ATCACAATAG,6.244136619567871
CRO,kmer,clf,k_GAATAGGCGA,6.243109130859375
CRO,kmer,reg,k_CGCTGATGAG,6.240274333953858
CRO,kmer,clf,k_ACTTCGCCTA,6.231240081787109
CRO,kmer,clf,k_TACCGCTCTA,6.230974531173706
CRO,kmer,clf,k_GCAGGTTAGC,6.138853752613067
CRO,kmer,reg,k_ATAAGATCTA,6.084750223159791
CRO,kmer,clf,k_AGATTAAGGC,6.080615234375
CRO,kmer,clf,k_AACCCCATAT,6.07805187702179
CRO,kmer,reg,k_ACCGCTAACA,6.052625370025635
CRO,kmer,reg,k_CAGTACAATC,6.027222442626953
CRO,kmer,reg,k_GCTATAACTA,6.015716552734375
CRO,kmer,reg,k_AAACCCCTGA,6.00154988123104
CRO,kmer,reg,k_CACCCGCTAA,5.9797736729495234
CRO,kmer,clf,k_CGTATAGCCA,5.975927734375
CRO,kmer,reg,k_GGCTTAATAC,5.904534912109375
CRO,kmer,clf,k_AGGACGGTTG,5.8845581054687495
CRO,kmer,clf,k_ATAGTCTGTG,5.881303405761718
CRO,kmer,reg,k_AACGTGCCAC,5.879116821289062
CRO,kmer,clf,k_GCCCGATTCC,5.870559883117676
CRO,kmer,reg,k_AATCCCTACC,5.853992462158203
CRO,kmer,reg,k_CCTAGTAGAC,5.820492458343506
CRO,kmer,clf,k_CGGGCTGGAA,5.765627098083495
CRO,kmer,clf,k_CTCATCGATC,5.711935424804688
CRO,kmer,clf,k_CAACCTGCCC,5.703324460983277
CRO,kmer,reg,k_CCAAACCTTA,5.6680138349533085
CRO,kmer,reg,k_CAATAGGCTC,5.654180508852005
CRO,kmer,reg,k_CAGTGACACA,5.6032514572143555
CRO,kmer,reg,k_CATACATATG,5.601510620117187
CRO,kmer,reg,k_AAGGCCCACC,5.590368270874023
CRO,kmer,clf,k_AACGGCGCTA,5.573476409912109
CRO,kmer,reg,k_GATCTCATTA,5.541314697265625
CRO,kmer,reg,k_AGCGGATGAG,5.536213159561157
CRO,kmer,reg,k_AATGTCACTA,5.525083923339844
CRO,kmer,clf,k_CTTTGAGTGC,5.485344004631043
CRO,kmer,reg,k_CACACATCAC,5.4435546875
CRO,kmer,reg,k_GACTAGATCA,5.439670181274414
CRO,kmer,reg,k_GACGAAATGC,5.439337682723999
CRO,kmer,reg,k_ACTAGATGTA,5.428928810358047
CRO,kmer,reg,k_CTCAAAGCTC,5.4199577331542965
CRO,kmer,clf,k_AATCCCCCCT,5.403924560546875
CRO,kmer,clf,k_AAGAGCCGAA,5.402743530273438
CRO,kmer,reg,k_ATCCTGGATG,5.385102844238281
CRO,kmer,clf,k_CATTCATACC,5.3839593648910515
CRO,kmer,clf,k_CGTTTTGTAC,5.378763335943222
CRO,kmer,clf,k_AGAATCGTCT,5.350165557861328
CRO,kmer,reg,k_AATAGTAGTG,5.33174819946289
CRO,kmer,reg,k_TCCCATAAGA,5.325335216522217
CRO,kmer,reg,k_GTACTATAAC,5.3203887939453125
CRO,kmer,clf,k_AGGAAAGATC,5.304229736328125
CRO,kmer,reg,k_TAATGCTTCA,5.279056453704834
CRO,kmer,reg,k_CAAGGACTCA,5.2716110229492195
CRO,kmer,clf,k_ATCGACCAGC,5.250189971923828
CRO,kmer,clf,k_GGACACCAGA,5.248405456542969
CRO,kmer,reg,k_AAACGCCGTC,5.226015663146972
CRO,kmer,clf,k_GGTGTAGCTA,5.2010119438171385
CRO,combined,reg,k_AGGCGGCGAC,273.08306579589845
CRO,combined,reg,k_ATGCATTATG,238.43966369628907
CRO,combined,clf,k_GAAACTGATC,192.426806640625
CRO,combined,clf,k_GCTGCCGATA,186.34685363769532
CRO,combined,clf,k_GGGCTCGACC,180.23570861816407
CRO,combined,reg,k_GAAACGTCCC,166.04312210083006
CRO,combined,clf,k_ATACTATTGG,156.82100732922555
CRO,combined,reg,k_CAGGGTAAGA,153.802880859375
CRO,combined,reg,k_CAAGGCGGCG,144.0974853515625
CRO,combined,clf,k_AGTAAAGTGA,104.15418701171876
CRO,combined,reg,k_TACCGCTCTA,97.14391899108887
CRO,combined,clf,k_AAGATCGTCT,88.3397430419922
CRO,combined,clf,k_AAGCTAAATG,83.0427734375
CRO,combined,clf,k_CCCAAAAACA,76.71475219726562
CRO,combined,clf,k_AGACGGGGAC,74.85586547851562
CRO,combined,reg,k_TATCTGAACA,74.18775329589843
CRO,combined,reg,k_CCACCCAACG,73.308740234375
CRO,combined,clf,k_ACATGTCGGA,71.92305908203124
CRO,combined,reg,k_AGCCGAATAG,69.08369221687317
CRO,combined,clf,k_ACTCATTGCT,60.118035888671876
CRO,combined,clf,k_TAGCTGCCGA,53.878179931640624
CRO,combined,clf,k_ATAATGCATG,52.66489176750183
CRO,combined,reg,k_ACGGTCTAGC,50.575428390502935
CRO,combined,clf,k_AGGCGGCGAC,46.32687721252441
CRO,combined,clf,k_GCCTAAACAA,41.461279296875
CRO,combined,reg,k_GGAGATCCCC,41.27004013061523
CRO,combined,reg,k_AATACGCCCT,37.416464233398436
CRO,combined,clf,k_AAGTATCACA,36.721771240234375
CRO,combined,clf,k_ACATTCATGC,35.6437744140625
CRO,combined,reg,k_ACCGTCGCTA,35.61953125
CRO,combined,reg,k_CCACAGCACA,32.619451713562015
CRO,combined,reg,k_ATGAGTCTAC,31.971286392211915
CRO,combined,reg,k_GCATAACTCC,31.366811752319336
CRO,combined,clf,k_CAATGCCACC,31.21135559082031
CRO,combined,clf,k_CTCATCGATC,30.861161422729488
CRO,combined,clf,k_TACACTTTAA,29.409808349609374
CRO,combined,reg,k_GAGGTCGTGC,27.71612548828125
CRO,combined,clf,k_AGCTTCCTGG,27.114864349365234
CRO,combined,clf,k_CCATAGATGA,25.971452331542967
CRO,combined,clf,k_AAGCCTCGTC,24.93297576904297
CRO,combined,clf,k_CCCCGCAACA,24.390504455566408
CRO,combined,clf,k_CGACCTGTTA,24.322779846191406
CRO,combined,reg,k_GGAAAGATCA,23.953564453125
CRO,combined,clf,k_ACGTCCACAA,23.288099670410155
CRO,combined,reg,k_ATATAGTAAC,23.27110595703125
CRO,combined,clf,k_CATGGGGGAC,22.837107467651368
CRO,combined,reg,k_ATTCTTTCGG,22.563934326171875
CRO,combined,reg,k_TAATTCCGCA,21.936614990234375
CRO,combined,reg,k_GCATGCATTA,21.582432556152344
CRO,combined,clf,k_ACGGATCAAC,20.897681045532227
CRO,combined,reg,k_CTTACCCTGA,20.571139185130598
CRO,combined,clf,k_ATATGACCCC,20.428262329101564
CRO,combined,clf,k_ATCACTACAC,20.10997698307037
CRO,combined,clf,k_AGCCGAATAG,19.317679965496065
CRO,combined,reg,k_ATCGTGCGAC,19.1316650390625
CRO,combined,reg,k_GGTCAGTGCA,19.098964595794676
CRO,combined,reg,k_GCCCTCACGC,18.750764465332033
CRO,combined,reg,k_AACCTCGTCA,18.282856369018553
CRO,combined,reg,k_CGTACAGTTC,18.27632841169834
CRO,combined,clf,k_GCCGAAGATA,18.230821228027345
CRO,combined,clf,k_ATGCATTATG,17.346541595458984
CRO,combined,reg,k_ATCACTACAC,17.029579162597656
CRO,combined,clf,k_ACACTTCCCC,16.644297790527343
CRO,combined,clf,k_GTTAGATATA,16.607127380371093
CRO,combined,reg,k_CTCGGGACCC,16.141900062561035
CRO,combined,clf,k_ATTCACATAG,16.037600708007812
CRO,combined,clf,k_AATAGTAGTG,15.467093920707702
CRO,combined,reg,k_ACCATTGGAG,15.355830955505372
CRO,combined,reg,k_GATCCTAGCC,15.024982452392578
CRO,combined,reg,k_GACGGTTAGA,14.61918354034424
CRO,combined,reg,k_GCTATAACTA,14.513811874389647
CRO,combined,clf,k_CTTACCCTGA,13.997600173950197
CRO,combined,reg,k_TCTCCCGAAA,13.854248523712158
CRO,combined,reg,k_GGGCTCGACC,13.482635498046875
CRO,combined,clf,k_TACCGCTCTA,12.688902282714842
CRO,combined,clf,k_ATAAGGCTCC,12.620550537109375
CRO,combined,clf,k_ATAGGCAACG,12.598722076416015
CRO,combined,clf,k_ACGGCTGGGA,12.41304702758789
CRO,combined,reg,k_TAACGTCATA,12.330634117126465
CRO,combined,reg,k_AGGCTAACAG,11.499358367919921
CRO,combined,reg,k_AGTTTCGTCG,11.22244472503662
CRO,combined,clf,k_CTCGATCGGA,11.036737060546875
CRO,combined,clf,k_ACCCCTCACT,10.812240600585938
CRO,combined,clf,k_CTCAAAGCTC,10.575128078460692
CRO,combined,clf,k_CGTGACCCAA,10.322808647155762
CRO,combined,reg,k_GCCGAATAGC,10.309674072265626
CRO,combined,reg,k_AAGCTGTGGG,10.136587524414061
CRO,combined,reg,k_GGCCACACCC,9.948568725585938
CRO,combined,reg,k_ATTACTTACA,9.824162239581348
CRO,combined,clf,k_AGTGGGACGA,9.581132507324218
CRO,combined,clf,k_ATTAAGGAGC,9.552105712890626
CRO,combined,clf,k_CACCCGAGAA,9.460838317871094
CRO,combined,clf,k_GGACGGATCA,9.428516387939453
CRO,combined,clf,k_ATGATGTCCC,9.316090393066407
CRO,combined,reg,k_GGGTTATTAA,9.300970721244811
CRO,combined,reg,k_GAACACCCAC,9.204229736328125
CRO,combined,clf,k_TAAGACCTAA,9.048316931724548
CRO,combined,clf,k_AGTCTCAACG,8.896290016174316
CRO,combined,reg,k_CCATAGATGA,8.853066158294677
CRO,combined,reg,k_ATGGACGTGA,8.737368774414062
CRO,combined,clf,k_ACGGGGCAGA,8.518751525878907
CRO,combined,clf,k_AAGGGAGGGA,8.494189003109932
CRO,combined,reg,k_ACAGCCCAGG,8.433761596679688
CRO,combined,reg,k_ACCAATAGGT,8.358318519592284
CRO,combined,reg,k_ATGCACAGGC,8.15454535484314
CRO,combined,clf,k_AGCCGAGAGA,8.124914699792862
CRO,combined,clf,k_CGTACAGTTC,8.095547103881835
CRO,combined,reg,k_GCCCCCTCAA,8.0563720703125
CRO,combined,clf,k_AATGATTAGG,8.010977935791017
CRO,combined,reg,k_CCGTCCGCTA,7.905978393554687
CRO,combined,clf,k_CATGGTGTTA,7.9049224853515625
CRO,combined,reg,k_CCTGTACATC,7.860796737670898
CRO,combined,reg,k_ACTTTAGGCT,7.775302433967591
CRO,combined,reg,k_TGTGTGAGAA,7.763939666748048
CRO,combined,reg,k_CGCGCCGCGC,7.753852844238281
CRO,combined,clf,k_CACATTGCCA,7.721728515625
CRO,combined,clf,k_GAATGTCAGA,7.686290550231934
CRO,combined,reg,k_GTTTGTCCGA,7.620197856426239
CRO,combined,reg,k_CGACTACCCA,7.596665954589843
CRO,combined,clf,k_ACCGCAATCC,7.564035034179687
CRO,combined,clf,k_AGTCTCAGTA,7.518878364562989
CRO,combined,reg,k_ACTAGAGCGA,7.373320889472962
CRO,combined,reg,k_ACCACAGCAC,7.351616436243057
CRO,combined,clf,k_GGACACCAGA,7.336455225944519
CRO,combined,clf,k_ACTGGATGCT,7.305175876617431
CRO,combined,clf,k_AATAGGGATA,7.268948364257812
CRO,combined,clf,k_GCTGGTCTAA,7.002521800994874
CRO,combined,clf,k_GAGGTATGAC,6.967452621459961
CRO,combined,clf,k_ATCCCACCTA,6.942077159881592
CRO,combined,reg,k_CGGGCTGGAA,6.932623672485351
CRO,combined,reg,k_TATGCAAGGA,6.837443265318871
CRO,combined,reg,k_AAACGCCGTC,6.803851318359375
CRO,combined,clf,k_GTGACTATAA,6.796904563903809
CRO,combined,clf,k_CTTAAACCTA,6.758447265625
CRO,combined,clf,k_AGCCGCTCCT,6.729939484596253
CRO,combined,reg,k_AAAGCCGACG,6.681326103210449
CRO,combined,reg,k_ATCAGTCTAC,6.630849695205688
CRO,combined,reg,k_ATCGTGTATC,6.617121613025665
CRO,combined,reg,k_GACGAAATGC,6.514716601371765
CRO,combined,clf,k_ACATATGGTA,6.441395008563996
CRO,combined,clf,k_AAGCTAGACG,6.416448974609375
CRO,combined,clf,k_GAGCTACGAA,6.409254455566407
CRO,combined,clf,k_CAAGCCGCCA,6.381284713745117
CRO,combined,clf,k_GAACACTAAC,6.37963696718216
CRO,combined,reg,k_ACTTGTAGTC,6.373202592134476
CRO,combined,clf,k_ATAGCTGCAC,6.294474792480468
CRO,combined,reg,k_GCCTTGCACA,6.2572486877441404
CRO,combined,clf,k_ATATATATTC,6.227825927734375
CRO,combined,clf,k_ACTTTAGGCT,6.155600702762603
CRO,combined,clf,k_CAGGATGGCG,6.136028587818146
CRO,combined,reg,k_CGTATAGCCA,6.093024826049804
CRO,combined,reg,k_CACCACCCCC,6.06097412109375
CRO,combined,clf,k_AAACCACCCG,5.978917169570924
CRO,combined,reg,k_TACACGTCTA,5.963813781738281
CRO,combined,clf,k_AATGCTTCGG,5.9047496795654295
CRO,combined,clf,k_GACCTACCTC,5.856177520751953
CRO,combined,clf,k_GACGTTTCGC,5.8472575664520265
CRO,combined,reg,k_CTATTCGTAC,5.824677467346191
CRO,combined,clf,k_GGAGCCTAAA,5.78886833190918
CRO,combined,clf,k_ACCCTTTAAT,5.778526687622071
CRO,combined,clf,k_GCTTGCTGAA,5.730973434448242
CRO,combined,reg,k_CATCAGCTTC,5.684542942047119
CRO,combined,reg,k_CAGTCCAATA,5.681280422210693
CRO,combined,clf,k_ACCTAACATG,5.676898193359375
CRO,combined,clf,k_CTGCTATAGC,5.635902214050293
CRO,combined,reg,k_AAGCGACGCT,5.63051815032959
CRO,combined,clf,k_CCAATTAGAG,5.592309951782227
CRO,combined,clf,k_ACCTACAGTG,5.581596565246582
CRO,combined,reg,k_GATCTCATTA,5.566583251953125
CRO,combined,clf,k_TAACGTCCCA,5.564588165283203
CRO,combined,reg,k_GCCTTTGGCC,5.544929313659668
CRO,combined,reg,k_CAATGCTCCC,5.53829174041748
CRO,combined,clf,k_GTACTAAGTA,5.533724594116211
CRO,combined,clf,k_ATCTATCACA,5.504181385040284
CRO,combined,reg,k_CATTTGCTCG,5.490758615732192
CRO,combined,reg,k_GCGCCGCGCA,5.481011962890625
CRO,combined,clf,k_AAAATAGATC,5.423733520507812
CRO,combined,reg,k_GCGGCGACCA,5.409751892089844
CRO,combined,reg,k_AGTCAGCTTA,5.40846751332283
CRO,combined,clf,k_TCGGAAACCA,5.404201871156692
CRO,combined,clf,k_TGAACAGGCA,5.387426137924194
CRO,combined,clf,k_ACGGATATAC,5.380035400390625
CRO,combined,clf,k_CCAAATTCAG,5.373792523145676
CRO,combined,reg,k_CATTCTCGGA,5.368622589111328
CRO,combined,reg,k_AGGGCGTAGA,5.36287841796875
CRO,combined,clf,k_GCTGTCGAGA,5.352728271484375
CRO,combined,clf,k_TCTCATGCAA,5.349302673339844
CRO,combined,reg,k_ACTATTAGTC,5.348106002807617
CRO,combined,reg,k_AACGACACAC,5.308736038208008
CRO,combined,clf,k_ACGATTAATC,5.298807907104492
CRO,combined,reg,k_TAATCCTATA,5.297592306137084
CRO,combined,clf,k_AACCGAAGTA,5.291339111328125
CRO,combined,reg,k_CATCTATAAA,5.26481065750122
CRO,combined,clf,k_AGAGTCGATA,5.260939025878907
CRO,combined,clf,k_CGCTGATGAG,5.258388996124268
CRO,combined,clf,k_ATACAGGTTG,5.2483062744140625
CRO,combined,reg,k_ACTGGCCACT,5.218235015869141
CRO,combined,reg,k_AAAGCTCCAC,5.209205178916454
CRO,combined,reg,k_CGCTAAGAAG,5.20910415649414
CRO,combined,reg,k_CATGGGGGAC,5.202231740951538
ERY,kmer,reg,k_CTCGGGACCC,1235.3175354003906
ERY,kmer,reg,k_GGGGTCCCGA,1004.9783691406251
ERY,kmer,reg,k_GCGCTCGGGA,987.915460205078
ERY,kmer,reg,k_AGTTTCGTCG,959.8897750854492
ERY,kmer,reg,k_ATTCCGCTGG,457.68162841796874
ERY,kmer,clf,k_GGGGTCCCGA,98.06922912597656
ERY,kmer,clf,k_CTCGGGACCC,93.8410430908203
ERY,kmer,reg,k_GCATTCTATA,78.33854217529297
ERY,kmer,reg,k_CGACACTGAA,66.17673950195312
ERY,kmer,reg,k_GGGGAACGGA,48.692914199829104
ERY,kmer,reg,k_ACCTAGTCGC,46.110846710205074
ERY,kmer,clf,k_GCGCTCGGGA,45.69359283447265
ERY,kmer,reg,k_CCACCATACA,42.45547790527344
ERY,kmer,reg,k_CTAAACGAGC,41.885260581970215
ERY,kmer,reg,k_AACAGTGCAC,38.330698585510255
ERY,kmer,reg,k_ACGAGTTTAA,36.4015380859375
ERY,kmer,reg,k_GAATTTAGGC,36.000489234924316
ERY,kmer,reg,k_CATTACAAAG,35.608786988258366
ERY,kmer,reg,k_CTGCTATGTA,34.1019293487072
ERY,kmer,reg,k_AATTGCTACC,33.322315025329594
ERY,kmer,clf,k_ATTCCGCTGG,30.103747558593753
ERY,kmer,reg,k_CTCACTGTTA,28.1637939453125
ERY,kmer,reg,k_CCGTAATAGA,27.553600311279297
ERY,kmer,clf,k_AGTTTCGTCG,26.26694812774658
ERY,kmer,reg,k_ACAGAACAGT,24.456864166259766
ERY,kmer,reg,k_GTACCTGCGA,24.36615753173828
ERY,kmer,reg,k_CTGTAGCGGC,23.785108947753905
ERY,kmer,reg,k_CTAGCTTCGC,22.10401611328125
ERY,kmer,reg,k_GACTACATAC,21.50959825515747
ERY,kmer,reg,k_CGTTTTTCAC,21.1267578125
ERY,kmer,reg,k_GCCGCTAACA,19.92292366027832
ERY,kmer,clf,k_ACATGATACT,19.245915985107423
ERY,kmer,reg,k_ATCCCACCTA,18.849220275878906
ERY,kmer,reg,k_CACTACAACA,18.6597900390625
ERY,kmer,reg,k_GAGCGACACA,18.342387008666993
ERY,kmer,reg,k_ACGACCTACA,18.072219848632812
ERY,kmer,reg,k_GGAGCACCTA,17.98841552734375
ERY,kmer,clf,k_CAGTGACGTA,17.685986328125
ERY,kmer,reg,k_AAGTTAGGTG,17.04354248046875
ERY,kmer,reg,k_ATATCTACCC,16.651171875
ERY,kmer,reg,k_ATATATAGAC,16.32704038619995
ERY,kmer,reg,k_GTACGTCATA,16.132250213623045
ERY,kmer,reg,k_CTGGGTCTTC,15.865673828125
ERY,kmer,reg,k_CAGCAAGCAC,15.59345030784607
ERY,kmer,reg,k_CGTCCCCTTA,15.340234375
ERY,kmer,reg,k_AGTGGCGATG,15.0082275390625
ERY,kmer,reg,k_ATCACTTAGA,14.3850830078125
ERY,kmer,reg,k_CTAGTGATTA,13.60771484375
ERY,kmer,reg,k_ACGCCAAAGT,13.472445631027222
ERY,kmer,reg,k_CAGTGACGTA,13.37758674621582
ERY,kmer,reg,k_ATACACAAAG,13.341400146484375
ERY,kmer,reg,k_ACCGGAAAAT,13.26575927734375
ERY,kmer,reg,k_GGCGGCCCAA,13.0748291015625
ERY,kmer,reg,k_AAAATGTCGG,13.020538544654848
ERY,kmer,reg,k_AGCCGCTAAC,13.00791268348694
ERY,kmer,reg,k_CAAGCACCAG,12.98635967373848
ERY,kmer,reg,k_AACTGCCACT,12.97348049581051
ERY,kmer,reg,k_TGTCCGAACA,12.94420166015625
ERY,kmer,reg,k_CCCGTTAAAC,12.890244293212891
ERY,kmer,reg,k_ACATGATACT,12.609208679199218
ERY,kmer,reg,k_AGCACCTCCT,12.540343284606934
ERY,kmer,reg,k_CCGACACAAG,12.344318389892578
ERY,kmer,reg,k_CTCAAGCCGC,11.875040197372435
ERY,kmer,reg,k_CGCACCAAGA,11.635200691223144
ERY,kmer,reg,k_GAGTTATATC,11.468491363525391
ERY,kmer,reg,k_AACTTCCGAA,11.255029296875
ERY,kmer,reg,k_AATGTCACAC,11.230938720703126
ERY,kmer,reg,k_GGTTGTACAA,11.189028930664062
ERY,kmer,reg,k_GATTCCCCCA,10.833984375
ERY,kmer,reg,k_ATCCGATTTA,10.831689453125
ERY,kmer,reg,k_TCACCGAACA,10.804119873046876
ERY,kmer,reg,k_GAGACGCATA,10.8009033203125
ERY,kmer,reg,k_GTGTTCTACA,10.61680908203125
ERY,kmer,reg,k_ACTGGACAGC,10.54444580078125
ERY,kmer,reg,k_CCTAGATCAA,10.49599609375
ERY,kmer,reg,k_CGTCAACGCC,10.22692451477051
ERY,kmer,reg,k_CTATGTTTGA,10.215400695800781
ERY,kmer,reg,k_CATCGATCCA,10.171066695451737
ERY,kmer,reg,k_GGTGGGCAGA,9.726953125
ERY,kmer,reg,k_GGTAGACGTA,9.72501220703125
ERY,kmer,reg,k_AGCTCTAGGG,9.515404558181762
ERY,kmer,reg,k_AAGCACCAGT,9.445118713378905
ERY,kmer,reg,k_AACATCCGGC,9.41292724609375
ERY,kmer,clf,k_GCATTCTATA,9.373057746887207
ERY,kmer,reg,k_ACAGGCCTTA,9.272117614746094
ERY,kmer,reg,k_GAGTCAGCCC,8.877349853515625
ERY,kmer,reg,k_CCCCGTAGGC,8.85434341430664
ERY,kmer,reg,k_CTAGTTGTTA,8.683244562149047
ERY,kmer,reg,k_CAACCTGCCC,8.635281372070313
ERY,kmer,reg,k_AGCTCCTCGA,8.45279140472412
ERY,kmer,reg,k_AAGCTTAGCT,8.317016792297363
ERY,kmer,reg,k_TACTGCCGAA,8.262215898931027
ERY,kmer,reg,k_CACTCGTTAA,8.20921630859375
ERY,kmer,reg,k_ATAAATCGGA,8.202783203125
ERY,kmer,reg,k_ATTACGCTGA,8.11600341796875
ERY,kmer,reg,k_CCCAGTTGGA,8.083130264282225
ERY,kmer,reg,k_AAATGGCGGC,7.912420654296875
ERY,kmer,reg,k_GAGCAACACA,7.823177337646484
ERY,kmer,reg,k_ATGCCTTCGC,7.776540374755859
ERY,kmer,reg,k_CTTACATTAA,7.7133544921875
ERY,kmer,reg,k_GATGGTGCTA,7.707074737548828
ERY,kmer,reg,k_GCTTAGGCTA,7.587011229991912
ERY,kmer,reg,k_AGCGAACTGA,7.582454624772072
ERY,kmer,reg,k_ATAATCGAAG,7.550901794433594
ERY,kmer,reg,k_CATGACAGGC,7.377001953125
ERY,kmer,reg,k_CGACATCGGA,7.325571823120118
ERY,kmer,reg,k_TGCAGACCCA,7.2243202209472654
ERY,kmer,reg,k_TAACCGACTA,7.132707214355468
ERY,kmer,reg,k_ACCCGAAAAA,7.0505424499511715
ERY,kmer,reg,k_CCCCGACCCC,6.74658203125
ERY,kmer,reg,k_GCCCATACGA,6.717296147346497
ERY,kmer,reg,k_AGCTAATCAG,6.6677406311035154
ERY,kmer,reg,k_CAAACTGACA,6.566055583953857
ERY,kmer,reg,k_CACAAATATC,6.486865247786045
ERY,kmer,reg,k_GTGTGAGCAA,6.486355590820312
ERY,kmer,reg,k_TCAATGCCGA,6.485535681247711
ERY,kmer,reg,k_AGATCCATAT,6.462255209684372
ERY,kmer,reg,k_CATGCCCGTA,6.4591552734375
ERY,kmer,reg,k_TAAATGCACA,6.377069091796875
ERY,kmer,reg,k_GTAAGCTCAA,6.360718792676926
ERY,kmer,reg,k_ATCGAGAGTG,6.196189069747925
ERY,kmer,reg,k_AATAGCTCTA,6.152139663696289
ERY,kmer,reg,k_CCTGACCCTC,6.120748138427734
ERY,kmer,reg,k_CTGTTGGTGC,6.072761940956116
ERY,kmer,clf,k_CTAAGACCAC,6.029816722869874
ERY,kmer,reg,k_GAGTATGCTA,6.022625732421875
ERY,kmer,reg,k_CGGCTAATTC,6.00404052734375
ERY,kmer,reg,k_TCTATAGTCA,5.959435987472534
ERY,kmer,reg,k_AGTAACGTAC,5.865750122070311
ERY,kmer,reg,k_AACCCGATAA,5.763467788696289
ERY,kmer,reg,k_CTCCAAAACA,5.7353003263473505
ERY,kmer,reg,k_GACTTGTGAC,5.703289668262005
ERY,kmer,reg,k_ACAAGTGCAT,5.700272089242935
ERY,kmer,reg,k_AATCGAGAAC,5.678550624847412
ERY,kmer,reg,k_AATCTATACG,5.650592803955078
ERY,kmer,reg,k_ATGAGCCTGC,5.650302052497864
ERY,kmer,reg,k_CAAGCTTAGC,5.621814000606537
ERY,kmer,reg,k_CCATGTAGTA,5.561676406860352
ERY,kmer,reg,k_CAACGGTATG,5.555267304182053
ERY,kmer,reg,k_CTTATCACTC,5.5415383070707325
ERY,kmer,reg,k_AGAATGCAAC,5.540555191040039
ERY,kmer,reg,k_TATGGCGACA,5.52356071472168
ERY,kmer,reg,k_ACGAAATCTG,5.512017822265625
ERY,kmer,reg,k_AAGTGTAGGA,5.44763568341732
ERY,kmer,reg,k_CCATAAGATC,5.3683980941772464
ERY,kmer,reg,k_GATCCATATA,5.36153564453125
ERY,kmer,reg,k_TAGCCCCTGA,5.306940412521362
ERY,kmer,reg,k_AGCCTCAGCA,5.228859710693359
ERY,kmer,reg,k_CGCGTAATCC,5.21619873046875
ERY,kmer,reg,k_ACCCCCATAA,5.19632568359375
ERY,kmer,reg,k_ATGCGGTTAA,5.162064491212368
ERY,kmer,reg,k_ATAAGATCTA,5.159689208865166
ERY,kmer,reg,k_CGAGAAAGGA,5.153435611724854
ERY,kmer,reg,k_GTCAGCTTAA,5.15218824148178
ERY,kmer,reg,k_AAGTTCTATA,5.1362056076526645
ERY,kmer,clf,k_CATTACAAAG,5.090452617406845
ERY,kmer,reg,k_CAAGCACGGC,5.079067230224609
ERY,kmer,reg,k_CCCACATACG,5.076090621948242
ERY,kmer,reg,k_AATAGGTTAC,5.0508979797363285
ERY,kmer,reg,k_ATATGCTATG,5.030665813386441
ERY,kmer,reg,k_CACTAACGGA,5.008642333745956
ERY,kmer,reg,k_AATTATTGTG,4.992717742919922
ERY,kmer,reg,k_CCTTGGGTCA,4.98843994140625
ERY,kmer,reg,k_TACGTCCTAA,4.918979644775391
ERY,kmer,reg,k_AAACAGGGGC,4.867986631393432
ERY,kmer,reg,k_ACGTGTGAGT,4.86502685546875
ERY,kmer,reg,k_CAACCAGCGC,4.849393892288208
ERY,kmer,reg,k_ACTCGTGTCA,4.825654518604278
ERY,kmer,reg,k_ATAGTTAGAA,4.767560958862305
ERY,kmer,reg,k_CTCAGCAAGC,4.727654841542243
ERY,kmer,reg,k_CCTCTGCAGC,4.724127852916718
ERY,kmer,reg,k_CGACGATTAC,4.7192377805709835
ERY,kmer,reg,k_CAGTTGACAG,4.692439487576484
ERY,kmer,clf,k_AATTGCTACC,4.651674270629883
ERY,kmer,reg,k_TAGAACCGAA,4.632143926620484
ERY,kmer,reg,k_AGCAAGCACC,4.626202744245529
ERY,kmer,reg,k_ATGTCGCGTC,4.601605939865112
ERY,kmer,reg,k_AATTCGGCAG,4.574612426757812
ERY,kmer,reg,k_CGATAGTGTA,4.572281374037266
ERY,kmer,reg,k_AAAGGTCGAG,4.536481024185195
ERY,kmer,reg,k_GCGCTTATGA,4.4929443359375
ERY,kmer,reg,k_AAACTTAACT,4.376579230278731
ERY,kmer,reg,k_ACGTTGTTCC,4.362439346313477
ERY,kmer,reg,k_GGACCTGTGA,4.358113479614257
ERY,kmer,clf,k_CCACCATACA,4.352710723876953
ERY,kmer,reg,k_AATACTAGGG,4.3330078125
ERY,kmer,reg,k_GTCCCCAATA,4.245697498321533
ERY,kmer,reg,k_GTCCGTATAA,4.24510498046875
ERY,kmer,reg,k_ACACACTATA,4.24396421611309
ERY,kmer,reg,k_AACCTAACAG,4.240471410751343
ERY,kmer,reg,k_AGGCTGTGAG,4.234890556335449
ERY,kmer,reg,k_CGTACGATAC,4.232269668579102
ERY,kmer,reg,k_AGTCTTCCGA,4.22700080871582
ERY,kmer,reg,k_GCTGAGACCC,4.216453552246094
ERY,kmer,reg,k_ACGGAAGTAC,4.202570533752441
ERY,kmer,reg,k_AAGCGAGGCT,4.20062255859375
ERY,kmer,reg,k_ACTACATAGA,4.184567260742187
ERY,kmer,reg,k_CGCGATGACC,4.170367431640625
ERY,kmer,reg,k_CTAGAACGTC,4.162790107727051
ERY,kmer,reg,k_ATTCTAACGC,4.143426132202149
ERY,combined,reg,k_CTCGGGACCC,1373.2368591308593
ERY,combined,reg,k_AGTTTCGTCG,1237.5119995117188
ERY,combined,reg,k_CGACACTGAA,1029.75927734375
ERY,combined,reg,k_GGGGTCCCGA,830.4360656738281
ERY,combined,reg,k_ATTCCGCTGG,786.7278808593751
ERY,combined,reg,k_GCGCTCGGGA,743.8656127929687
ERY,combined,clf,k_CTCGGGACCC,96.54655914306642
ERY,combined,clf,k_GGGGTCCCGA,89.20405883789064
ERY,combined,clf,k_GCGCTCGGGA,69.62866477966308
ERY,combined,reg,k_GCATTCTATA,64.26482620239258
ERY,combined,clf,k_CGACACTGAA,62.42580802589655
ERY,combined,reg,k_CCTTGGGTCA,51.56500396728516
ERY,combined,reg,k_AAGTTAGGTG,51.49580078125
ERY,combined,reg,k_AATTGCTACC,42.89108047485352
ERY,combined,reg,k_GGGGAACGGA,38.38897590637207
ERY,combined,reg,k_CCGTAATAGA,35.586306762695315
ERY,combined,reg,k_ACCTAGTCGC,34.22638359069824
ERY,combined,reg,k_CATTACAAAG,30.101028823852538
ERY,combined,clf,k_ATTCCGCTGG,28.913737297058105
ERY,combined,reg,k_CTAGCTTCGC,27.977278900146484
ERY,combined,reg,k_AATATAACGT,25.824267578125
ERY,combined,reg,k_CTAAACGAGC,25.162443542480467
ERY,combined,reg,k_CAGCTCGAGA,24.56428575515747
ERY,combined,clf,k_AGTTTCGTCG,24.255088233947752
ERY,combined,reg,k_CCCGTTAAAC,22.2120231628418
ERY,combined,reg,k_ATGCTCGACG,21.544900512695314
ERY,combined,reg,k_GTCCTTCCCA,21.033331298828124
ERY,combined,reg,k_GTCCGTATAA,19.1152587890625
ERY,combined,reg,k_ACGACCTACA,18.958477783203122
ERY,combined,reg,k_CCCGTTTGAA,18.828737640380858
ERY,combined,reg,k_AATTCGGCAG,18.50195801258087
ERY,combined,reg,k_CTGTAGCGGC,18.49757251739502
ERY,combined,reg,k_ACAGAACAGT,18.2770263671875
ERY,combined,reg,k_GCAAGCACCA,18.25090619623661
ERY,combined,reg,k_ATAGGACAGC,17.26200957745314
ERY,combined,reg,k_AGCTCTAGGG,17.0432165145874
ERY,combined,reg,k_GTGATGCAAC,17.0126708984375
ERY,combined,reg,k_AGTAGACCAC,16.937596130371094
ERY,combined,reg,k_AGCTGGTGGC,16.455554199218753
ERY,combined,reg,k_AACAGTGCAC,16.363240814208986
ERY,combined,reg,k_GACTACATAC,14.75068359375
ERY,combined,reg,k_ACAGGCCTTA,14.641764450073243
ERY,combined,reg,k_AAGCACCAGT,14.084963384270667
ERY,combined,reg,k_CAGTGACGTA,13.686470603942873
ERY,combined,reg,k_AGGGTAGTTG,13.532438278198242
ERY,combined,reg,k_GTACGTCATA,13.473313903808593
ERY,combined,reg,k_GCCGCTAACA,13.41407642364502
ERY,combined,reg,k_CAGTCTCTCC,13.185205078125
ERY,combined,clf,k_ACATGATACT,12.92991199493408
ERY,combined,reg,k_ATCCCACCTA,12.925486373901368
ERY,combined,reg,k_ATTGGCGTGC,12.767352294921874
ERY,combined,reg,k_CTTACATTAA,12.620345306396484
ERY,combined,reg,k_GAATTTAGGC,12.105447387695312
ERY,combined,reg,k_CGCACCAAGA,12.025708198547363
ERY,combined,reg,k_ATCGGATAAG,11.701792907714843
ERY,combined,reg,k_AATAGGACAG,11.639566040039062
ERY,combined,reg,k_ATTCTAACGC,10.983094300329684
ERY,combined,reg,k_GTGTTCTACA,10.854728698730469
ERY,combined,reg,k_AGCACCAGTG,10.721807098388672
ERY,combined,reg,k_ATACACAAAG,10.720616149902344
ERY,combined,reg,k_TAAATGCACA,10.355343627929688
ERY,combined,reg,k_CTCTAGGCTA,10.343927001953125
ERY,combined,reg,k_ATCGGAAAGC,9.968551063537598
ERY,combined,reg,k_AGCACCTCCT,9.919351577758789
ERY,combined,reg,k_AGCTAATCAG,9.889835393428802
ERY,combined,reg,k_AGCCGCTAAC,9.872760105133057
ERY,combined,clf,k_GCATTCTATA,9.760329246520996
ERY,combined,reg,k_AAAGTACGCA,9.695705032348632
ERY,combined,reg,k_ACGCCAAAGT,9.553612327575683
ERY,combined,reg,k_ATCACTTAGA,9.54052734375
ERY,combined,reg,k_AATTGTCGCG,9.484527587890625
ERY,combined,reg,k_CGCCTTCTGA,9.26517333984375
ERY,combined,reg,k_GGGTAGTTGA,9.215636444091796
ERY,combined,reg,k_GCTCCAATCC,9.11478271484375
ERY,combined,reg,k_CTCAAGCCAC,9.02768726348877
ERY,combined,reg,k_GCGTCATTAA,9.01820068359375
ERY,combined,reg,k_CACTCGTTAA,9.01528549194336
ERY,combined,reg,k_AGAATTAGAT,9.0117431640625
ERY,combined,reg,k_CTCAAGCCGC,8.937075257301332
ERY,combined,reg,k_CAAAGTTCCG,8.927728271484375
ERY,combined,reg,t_serotype_35B,8.852857826650142
ERY,combined,reg,k_ATAACCCTAG,8.839793968200683
ERY,combined,reg,k_CCGTACTCAC,8.747599792480468
ERY,combined,reg,k_AGCTCCTCGA,8.450763511657716
ERY,combined,reg,k_ACTTAAGGTA,8.38309326171875
ERY,combined,reg,k_ACATGATACT,8.265646743774415
ERY,combined,reg,k_CTCACTCAAC,8.17654367759824
ERY,combined,reg,k_ACTGGACAGC,8.160848440229893
ERY,combined,reg,k_AAGCGGATTC,8.062286376953125
ERY,combined,reg,k_ACAAGTGCAT,8.034571874141694
ERY,combined,reg,k_CGAAATAGGC,7.795123291015625
ERY,combined,reg,k_CACTTTGGTA,7.721026611328125
ERY,combined,reg,k_GGACACAAAA,7.66087703704834
ERY,combined,reg,k_AAGTTCTATA,7.644242656230927
ERY,combined,reg,k_AATAGCTCTA,7.5872495651245115
ERY,combined,reg,k_AAATCCGTAG,7.478681099414825
ERY,combined,reg,k_GGTTGTACAA,7.432257080078125
ERY,combined,reg,k_GGGGAGTTTA,7.3628173828125
ERY,combined,reg,k_GGTATCTTAA,7.340906476974487
ERY,combined,reg,k_CGTTTTTCAC,7.322100830078125
ERY,combined,reg,k_CTAGAACGTC,7.261484813690185
ERY,combined,reg,k_AGAGCGAGTC,7.199621963500977
ERY,combined,reg,k_CTCCAAAACA,7.115877985954285
ERY,combined,reg,k_ATATATAGAC,7.1120421037077906
ERY,combined,reg,k_AGGATAGCCG,6.99512258991599
ERY,combined,reg,k_AAACATAGCT,6.942581087350845
ERY,combined,clf,k_CCCCGTAGGC,6.9364670515060425
ERY,combined,reg,k_GATTGACCGA,6.876800537109375
ERY,combined,reg,k_CGGAAACGTA,6.876635122299194
ERY,combined,reg,k_CCTCTGCAGC,6.859494571387768
ERY,combined,reg,k_GCGTTGACGA,6.780056858062744
ERY,combined,reg,k_ACTCCAGTAA,6.737323760986328
ERY,combined,reg,k_AATACAAGCC,6.615653228759766
ERY,combined,reg,k_GTGAACTAAC,6.601341247558594
ERY,combined,reg,k_AGATCTATAA,6.548098397254944
ERY,combined,reg,k_CGGCGAATTC,6.486990356445313
ERY,combined,clf,k_CATTACAAAG,6.48375825881958
ERY,combined,reg,k_CGTTAGAATA,6.474938464164734
ERY,combined,reg,k_ACCCGAAAAA,6.465824353694916
ERY,combined,reg,k_TAACGCTTGA,6.339557847380639
ERY,combined,reg,k_AATAGCGAGT,6.2733005523681635
ERY,combined,reg,k_TACCGAAGCA,6.2378173828125
ERY,combined,reg,k_AGTAACGTAC,6.219361400604248
ERY,combined,reg,k_AATGTCACAC,6.192215633392334
ERY,combined,reg,k_CAGTTGACAG,6.145462131500244
ERY,combined,reg,k_CAACAAGTGC,6.103804397583008
ERY,combined,reg,k_AAATTTCGGC,6.0595458984375
ERY,combined,reg,k_CTAGTTGTTA,6.001651382446289
ERY,combined,reg,k_CAAGCACAAG,6.001385498046876
ERY,combined,reg,k_ATAATCGAAG,5.996732711791992
ERY,combined,reg,k_AACTGCCACT,5.992225885391235
ERY,combined,reg,k_GGGTAATTAC,5.983852954953909
ERY,combined,reg,k_AAGGCGTACC,5.935967215895651
ERY,combined,reg,k_CCGACACAAG,5.90074462890625
ERY,combined,reg,k_GCTATTCGCA,5.896358084678649
ERY,combined,reg,k_CGCGTAATCC,5.842715454101563
ERY,combined,reg,k_AGCTTTGTAG,5.785737609863281
ERY,combined,reg,k_ATGATCAGCG,5.724234583973884
ERY,combined,clf,k_CAGTGACGTA,5.7098442077636715
ERY,combined,reg,k_AAAACCGGAT,5.699300654232501
ERY,combined,reg,k_ATGAGCCTGC,5.67482762336731
ERY,combined,reg,k_CTCAGCAAGC,5.663573911786079
ERY,combined,reg,k_ATGTCGCGTC,5.644797897338867
ERY,combined,reg,k_GCTCCCACTA,5.607824230194091
ERY,combined,clf,k_CCTTGGGTCA,5.435263061523438
ERY,combined,reg,k_AAACTCTAAG,5.419698938727379
ERY,combined,reg,k_GGGGTTACCC,5.414477318525314
ERY,combined,reg,k_AGCCATAGAC,5.357220458984375
ERY,combined,reg,k_GCATCATGCC,5.322728079557419
ERY,combined,reg,k_CTTTAGGCGA,5.272632598876953
ERY,combined,reg,k_ACGCTTGCGG,5.2659423828125
ERY,combined,reg,k_ACCGGAAAAT,5.261627197265625
ERY,combined,reg,k_CTCGGCTTCC,5.210481786727906
ERY,combined,reg,k_ACTCGTGTCA,5.197060549259185
ERY,combined,reg,k_TCTCCTGGCA,5.156462860107422
ERY,combined,clf,k_GGCGAAGACA,5.156229022145272
ERY,combined,reg,k_GAGTATGCTA,5.111886596679687
ERY,combined,reg,k_GTGGCAAAGA,5.1117607116699215
ERY,combined,reg,k_AATTATTGTG,5.076990127563477
ERY,combined,reg,k_CGTGTTTATC,5.0386192321777346
ERY,combined,reg,k_AACATATATC,4.9905348122119895
ERY,combined,reg,k_AACATCCGGC,4.98043212890625
ERY,combined,reg,k_TACTGCCGAA,4.952305066585541
ERY,combined,reg,k_GCATAAGTTA,4.906540822982788
ERY,combined,reg,k_AAGGGAGGGA,4.900358879566192
ERY,combined,reg,k_GCTAATTAAA,4.888116455078125
ERY,combined,reg,k_AACCCTCCTA,4.886942291259766
ERY,combined,reg,k_CAACGGTATG,4.852165266871452
ERY,combined,reg,k_AGCTTAAAAC,4.850634516775608
ERY,combined,reg,k_ACCATGAGCC,4.835805988311767
ERY,combined,reg,k_ACGGAAGTAC,4.797115381062031
ERY,combined,reg,k_ATCGAGAGTG,4.774314975738525
ERY,combined,reg,k_ATGGAACTCA,4.740505981445312
ERY,combined,reg,k_ATCAGACTTG,4.73232549726963
ERY,combined,reg,k_CGACAGAATC,4.711410140991211
ERY,combined,reg,k_AAAGTTCCGA,4.6828976973891265
ERY,combined,reg,k_CTGAATCGGC,4.670403671264649
ERY,combined,reg,k_GATGGTGCTA,4.666086196899414
ERY,combined,reg,k_AAGTCGTTGA,4.65863687992096
ERY,combined,reg,k_AAGCACTGGT,4.6529052734375
ERY,combined,reg,k_AATTATAACG,4.614453125
ERY,combined,reg,k_TAGCGAACTA,4.601689147949219
ERY,combined,reg,k_ACCATTGGAG,4.599218225479126
ERY,combined,reg,k_CATATTTAAG,4.5755870819091795
ERY,combined,reg,k_AATTTGACCC,4.56207389831543
ERY,combined,reg,k_AAAGGTCGAG,4.545162582397461
ERY,combined,reg,k_ACCCCTAATC,4.512563367187976
ERY,combined,reg,k_CTCCACGTAA,4.510481661558152
ERY,combined,reg,k_CACTTAACCA,4.493631076812743
ERY,combined,reg,k_AAAGACACCG,4.431155395507813
ERY,combined,reg,k_CCACCATACA,4.400006103515625
ERY,combined,reg,k_ATCCGAGTCC,4.398126220703125
ERY,combined,reg,k_CCGACCATTC,4.388362646102905
ERY,combined,clf,k_CCACCATACA,4.386883544921876
ERY,combined,reg,k_GAGGAACGGA,4.379847967624665
ERY,combined,clf,k_AATTGCTACC,4.379617071151734
ERY,combined,reg,k_ATAGGTATAT,4.329494285583496
ERY,combined,reg,k_CATATGGACC,4.324330627918243
ERY,combined,reg,k_AGCTACTGAC,4.307382297515869
ERY,combined,reg,k_TATGCAAGGA,4.282178131118417
CLI,kmer,reg,k_GGGGTCCCGA,1408.5592407226563
CLI,kmer,reg,k_CTCGGGACCC,1327.9780334472657
CLI,kmer,reg,k_AGTTTCGTCG,1214.7645690917968
CLI,kmer,reg,k_GCGCTCGGGA,782.7199951171874
CLI,kmer,reg,k_ATTCCGCTGG,502.04183502197264
CLI,kmer,reg,k_CCGACACAAG,153.36702938079836
CLI,kmer,clf,k_CTCGGGACCC,129.3007583618164
CLI,kmer,clf,k_GGGGTCCCGA,117.00101013183594
CLI,kmer,reg,k_AATAGCGAGT,58.55392761230468
CLI,kmer,reg,k_CTAATCGCAG,55.31002774238587
CLI,kmer,reg,k_ACACATAAGC,55.00834655761719
CLI,kmer,reg,k_CTAAACGAGC,52.575293731689456
CLI,kmer,clf,k_GCGCTCGGGA,48.667236328125
CLI,kmer,reg,k_CCATAAACCG,44.98594970703125
CLI,kmer,reg,k_TCGCAACTAA,44.7120849609375
CLI,kmer,reg,k_AAGCACCAGT,42.20504047870636
CLI,kmer,reg,k_AATCGTTCAC,40.391162109375
CLI,kmer,reg,k_GGGGCTGCGA,38.12630605697632
CLI,kmer,reg,k_AATATTATGC,37.57979965209961
CLI,kmer,clf,k_AGTTTCGTCG,37.29339866638184
CLI,kmer,reg,k_AAGTTAGGTG,31.9614013671875
CLI,kmer,reg,k_ACCCCCTACA,30.562522888183594
CLI,kmer,reg,k_GATACCTGAA,30.0536865234375
CLI,kmer,reg,k_AGCACCAGTG,29.6576828956604
CLI,kmer,reg,k_GAAGGGTATA,29.5227294921875
CLI,kmer,reg,k_GGTTGTACAA,28.848635864257815
CLI,kmer,reg,k_CTGGTATACC,25.932822513580323
CLI,kmer,reg,k_TCGACGAACA,25.60747766494751
CLI,kmer,reg,k_AAGGTAAGCT,23.77204383611679
CLI,kmer,reg,k_GAATTAGCGC,23.711114501953126
CLI,kmer,reg,k_CTAGTTGTTA,23.60718231201172
CLI,kmer,reg,k_ATCATGCATA,23.504991149902345
CLI,kmer,reg,k_AATTCCGGAG,23.265438842773435
CLI,kmer,reg,k_TCTATAGTCA,23.174887466430665
CLI,kmer,reg,k_AAAAGTCACG,21.71586446184665
CLI,kmer,reg,k_GGCCTGGTAC,21.075494384765623
CLI,kmer,reg,k_AAACCGCGAC,20.625626879930497
CLI,kmer,clf,k_ATTCCGCTGG,20.592824554443357
CLI,kmer,reg,k_ACCTAGTCGC,20.28369140625
CLI,kmer,reg,k_TAGCCCCTGA,20.190550231933592
CLI,kmer,reg,k_ATATCTAAGA,19.420849609375
CLI,kmer,reg,k_AACTGCCACT,19.386356377601622
CLI,kmer,reg,k_ATCTGATCCG,19.087451744079587
CLI,kmer,reg,k_TCATTCTAGA,19.03695068359375
CLI,kmer,reg,k_CGTTCATGTC,18.33464660644531
CLI,kmer,reg,k_AGCATAACTC,17.577096557617185
CLI,kmer,reg,k_ACAGGATCGG,17.445064544677734
CLI,kmer,clf,k_CCGACACAAG,17.41211585998535
CLI,kmer,reg,k_CTCCCTAGCA,16.6963623046875
CLI,kmer,reg,k_CCTCCTATAC,16.592529296875
CLI,kmer,reg,k_GAGAGAGAGA,16.384510660171507
CLI,kmer,reg,k_ACAGGACCCA,16.02886207103729
CLI,kmer,reg,k_GACTACATAC,16.023873138427735
CLI,kmer,reg,k_AAACATCAAC,15.949215698242188
CLI,kmer,reg,k_CTTCACTTAC,15.899755859375
CLI,kmer,reg,k_AGTTCACTAA,15.877467346191406
CLI,kmer,reg,k_AGCCGCTAAC,15.830824203789234
CLI,kmer,reg,k_ACACCACAGA,15.803834533691408
CLI,kmer,reg,k_CTTAAAGCAC,15.59806797504425
CLI,kmer,reg,k_ATCGAGTCAT,15.48135986328125
CLI,kmer,reg,k_GTAGGTATAC,15.37937469482422
CLI,kmer,reg,k_CGCTCCTCAG,15.343843078613281
CLI,kmer,reg,k_AGTGGGCATG,14.68834991455078
CLI,kmer,reg,k_ACCTCATGAG,14.603828597068787
CLI,kmer,reg,k_CACACATAAA,14.237992858886718
CLI,kmer,reg,k_GACCAGACGA,14.19442138671875
CLI,kmer,reg,k_TAGGTATACA,14.1097412109375
CLI,kmer,reg,k_AACCCATTGA,13.952456665039062
CLI,kmer,reg,k_CCTCCAGTCC,13.448518943786622
CLI,kmer,reg,k_AACTTCGTTG,13.42451171875
CLI,kmer,reg,k_AAAGACACGT,12.963153076171874
CLI,kmer,reg,k_ACCACAGCAC,12.904851341247559
CLI,kmer,reg,k_CGGGCATTGA,12.83438720703125
CLI,kmer,reg,k_CATTGGGTGA,12.750353813171387
CLI,kmer,reg,k_GGACGGTATA,12.605045318603516
CLI,kmer,reg,k_AAAAGGGCGT,12.58265461027622
CLI,kmer,reg,k_AATGGTGCTA,12.557989037036897
CLI,kmer,reg,k_GGCTTTGCTA,12.522904586791991
CLI,kmer,reg,k_ACTTGTGGAT,12.485288572311402
CLI,kmer,reg,k_CACCCATTGG,12.4054123878479
CLI,kmer,reg,k_GCACCAGTGC,12.307478332519532
CLI,kmer,reg,k_ATGTTGTGTA,12.13064956665039
CLI,kmer,reg,k_GCCGCTAACA,12.083855593204499
CLI,kmer,reg,k_CTCCAAAACA,12.03555188179016
CLI,kmer,reg,k_GGCGAAGACA,11.843232727050781
CLI,kmer,reg,k_AAACCCTCGG,11.662052154541016
CLI,kmer,reg,k_GATACGCCTA,11.503936767578125
CLI,kmer,reg,k_ATGTAGTTAC,11.454046630859375
CLI,kmer,reg,k_GCTAGTACTA,11.398266220092774
CLI,kmer,reg,k_CGCAACAGAA,11.34484157562256
CLI,kmer,reg,k_CATGACAGGC,11.1102294921875
CLI,kmer,reg,k_AAGCGACAAT,11.044424629211425
CLI,kmer,reg,k_CCACAGCACA,11.028997802734375
CLI,kmer,reg,k_TCACCGAACA,10.973356246948242
CLI,kmer,reg,k_CTAGCTTCCC,10.721422016620636
CLI,kmer,reg,k_AATTGTCGCG,10.714599609375
CLI,kmer,reg,k_ATAGGTAGCA,10.65853042602539
CLI,kmer,reg,k_GCTTATACAA,10.51456069946289
CLI,kmer,reg,k_GGATACACAC,10.31485545039177
CLI,kmer,reg,k_ACACCCATTG,10.234981060028076
CLI,kmer,reg,k_GCCTATGGCC,10.13486328125
CLI,kmer,reg,k_ACCAGGGGAG,10.123047836124897
CLI,kmer,reg,k_ATCGAACTGA,10.001318359375
CLI,kmer,reg,k_ATTGACCTAG,9.713558101654053
CLI,kmer,reg,k_CAAGCACGTC,9.692274856567384
CLI,kmer,reg,k_CAAGTAACGA,9.627081298828125
CLI,kmer,reg,k_CTAAGCTCGA,9.624033784866333
CLI,kmer,reg,k_GGGTAAGTTA,9.573465347290039
CLI,kmer,reg,k_GCAAATATCA,9.546876907348633
CLI,kmer,reg,k_ACGAGAGGAA,9.528839111328125
CLI,kmer,reg,k_AAGCTTAGCT,9.488371562957763
CLI,kmer,reg,k_GGTATATGAA,9.387419128417969
CLI,kmer,reg,k_ACCGTACATG,9.35569155216217
CLI,kmer,reg,k_AGTTACTACA,9.281964111328126
CLI,kmer,reg,k_GGGAGAGTAC,9.230600357055664
CLI,kmer,reg,k_ATATGGAATG,9.218552017211914
CLI,kmer,reg,k_AAACCACCCG,9.176928180456162
CLI,kmer,reg,k_TACCAGAGTA,9.13563005924225
CLI,kmer,reg,k_CAATGCCCTC,9.06789779663086
CLI,kmer,reg,k_AAGTGTGGAC,9.061971282958984
CLI,kmer,reg,k_ACAAGTGCGT,8.994544136524201
CLI,kmer,reg,k_CCGTTCATCA,8.875595855712891
CLI,kmer,reg,k_ACTCGTTCTG,8.862621307373047
CLI,kmer,reg,k_GCGTCTCAGC,8.845903486013412
CLI,kmer,reg,k_CAGAACTACC,8.674752807617187
CLI,kmer,reg,k_CATATACAAG,8.653604555130006
CLI,kmer,reg,k_AGTACATTAG,8.63155517578125
CLI,kmer,reg,k_GACGTAAGCC,8.591873335838317
CLI,kmer,reg,k_GCTAGCACAC,8.572394025325776
CLI,kmer,reg,k_ATTCTAACGC,8.421115222200752
CLI,kmer,reg,k_ACAATTACGG,8.33619384765625
CLI,kmer,reg,k_CAGTTGACAG,8.20511703491211
CLI,kmer,reg,k_AGCGGTTTCC,8.00140151977539
CLI,kmer,reg,k_AAGTCAGATC,7.9958740234375
CLI,kmer,reg,k_TAGCGAACTA,7.914093399047852
CLI,kmer,reg,k_AACCTGTAGG,7.908743286132813
CLI,kmer,reg,k_AAGATCGCAG,7.88857421875
CLI,kmer,reg,k_AGATCCATCG,7.85849609375
CLI,kmer,reg,k_GAACGAGCTA,7.833311665058136
CLI,kmer,reg,k_ACTCTAGCGG,7.825811958312989
CLI,kmer,reg,k_AACGGCCAGC,7.793569946289063
CLI,kmer,reg,k_ATACATGTCC,7.69339427947998
CLI,kmer,reg,k_AAGTACGTCA,7.680161476135254
CLI,kmer,reg,k_CAGTGACACA,7.516406249999999
CLI,kmer,reg,k_AAAACTTAAC,7.441173833608628
CLI,kmer,reg,k_CCTCAATCTA,7.424919891357422
CLI,kmer,reg,k_GATGGCGCTA,7.4185302734375
CLI,kmer,reg,k_CTGCGGTTTA,7.394581198692322
CLI,kmer,reg,k_AAACAGTAGC,7.232914519309997
CLI,kmer,reg,k_ACAGATTACA,7.221274566650391
CLI,kmer,reg,k_CATACTGCCC,7.179623413085937
CLI,kmer,reg,k_AAGCGACGCT,7.176243591308594
CLI,kmer,reg,k_ATAATCGAAG,7.1114705324172975
CLI,kmer,reg,k_CCATAAGATC,7.0710023760795595
CLI,kmer,reg,k_GCGTTGACGA,7.02248679101467
CLI,kmer,reg,k_GGGAGGACTA,7.005001831054687
CLI,kmer,reg,k_CAAGCACCAG,6.984151923656464
CLI,kmer,reg,k_ACTTTCGATC,6.875171661376953
CLI,kmer,reg,k_AAAGAGGCAT,6.851723480224609
CLI,kmer,reg,k_GGGGAACGGA,6.814840698242188
CLI,kmer,reg,k_GTGTTCTACA,6.779397583007812
CLI,kmer,reg,k_ATGGAACTAC,6.765667724609375
CLI,kmer,reg,k_CTATGTTTGA,6.656532037258149
CLI,kmer,reg,k_AGTTTAATTA,6.656100463867188
CLI,kmer,reg,k_AAACCGGTGA,6.628834155201912
CLI,kmer,reg,k_ACTACATACC,6.621501159667969
CLI,kmer,reg,k_ACTTAGGGAA,6.598008728027343
CLI,kmer,reg,k_AAATTTAGGC,6.592010498046875
CLI,kmer,reg,k_AGGATAGAGC,6.590457153320313
CLI,kmer,reg,k_GATCCGTCCC,6.469462013244629
CLI,kmer,reg,k_ATATGTCCGG,6.323968124389648
CLI,kmer,reg,k_AATTCAATAG,6.263949060440064
CLI,kmer,reg,k_GCTAGTGAAC,6.251788711547851
CLI,kmer,reg,k_GCACTTATAA,6.2472076416015625
CLI,kmer,reg,k_GAAGACAGAC,6.10010986328125
CLI,kmer,clf,k_GTGATGCAAC,6.0794189453125
CLI,kmer,reg,k_AAGCACGTCA,6.053094524145126
CLI,kmer,reg,k_AAACTCCGTA,6.036558151245117
CLI,kmer,reg,k_CAATACAACG,6.003672254085541
CLI,kmer,reg,k_AACCCAAACG,5.9897308349609375
CLI,kmer,reg,k_ATAAGACGCA,5.951666331291198
CLI,kmer,reg,k_ATGTACAAAC,5.8797454833984375
CLI,kmer,reg,k_AAAATGCGTT,5.849883989989757
CLI,kmer,reg,k_GACTCGTTGA,5.7837779998779295
CLI,kmer,reg,k_GCTCCCGCAC,5.7708740234375
CLI,kmer,reg,k_CTTCCCGAAC,5.74121618270874
CLI,kmer,reg,k_AGTATGACCC,5.6990703582763675
CLI,kmer,reg,k_ATGAGACAAG,5.6718795776367195
CLI,kmer,reg,k_CGCACCAAGA,5.652258205413818
CLI,kmer,reg,k_AACAAGCGCA,5.622609114646912
CLI,kmer,reg,k_AGGTCGGCCG,5.5906121134758
CLI,kmer,reg,k_GCTCCTAAAC,5.526320308446884
CLI,kmer,reg,k_AGATACCCTC,5.506167602539063
CLI,kmer,reg,k_ACCATGAGCC,5.502342987060547
CLI,kmer,reg,k_AGCTCGAGAA,5.4403241813182825
CLI,kmer,reg,k_GGAAGATGTA,5.4327136993408205
CLI,kmer,reg,k_CTAGAACAGC,5.408037519454957
CLI,kmer,reg,k_AGTCCGAACC,5.304807353019714
CLI,kmer,reg,k_TAGGTTGAAA,5.297000479698181
CLI,kmer,reg,k_AGTAGAGATC,5.243220043182373
CLI,combined,reg,k_CTCGGGACCC,1621.7816650390623
CLI,combined,reg,k_GCGCTCGGGA,1182.0929611206054
CLI,combined,reg,k_AGTTTCGTCG,1084.1657592773438
CLI,combined,reg,k_CCGACACAAG,1013.04853515625
CLI,combined,reg,k_GGGGTCCCGA,771.6119384765625
CLI,combined,reg,k_ATTCCGCTGG,599.9774444580078
CLI,combined,clf,k_CTCGGGACCC,121.87586364746095
CLI,combined,clf,k_GGGGTCCCGA,92.5664581298828
CLI,combined,reg,k_ACGCCAAAGT,66.18846603631974
CLI,combined,clf,k_CGACACTGAA,62.375244140625
CLI,combined,reg,k_TAGCCCCTGA,53.77354125976562
CLI,combined,reg,k_CTAATCGCAG,48.07409038543701
CLI,combined,clf,k_GCGCTCGGGA,47.92125778198242
CLI,combined,reg,k_AATATTATGC,47.31075668334961
CLI,combined,clf,k_AGTTTCGTCG,45.96921977996827
CLI,combined,reg,k_GGTTGTACAA,45.12535285949707
CLI,combined,reg,k_CAGTGACGTA,44.38229598999023
CLI,combined,reg,k_ACAGGATCGG,43.302655822783706
CLI,combined,reg,k_ACATTAACTA,42.7667236328125
CLI,combined,reg,k_CCATAAACCG,40.424327468872065
CLI,combined,reg,k_TAAATGCACA,37.586534118652345
CLI,combined,reg,k_ATCCTTGGGG,37.5574951171875
CLI,combined,reg,k_ATAGCGTCAC,34.19029653072357
CLI,combined,reg,k_CGTTCATGTC,32.78652839660644
CLI,combined,reg,k_GATACCTGAA,29.6544189453125
CLI,combined,clf,k_ATTCCGCTGG,28.23697757720947
CLI,combined,reg,k_ATCATTCGAG,27.0501708984375
CLI,combined,reg,k_CAGGAGAACA,26.56859664916992
CLI,combined,reg,k_GACTCGTTGA,25.742218017578125
CLI,combined,reg,k_CGTCTGCCCC,24.19414367675781
CLI,combined,reg,k_AAACATCAAC,23.454424476623537
CLI,combined,reg,k_GATATGGACC,23.0169921875
CLI,combined,reg,k_AACACTAAAC,21.991563415527345
CLI,combined,reg,k_AAAGTTACAC,21.728654861450195
CLI,combined,reg,k_CATATACAAG,21.70869140625
CLI,combined,reg,k_ACACCCGTCT,21.197802734375
CLI,combined,reg,k_CCTCCAGTCC,20.72350559234619
CLI,combined,reg,k_AGCACCAGTG,20.572408282756808
CLI,combined,reg,k_AAACCCTCGG,20.41798553466797
CLI,combined,reg,k_CCAAACCTCG,19.8228271484375
CLI,combined,reg,k_CTAAACGAGC,19.750725555419923
CLI,combined,reg,k_ACGGCCGACC,19.57893669009209
CLI,combined,reg,k_CAAGCACCAG,19.137844595313073
CLI,combined,reg,k_GGCCTGGTAC,18.83500919342041
CLI,combined,reg,k_ATCTGATCCG,17.926046752929686
CLI,combined,reg,k_ATGTTTAGCC,17.717587178945543
CLI,combined,reg,k_GGATAGCGCA,16.97783203125
CLI,combined,reg,k_CATTGGGTGA,16.83685040473938
CLI,combined,reg,k_GGCTTTCGCA,16.775746154785157
CLI,combined,reg,k_CCCCGTAGGC,16.664686584472655
CLI,combined,reg,k_GCCGACACCC,16.261895751953126
CLI,combined,reg,k_ACCGTACATG,16.25795135498047
CLI,combined,reg,k_GAATTAGCGC,15.978948974609375
CLI,combined,reg,k_AGAAGGATCC,15.877467346191406
CLI,combined,reg,k_GAGTGGTTAA,15.84234619140625
CLI,combined,reg,k_GGGGCTGCGA,15.763637351989747
CLI,combined,reg,k_AGCTCTAGGG,15.715721559524537
CLI,combined,reg,k_GCCGCTAACA,15.47732458114624
CLI,combined,reg,k_CTATACAACA,15.4762451171875
CLI,combined,reg,k_GCACCAGTGC,15.470152282714844
CLI,combined,reg,k_GAGAGAGAGA,15.017040503025054
CLI,combined,reg,k_CGTCTAGTTA,14.948318481445312
CLI,combined,reg,k_ACACATAAGC,14.667083740234375
CLI,combined,reg,k_ACAAGCGAGC,14.64155683517456
CLI,combined,reg,k_AAGCACCAGT,14.630997917056085
CLI,combined,reg,k_AATTCCGGAG,14.59232063293457
CLI,combined,reg,k_AACTGCCACT,14.282706212997438
CLI,combined,reg,k_CGAACCTTTC,14.254753112792969
CLI,combined,reg,k_AACGGAGCCT,13.706865561008454
CLI,combined,reg,k_AACATACAAA,13.666011762619018
CLI,combined,reg,k_GGAGACCTCC,13.48996810913086
CLI,combined,reg,k_AAGTCTTACA,13.462562704086304
CLI,combined,reg,k_CTGCTTCCGA,13.314097556471825
CLI,combined,reg,k_AATAGCGAGT,13.3123046875
CLI,combined,reg,k_AAAGCATAAC,13.221149063110353
CLI,combined,reg,k_ACACCCATTG,13.088129997253418
CLI,combined,reg,k_GTGATGCAAC,12.973516845703125
CLI,combined,reg,k_CACCCGAGAA,12.668878936767578
CLI,combined,reg,k_AATTCAATAG,12.622271728515624
CLI,combined,reg,k_CGTTGGTATA,12.570094299316406
CLI,combined,reg,k_AGATCCATCG,12.544315719604493
CLI,combined,reg,k_AGTATTCTCG,12.358578491210938
CLI,combined,reg,k_CCTCCCCCCA,12.29561767578125
CLI,combined,reg,k_AAACCGCGAC,12.244102382659912
CLI,combined,reg,k_TATGGAATGA,12.116490173339844
CLI,combined,reg,k_TAGCGAACTA,11.755776596069335
CLI,combined,reg,k_ATCACTTAGA,11.5061279296875
CLI,combined,reg,k_ACCAGGGGAG,11.480267137289045
CLI,combined,reg,k_ACAGATTACA,11.251813507080078
CLI,combined,reg,k_CACGTTTATA,11.228836822509766
CLI,combined,reg,k_ATAATCGAAG,11.227334094047546
CLI,combined,reg,k_AAGCTTAGCT,11.061980986595154
CLI,combined,reg,k_CGTAGCGAAC,10.856913757324218
CLI,combined,reg,k_GGCTTTGCTA,10.852979278564453
CLI,combined,reg,k_CCAAGACCCC,10.82255859375
CLI,combined,reg,k_AGTTGTTAGA,10.511531221866607
CLI,combined,reg,k_AAGTTATGCC,10.335002136230468
CLI,combined,reg,k_ACCCTTTTAA,10.268004608154296
CLI,combined,reg,k_GAGGCATTAC,10.027363586425782
CLI,combined,reg,k_ATACATGTCC,9.453413772583009
CLI,combined,reg,k_GGTTTCAGAC,9.4498779296875
CLI,combined,reg,k_ATGTAGTTAC,9.33915023803711
CLI,combined,reg,k_AGTAGGTATA,9.257082456350327
CLI,combined,reg,k_AGTAATCTAA,9.24271011352539
CLI,combined,reg,k_GCCCTACAGC,9.141449260711669
CLI,combined,reg,k_TCATTCTAGA,9.099090576171875
CLI,combined,reg,k_ATTCAGCCCC,8.831288146972657
CLI,combined,reg,k_AATACTGTTG,8.773539733886718
CLI,combined,reg,k_GGGTAAGTTA,8.747446632385255
CLI,combined,reg,k_ATAGGTAGCA,8.71304931640625
CLI,combined,reg,k_GAAAGACCTA,8.599976229667664
CLI,combined,reg,k_GACTACATAC,8.4852783203125
CLI,combined,reg,k_ATGTCGCGTC,8.45333480834961
CLI,combined,reg,k_AGATCTATAA,8.360201644897462
CLI,combined,reg,k_GGTATACCTA,8.267995822429658
CLI,combined,reg,k_GCTAGCACAC,8.237223815917968
CLI,combined,reg,k_CGCAACAGAA,8.213275718688966
CLI,combined,reg,k_ATCCGGTTTA,8.116121673583985
CLI,combined,reg,k_ACGAGAGGAA,8.087152099609375
CLI,combined,reg,k_ATCGGATAAG,8.025889587402343
CLI,combined,reg,k_CTGATCACTA,8.010375022888184
CLI,combined,reg,k_ACCCCCTACA,7.946344375610352
CLI,combined,reg,k_CAAGCTTAGC,7.942132568359375
CLI,combined,reg,k_ATGGCTCATG,7.919667541980743
CLI,combined,reg,k_ATTATAGAAC,7.88148558139801
CLI,combined,reg,k_AGAGCCTAAT,7.87351861000061
CLI,combined,reg,k_CTTAATTCTC,7.841294759511948
CLI,combined,reg,k_ACGGTCGCAT,7.835659790039062
CLI,combined,reg,k_AAACACTAAT,7.801725056767463
CLI,combined,reg,k_CACCCATTGG,7.73108115196228
CLI,combined,reg,k_TCCGTTTAAA,7.69989013671875
CLI,combined,reg,k_AGCTAGAATG,7.681474304199218
CLI,combined,reg,k_ACCTCATGAG,7.559477222524584
CLI,combined,reg,k_GATCCGTCCC,7.534502220153808
CLI,combined,reg,k_ATGTAATAGA,7.528205871582031
CLI,combined,reg,k_GCGCAAGTAC,7.502978515625
CLI,combined,reg,k_GCAACTCTGC,7.497410440444946
CLI,combined,reg,k_ACTAAGGCGC,7.438861083984375
CLI,combined,reg,k_AAGCCGCTAA,7.420238602161408
CLI,combined,reg,k_AGCAAGCACC,7.40025749206543
CLI,combined,reg,k_AAGCACGTCA,7.393674057722092
CLI,combined,reg,k_ACACCCGTCA,7.330841958522797
CLI,combined,reg,k_ACATCGCAAT,7.320402526855469
CLI,combined,reg,k_AATCCGCTCG,7.3080909729003904
CLI,combined,reg,k_CTCCAGATAC,7.2890068054199215
CLI,combined,reg,k_ATATGTCCGG,7.276529026031494
CLI,combined,reg,k_CGCCATATCA,7.271340179443359
CLI,combined,reg,k_CCACAGCACA,7.141887664794922
CLI,combined,reg,k_ACCACACTTG,7.09558334350586
CLI,combined,reg,k_CCACCTATGA,7.028239440917969
CLI,combined,reg,k_CGTTAGAATA,6.985418528318404
CLI,combined,reg,k_ATCGAACACA,6.910094985365868
CLI,combined,reg,k_CAGTTGACAG,6.905760478973388
CLI,combined,reg,k_CGAGCAAACG,6.835136735439301
CLI,combined,reg,k_GCTAGTACTA,6.828132915496826
CLI,combined,reg,k_ACGTCAGCAA,6.6727173745632165
CLI,combined,reg,k_TCGACGAACA,6.652009582519531
CLI,combined,reg,k_GTGTTCTACA,6.643911743164063
CLI,combined,reg,k_ACACCTCTAG,6.544972991943359
CLI,combined,reg,k_AGCCGCTAAC,6.523468017578125
CLI,combined,reg,k_AACCGCAGCT,6.49723801612854
CLI,combined,reg,k_GCAAATATCA,6.490632879734039
CLI,combined,reg,k_GCATAATTCA,6.440151977539062
CLI,combined,reg,k_CCTAGAGTAG,6.414633941650391
CLI,combined,reg,k_AAAGGTCGGA,6.345962905883789
CLI,combined,reg,k_TCGTTATACA,6.3303816556930546
CLI,combined,reg,k_GCACTTATAA,6.28009033203125
CLI,combined,reg,k_GGTGGGCAGA,6.25635986328125
CLI,combined,reg,k_GCGTTGACGA,6.216267621517181
CLI,combined,reg,k_GCCTTGTGCA,6.2029579162597654
CLI,combined,reg,k_CGCCTGAGTA,6.191065979003906
CLI,combined,reg,k_AACAGTCGAG,6.150014749169349
CLI,combined,reg,k_GACGAGCAAC,6.0769706726074215
CLI,combined,reg,k_AAGTCGTACG,6.062496393918991
CLI,combined,reg,k_ATTGTACAAC,6.058772617578507
CLI,combined,reg,k_CACTCGTTGA,6.013115930557251
CLI,combined,reg,k_TAATTCCGGA,6.011749267578125
CLI,combined,reg,k_CCCAGTTGGA,5.98531494140625
CLI,combined,reg,k_GTGATTCTAA,5.9742128372192385
CLI,combined,reg,k_AAAAGTACCT,5.933765619993209
CLI,combined,reg,k_ATCCGTGACG,5.915877914428711
CLI,combined,reg,k_AGTTCCGAGC,5.882294327020645
CLI,combined,reg,k_ACGTGCTTGC,5.8594738960266115
CLI,combined,reg,k_ATTAGACAGG,5.852236557006837
CLI,combined,reg,k_GCTCCCGCAC,5.844341069459915
CLI,combined,reg,k_CCTCGGAATA,5.709528791904449
CLI,combined,reg,t_serotype_19F,5.700855479389429
CLI,combined,reg,k_CTGGTATACC,5.689595127105713
CLI,combined,reg,k_ACGTACAATA,5.637077331542969
CLI,combined,reg,k_AGCACCATTA,5.620199599862098
CLI,combined,reg,k_AACGCTCTCT,5.6145263671875
CLI,combined,reg,k_AACTGACGAC,5.582394957542419
CLI,combined,reg,k_GTGCATACGA,5.572220325469971
CLI,combined,reg,k_AGATCTAACG,5.55021031498909
CLI,combined,reg,k_GTCGTAGCAA,5.549019730091095
CLI,combined,reg,k_AACGGGTATA,5.523898333776742
CLI,combined,reg,k_AAAATGTCGC,5.480649036169052
CLI,combined,reg,k_ACTCTAGCGG,5.475231635570526
CLI,combined,reg,k_AAGATACACA,5.460646498203277
CLI,combined,reg,k_CCGAAACAAG,5.395546352863311
LVX,kmer,reg,k_CTGACACGAC,3.4668248891830444
LVX,kmer,reg,k_TAAGGGCCAA,2.940063285827637
LVX,kmer,reg,k_ACCTGGTTAA,2.6563118934631347
LVX,kmer,reg,k_ACACTAAGCC,2.6517409682273865
LVX,kmer,reg,k_CCACGCTCTC,2.5455917358398437
LVX,kmer,reg,k_ATTGGGGCTA,2.189507007598877
LVX,kmer,reg,k_ACCCACCTAA,2.1694313049316407
LVX,kmer,reg,k_AGTCAAGACG,2.003228187561035
LVX,kmer,reg,k_ACATCCGCTG,1.8377408504486084
LVX,kmer,reg,k_CCTAGGCAAA,1.6271549224853517
LVX,kmer,reg,k_ACTTTGGACG,1.620829963684082
LVX,kmer,reg,k_GCAATTAGAC,1.5620965957641602
LVX,kmer,reg,k_ATATACTTCG,1.5539587020874024
LVX,kmer,reg,k_GTATATAGAC,1.5359837532043459
LVX,kmer,reg,k_ACTTAAGGAG,1.5214630126953126
LVX,kmer,reg,k_AACTAAAGCG,1.4924079649150372
LVX,kmer,reg,k_TGTAGTGACA,1.3458008766174316
LVX,kmer,reg,k_ACCAAGGATC,1.3251547813415527
LVX,kmer,reg,k_CAGCGGATGC,1.3104294180870055
LVX,kmer,reg,k_GATTCACTCC,1.3028048038482665
LVX,kmer,reg,k_GTTCATACTA,1.2954684466123583
LVX,kmer,reg,k_CCTGTCCGTC,1.2934374809265137
LVX,kmer,reg,k_TAACGTCATA,1.2028836846351623
LVX,kmer,reg,k_CTTTAATGTA,1.1756452970206737
LVX,kmer,reg,k_CCGCTACAGC,1.1037751913070677
LVX,kmer,reg,k_ATGAGGGTGG,1.0987873077392578
LVX,kmer,reg,k_ATACAATACA,1.0945354461669923
LVX,kmer,reg,k_GCCTATGGCC,1.0674115419387817
LVX,kmer,reg,k_AATTTGTACT,1.060049819946289
LVX,kmer,reg,k_CCACCCAACG,1.0259058848023415
LVX,kmer,reg,k_AGAGAGACCT,0.9592657089233398
LVX,kmer,reg,k_CGGCACTTTC,0.9532952904701233
LVX,kmer,reg,k_GATGTACACA,0.9150870084762572
LVX,kmer,reg,k_ACCGCAGCCG,0.9113219872117042
LVX,kmer,reg,k_ACAATTAGCG,0.9001475378870964
LVX,kmer,reg,k_AGTGTGGTAT,0.8939817920327187
LVX,kmer,reg,k_GAAAGTGTAC,0.876375389099121
LVX,kmer,reg,k_CACTGCGACC,0.8725622177124024
LVX,kmer,reg,k_AGAAACCGCC,0.858236002922058
LVX,kmer,reg,k_AATGAGTACT,0.8151191711425781
LVX,kmer,reg,k_GATAGGTTAA,0.810330629348755
LVX,kmer,reg,k_ACGATTTAAC,0.7556505680084229
LVX,kmer,reg,k_AATGTACTGT,0.7528741359710693
LVX,kmer,reg,k_GATCCAGCAC,0.7521490573883056
LVX,kmer,reg,k_ACCTAATAGA,0.7407925546169282
LVX,kmer,reg,k_AAGAATCGAG,0.7194703102111817
LVX,kmer,reg,k_GAGGTGGCAA,0.7067807197570801
LVX,kmer,reg,k_AAGATCGCAG,0.6861533164978028
LVX,kmer,reg,k_AGACCCTAAA,0.6832027673721313
LVX,kmer,reg,k_TAGATATGCA,0.6747186124324799
LVX,kmer,reg,k_CTCTCCAACC,0.6684138298034668
LVX,kmer,reg,k_AACGTCTGCC,0.6675435004755854
LVX,kmer,reg,k_ACTAATTGTC,0.65977783203125
LVX,kmer,reg,k_CTCCCTCTGC,0.6484095573425293
LVX,kmer,reg,k_GCTTAAGTAC,0.6375795722007751
LVX,kmer,reg,k_AGCTGAGGCG,0.6356634020805358
LVX,kmer,reg,k_ATGCTTCTAC,0.6328448712825775
LVX,kmer,reg,k_ACAGTTTAAC,0.6164666652679444
LVX,kmer,reg,k_CTGTCTGGCC,0.6131880283355713
LVX,kmer,reg,k_GGCAATGGAA,0.608848226070404
LVX,kmer,reg,k_CCAAGGAGAC,0.6061856746673584
LVX,kmer,reg,k_AAGCCGACGC,0.6024737186729908
LVX,kmer,reg,k_AGCCTTCGCC,0.6006444931030274
LVX,kmer,reg,k_AGCTGTAGCG,0.5960817158222199
LVX,kmer,reg,k_GAGGGAATAA,0.5956967353820801
LVX,kmer,reg,k_ACCGGAAAAG,0.5915233612060546
LVX,kmer,reg,k_CATTTAGGGA,0.5914125848561526
LVX,kmer,reg,k_GGACAATGCA,0.588681173324585
LVX,kmer,reg,k_CATAGGGACC,0.5678420066833496
LVX,kmer,reg,k_AGCTTAAAAC,0.5672209560871124
LVX,kmer,reg,k_ACGTATGTGG,0.5639616012573242
LVX,kmer,reg,k_ACTAGCTTAC,0.5622605741024017
LVX,kmer,reg,k_CAATTAGCGA,0.5620400317013263
LVX,kmer,reg,k_TAATTGTACA,0.5616327762603759
LVX,kmer,reg,k_CGATATGAGA,0.5611469268798828
LVX,kmer,reg,k_GGAATGTAGA,0.5609530806541443
LVX,kmer,reg,k_ACACTATGGG,0.5554683774709702
LVX,kmer,reg,k_ACGTGGTTTC,0.5511343955993653
LVX,kmer,reg,k_AGCGCCTCAG,0.5510305851697922
LVX,kmer,reg,k_TGAGCAGACA,0.5505643725395203
LVX,kmer,reg,k_AACGCACGAC,0.5501805858686567
LVX,kmer,reg,k_CGTAACCTAG,0.5497998118400573
LVX,kmer,reg,k_AAGCCGCTAA,0.5435822367668152
LVX,kmer,reg,k_GGAATTAACC,0.5403086423873902
LVX,kmer,reg,k_AATATCTCGC,0.539947509765625
LVX,kmer,reg,k_ACGGGTCTAC,0.5396287441253662
LVX,kmer,reg,k_AGACATTAAT,0.5360011696815491
LVX,kmer,reg,k_CATTAGTCAC,0.5212145805358886
LVX,kmer,reg,k_CAGGTCGCTA,0.5211260318756104
LVX,kmer,reg,k_CTACGCTAGA,0.5205406308174133
LVX,kmer,reg,k_ATAGTGATTC,0.5179472014307975
LVX,kmer,reg,k_AGTGTAGCCC,0.5178348898887634
LVX,kmer,reg,k_CCTACACCGC,0.5165339469909668
LVX,kmer,reg,k_AATGTCCAGA,0.5163478285074234
LVX,kmer,reg,k_AAGGGCCCCA,0.5136166095733643
LVX,kmer,reg,k_AAACACCGAA,0.4969253461807966
LVX,kmer,reg,k_CTTCACCTTA,0.4937021732330322
LVX,kmer,reg,k_ATAAGACGCA,0.49155054092407224
LVX,kmer,reg,k_AAGTACTAGT,0.48988139629364014
LVX,kmer,reg,k_GTGTCACTGA,0.48676828742027284
LVX,kmer,reg,k_AGCGCCTCGG,0.4735111743211746
LVX,kmer,reg,k_GTATCACTGA,0.47350072860717773
LVX,kmer,reg,k_AGTAGACGAT,0.4724677801132202
LVX,kmer,reg,k_ACCTAATGCG,0.4712245464324951
LVX,kmer,reg,k_AACCCTGGCA,0.4688373565673828
LVX,kmer,reg,k_ATCACAATAG,0.4671845272183418
LVX,kmer,reg,k_GAGCGTTATC,0.463851535320282
LVX,kmer,reg,k_ACAGAACCCG,0.4597296714782715
LVX,kmer,reg,k_AGGCACTCAA,0.45076398849487304
LVX,kmer,reg,k_TAGGGGTGAA,0.4506690979003906
LVX,kmer,reg,k_TGAGCTACCA,0.45027618408203124
LVX,kmer,reg,k_AATGCATACA,0.44508023262023927
LVX,kmer,reg,k_AGCAGGTTAA,0.44483013153076173
LVX,kmer,reg,k_GAATTAAGCC,0.4447330951690674
LVX,kmer,reg,k_AGTACTAGTG,0.4427750639617443
LVX,kmer,reg,k_CTTAACTAGA,0.4421627044677734
LVX,kmer,reg,k_AGTCATGTAT,0.4411494255065918
LVX,kmer,reg,k_AGGACGATAA,0.44110709279775623
LVX,kmer,reg,k_AGCCGACGCA,0.43973928689956665
LVX,kmer,reg,k_CAACACAGGG,0.43755583763122563
LVX,kmer,reg,k_AGACATGGCT,0.4370610237121582
LVX,kmer,reg,k_AACCGTGACA,0.43319091796875
LVX,kmer,reg,k_GTCGGCTTCA,0.4325656473636627
LVX,kmer,reg,k_CCTAACTCCG,0.4289577484130859
LVX,kmer,reg,k_CGTACTTTAA,0.42873425483703614
LVX,kmer,reg,k_AATGCTTAGT,0.42781667709350585
LVX,kmer,reg,k_ACAGAAACGC,0.4276163101196289
LVX,kmer,reg,k_ACCTAATCGA,0.42560317516326907
LVX,kmer,reg,k_GAAGATACAC,0.422590970993042
LVX,kmer,reg,k_GCGCAAGTAC,0.4203296661376953
LVX,kmer,reg,k_ACACACAGCT,0.41932083293795586
LVX,kmer,reg,k_AGGCCGTCTG,0.4192977428436279
LVX,kmer,reg,k_ACAGTTCAGA,0.4190385818481445
LVX,kmer,reg,k_CTTTGTGTAC,0.41839208602905276
LVX,kmer,reg,k_TATACATTCA,0.41788253784179685
LVX,kmer,reg,k_CAATCCCCTA,0.41741774082183836
LVX,kmer,reg,k_AACTCTAACT,0.41732057332992556
LVX,kmer,reg,k_CTTGTTCCTA,0.41525745391845703
LVX,kmer,reg,k_ACAGGTCCGA,0.4142757784575224
LVX,kmer,reg,k_CGGAGGTAAC,0.41295275129377845
LVX,kmer,reg,k_ACTTGCTGAG,0.4105668919160962
LVX,kmer,reg,k_ACAGCGAAAT,0.4104964315891266
LVX,kmer,reg,k_GTTGAGCGCA,0.409695640206337
LVX,kmer,reg,k_GGTCAACACA,0.40798158645629884
LVX,kmer,reg,k_GTCAACACAC,0.4053779602050781
LVX,kmer,reg,k_CGTCGGCTTC,0.4041700474917888
LVX,kmer,reg,k_ACCTGTAAGC,0.4039877414703369
LVX,kmer,reg,k_AACACAAAGC,0.40267342776060105
LVX,kmer,reg,k_AACAAGCACC,0.40102377831935887
LVX,kmer,reg,k_AGGGTTTAGA,0.4002510070800781
LVX,kmer,reg,k_TATGGCGACA,0.39045498371124265
LVX,kmer,reg,k_CGAGGTGAAC,0.3898871451616287
LVX,kmer,reg,k_ACGAAATAGA,0.3890982657670975
LVX,kmer,reg,k_CCCCTATGGA,0.3868337765336037
LVX,kmer,reg,k_ACCTGTCTCC,0.38110200166702274
LVX,kmer,reg,k_CGATAATACA,0.38096863180398943
LVX,kmer,reg,k_CCACTATGCG,0.3806942939758301
LVX,kmer,reg,k_AAATACTCGC,0.37965736389160154
LVX,kmer,reg,k_GGGTCATGAA,0.3793658256530762
LVX,kmer,reg,k_CACGTTTTCA,0.37904458567500116
LVX,kmer,reg,k_AAGCCGAGGG,0.3780130624771118
LVX,kmer,reg,k_CCCTAATGTC,0.37782689929008484
LVX,kmer,reg,k_CTGGACATTA,0.3769697904586792
LVX,kmer,reg,k_CAGGCGCTAA,0.37570557594299314
LVX,kmer,reg,k_ATATCCATCG,0.3755292247980833
LVX,kmer,reg,k_ATGTTTAGCC,0.3753711611032486
LVX,kmer,reg,k_AACCTATCGT,0.37349371910095214
LVX,kmer,reg,k_AACGTAAGCT,0.3724828362464905
LVX,kmer,reg,k_CATATTTAAG,0.3677115499973297
LVX,kmer,reg,k_ACCTGATTCG,0.36762199718505145
LVX,kmer,reg,k_CCAAATTCAG,0.3655290842056274
LVX,kmer,reg,k_GTGTGCAAGA,0.36466115713119507
LVX,kmer,reg,k_GCCGGAAAAA,0.3617703184485435
LVX,kmer,reg,k_CGGTTTGGCC,0.36035497188568116
LVX,kmer,reg,k_CTGTCGCTGA,0.3596821308135986
LVX,kmer,reg,k_GAAGTAAGGC,0.3593825578689575
LVX,kmer,reg,k_CCCCACTTCC,0.358020156621933
LVX,kmer,reg,k_CGCTATCTTA,0.3577574651688337
LVX,kmer,reg,k_GTGATATATA,0.35694189071655275
LVX,kmer,reg,k_ACCCTGGCAT,0.35630016326904296
LVX,kmer,reg,k_CACTTGCGTA,0.35550713539123535
LVX,kmer,reg,k_GGTCTAAGTA,0.3550668239593506
LVX,kmer,reg,k_ATAGGGGTAG,0.35504846572875975
LVX,kmer,reg,k_AAGCCCATCG,0.35280259847640993
LVX,kmer,reg,k_AAAGTGGCTC,0.351846370100975
LVX,kmer,reg,k_ACAAGTGCAT,0.35043652057647706
LVX,kmer,reg,k_AGCCGCTAAC,0.3485169172286987
LVX,kmer,reg,k_AAACCGGATG,0.3482647806406021
LVX,kmer,reg,k_CACTCTCTGA,0.3478860378265381
LVX,kmer,reg,k_CTGCGGTTTA,0.34602744281291964
LVX,kmer,reg,k_ACAAATTGCG,0.3456357024610042
LVX,kmer,reg,k_ACATACAACA,0.3443364143371582
LVX,kmer,reg,k_ATAAATGCAA,0.3427421525120735
LVX,kmer,reg,k_ATGCGCTCAA,0.3409198850393295
LVX,kmer,reg,k_AGCAGCCCGA,0.3408427000045776
LVX,kmer,reg,k_GAGGACATAA,0.34073028564453123
LVX,kmer,reg,k_ATCTTGCGCA,0.3390612497925758
LVX,kmer,reg,k_CCCAATACTC,0.3384512424468994
LVX,kmer,reg,k_GTCGAGTTGA,0.3378215074539185
LVX,kmer,reg,k_GTAACTTACA,0.33777769580483435
LVX,combined,reg,k_TAAGGGCCAA,4.039389944076538
LVX,combined,reg,k_CCTAGGCAAA,3.1360582351684574
LVX,combined,reg,k_ACCTGGTTAA,3.0112299442291257
LVX,combined,reg,k_CTGACACGAC,2.2594650369137526
LVX,combined,reg,k_ATATACTTCG,2.241006851196289
LVX,combined,reg,k_AATGCGACCT,2.227602958679199
LVX,combined,reg,k_GTATATAGAC,1.7899086475372314
LVX,combined,reg,k_ATTGGGGCTA,1.7691071510314942
LVX,combined,reg,k_ACTTTGGACG,1.7671581745147706
LVX,combined,reg,k_ACTAATTGTC,1.538485324382782
LVX,combined,reg,k_TAACGTCATA,1.4574620485305785
LVX,combined,reg,k_ACCCACCTAA,1.4559449195861816
LVX,combined,reg,k_CTTTAATGTA,1.3991114616394045
LVX,combined,reg,k_AGAGCCGTAT,1.270737075805664
LVX,combined,reg,k_ACCAAGGATC,1.2130790948867798
LVX,combined,reg,k_CACTGCGACC,1.1672527313232421
LVX,combined,reg,k_CATCCGCCCA,1.1609241485595703
LVX,combined,reg,k_ATACAATACA,1.0885871410369874
LVX,combined,reg,k_CCAAGGAGAC,1.0875711917877198
LVX,combined,reg,k_ACACTAAGCC,1.0857728458940983
LVX,combined,reg,k_CACTTTAGAG,1.063756561279297
LVX,combined,reg,k_CGGCACTTTC,1.0436873376369475
LVX,combined,reg,k_AAGGAGGTGG,1.0288563638925552
LVX,combined,reg,k_AGTCAAGACG,1.009216022491455
LVX,combined,reg,k_AGAGAGACCT,1.002177619934082
LVX,combined,reg,k_ACAGTCCGAA,1.0008686780929565
LVX,combined,reg,k_TGAGCAGACA,0.9652222156524659
LVX,combined,reg,k_CAGCGGATGC,0.9480516314506531
LVX,combined,reg,k_CTGTCTGGCC,0.9396859169006347
LVX,combined,reg,k_GCCTATGGCC,0.934235429763794
LVX,combined,reg,k_CCACCCAACG,0.9338621996343136
LVX,combined,reg,k_ACCTGTTTAG,0.9285099387168885
LVX,combined,reg,k_AATGCTTAGT,0.9219841957092285
LVX,combined,reg,k_ACAGTTTAAC,0.9166677474975586
LVX,combined,reg,k_CCGCTACAGC,0.913987010717392
LVX,combined,reg,k_AACGAGTGCG,0.909842011332512
LVX,combined,reg,k_AGTGCCATAC,0.9003513336181641
LVX,combined,reg,k_GATTCACTCC,0.8889909625053405
LVX,combined,reg,k_AGACATTAAT,0.8838162899017333
LVX,combined,reg,k_GTTCATACTA,0.8822049599140882
LVX,combined,reg,k_GGAATGTAGA,0.8542757354676724
LVX,combined,reg,k_CATATCTAGA,0.8408775210380554
LVX,combined,reg,k_AAGATCGCAG,0.8351306676864625
LVX,combined,reg,k_ACAATCTCCC,0.794293150305748
LVX,combined,reg,k_AACTAAAGCG,0.7744438409805299
LVX,combined,reg,k_AACAGTAGAC,0.7647411227226257
LVX,combined,reg,k_CGATATGAGA,0.7354796886444092
LVX,combined,reg,k_AGCACCAGTG,0.7136449813842773
LVX,combined,reg,k_AGAAACCGCC,0.6965713739395141
LVX,combined,reg,k_GGACAATGCA,0.6932224377989769
LVX,combined,reg,k_TGTAGTGACA,0.6891897439956665
LVX,combined,reg,k_ACGATTTAAC,0.6801191568374634
LVX,combined,reg,k_GTCGGCTTCA,0.6630823254585266
LVX,combined,reg,k_AGTGTGGTAT,0.6581687927246094
LVX,combined,reg,k_CCACTCTGTA,0.6577139854431152
LVX,combined,reg,k_ATCGGCTGAC,0.6573545932769775
LVX,combined,reg,k_ACCTGTAAGC,0.6569998502731323
LVX,combined,reg,k_ACATCCGCTG,0.65516357421875
LVX,combined,reg,k_GGCAGGAGTA,0.6529429435729981
LVX,combined,reg,k_CTCCCTCTGC,0.6484095573425293
LVX,combined,reg,k_CTACGCTAGA,0.6397178173065186
LVX,combined,reg,k_GCACTAGTAC,0.6320123240351677
LVX,combined,reg,k_CAGCATGCTC,0.6310992240905762
LVX,combined,reg,k_ATCTAGTTCC,0.6191077709197998
LVX,combined,reg,k_AGCGCGCTAA,0.6132084369659424
LVX,combined,reg,k_ACCTAATAGA,0.5993331015110016
LVX,combined,reg,k_GACCCGTTAA,0.5907786369323731
LVX,combined,reg,k_AGGCCGTCTG,0.5832027636468411
LVX,combined,reg,k_ACTAGCTTAC,0.5814979679882526
LVX,combined,reg,k_GAAAGCCACA,0.5792605020105839
LVX,combined,reg,k_GAATACAGCA,0.5765949672088027
LVX,combined,reg,k_AACGAGTGCC,0.5703863237053156
LVX,combined,reg,k_CCACTATGCG,0.5684205234050751
LVX,combined,reg,k_CTTGCAATGC,0.56704683303833
LVX,combined,reg,k_AGACCCTAAA,0.5646446943283081
LVX,combined,reg,k_AATCGCCCTA,0.5600088030099869
LVX,combined,reg,k_AGGCTGACCC,0.5564494132995605
LVX,combined,reg,k_GATGTACACA,0.5440138339996338
LVX,combined,reg,k_ACCTGTCTCC,0.5439317196607589
LVX,combined,reg,k_CCCTAATGTC,0.5374266266822815
LVX,combined,reg,k_ACAGCAGTCC,0.5349885106086731
LVX,combined,reg,k_CCAAAAACGG,0.5347524404525758
LVX,combined,reg,k_GAGGTAACTA,0.5338250994682312
LVX,combined,reg,k_AATCCGCTTA,0.5320040225982666
LVX,combined,reg,k_CGACTATCGC,0.5297215461730957
LVX,combined,reg,k_AGTACTAGTG,0.5241645812988281
LVX,combined,reg,k_CCCCACTTCC,0.5219914235174656
LVX,combined,reg,k_AGCCTCAGCA,0.5212745548225939
LVX,combined,reg,k_ATAATGCACA,0.5202012062072754
LVX,combined,reg,k_CATTAGTCAC,0.5179237842559814
LVX,combined,reg,k_TAGATTCAGA,0.5104670763015747
LVX,combined,reg,k_AATTTGTACT,0.5098178505897522
LVX,combined,reg,k_AAGCTGACGC,0.5088022232055665
LVX,combined,reg,k_ACATATCCCT,0.5067256927490235
LVX,combined,reg,k_ACACAGGAAT,0.5054448246955872
LVX,combined,reg,k_TGTAAGGACA,0.5008684635162354
LVX,combined,reg,k_GGGTTATAGA,0.49988788962364195
LVX,combined,reg,k_GAAGATACAC,0.4982609272003174
LVX,combined,reg,k_ACCCATTGAC,0.4981083869934082
LVX,combined,reg,k_ATCCCTCGGC,0.49772708415985106
LVX,combined,reg,k_AGTAGACGAT,0.493835985660553
LVX,combined,reg,k_AATGTCCAGA,0.49018848538398746
LVX,combined,reg,k_ACTCCTAACC,0.48984369933605193
LVX,combined,reg,k_CATAGGGACC,0.4895032405853271
LVX,combined,reg,k_CGCAAGGAGC,0.48843040466308596
LVX,combined,reg,k_ATTATGGACC,0.485406431555748
LVX,combined,reg,k_CAGACCCTTC,0.4852105140686035
LVX,combined,reg,k_AGTAAGCTCG,0.4844052791595459
LVX,combined,reg,k_GCCGCTAACA,0.4781559854745865
LVX,combined,reg,k_CGTCGGCTTC,0.47801580727100373
LVX,combined,reg,k_AAGCCGACGC,0.4741850465536117
LVX,combined,reg,k_GAGCGTTATC,0.4739505767822266
LVX,combined,reg,k_GTATCACTGA,0.4732059001922607
LVX,combined,reg,k_GCTCTGATTA,0.4721949577331543
LVX,combined,reg,k_ACGCTAGTTG,0.47130594253540037
LVX,combined,reg,k_AGCCGTACCG,0.4686617374420166
LVX,combined,reg,k_GCTGTAAACC,0.46726408004760744
LVX,combined,reg,k_AGTGTAGCCC,0.4631401658058167
LVX,combined,reg,k_CACTCGAAAA,0.4583534866571426
LVX,combined,reg,k_CTTACATACA,0.45459737777709963
LVX,combined,reg,k_CGTCTATTAG,0.45444412231445314
LVX,combined,reg,k_ACATAGACAC,0.451040643453598
LVX,combined,reg,k_GGGGTCCCGA,0.4508511066436768
LVX,combined,reg,k_ACGCCATTTC,0.45070520639419553
LVX,combined,reg,k_GGTGCATTGA,0.45069095194339753
LVX,combined,reg,k_AACCTTACGA,0.4473166897892952
LVX,combined,reg,k_ATGCAAATTA,0.4460288524627686
LVX,combined,reg,k_AATTCAATAG,0.4424631059169769
LVX,combined,reg,k_AGGATAGCCG,0.44203869476914404
LVX,combined,reg,k_AAAGTCGACC,0.4414487838745117
LVX,combined,reg,k_ACATTAGGGT,0.4361985921859741
LVX,combined,reg,k_ACAAGACCCT,0.4319877624511719
LVX,combined,reg,k_ATAGGGGTAG,0.4319449901580811
LVX,combined,reg,k_CACTTGCGTA,0.4292637348175049
LVX,combined,reg,k_GGGTAATTAC,0.42577228546142576
LVX,combined,reg,k_ACTCTAGTAG,0.4251254081726074
LVX,combined,reg,k_CTCTCCAACC,0.4246701955795288
LVX,combined,reg,k_AAGCACTGGT,0.4220426768064499
LVX,combined,reg,k_GTCGTCAGAC,0.4206338971853256
LVX,combined,reg,k_CAATGGGGGG,0.42022259831428527
LVX,combined,reg,k_GATACCTCCA,0.4148872852325439
LVX,combined,reg,k_AGGCACTCAA,0.4131065845489502
LVX,combined,reg,k_CTCGACTAAA,0.4113136291503906
LVX,combined,reg,k_CGATAATACA,0.41028804779052735
LVX,combined,reg,k_AATGCCCGAA,0.40824155807495116
LVX,combined,reg,k_AAGTCGCCAA,0.40712538063526155
LVX,combined,reg,k_ATTTCTGCGA,0.4040164351463318
LVX,combined,reg,k_AGCTTAAAAC,0.40316421575844286
LVX,combined,reg,k_CTATCGCCTC,0.4002510070800781
LVX,combined,reg,k_CCGACTTAAC,0.3967088580131531
LVX,combined,reg,k_CAGCTTGTTA,0.39630870819091796
LVX,combined,reg,k_TAATCCGCCA,0.3958165645599365
LVX,combined,reg,k_GCACAAGTGC,0.3956475257873535
LVX,combined,reg,k_TAAGTCCGGA,0.3939690738916397
LVX,combined,reg,k_ATCCAGTGCA,0.39375877380371094
LVX,combined,reg,k_CATTTAGGGA,0.39019027352333063
LVX,combined,reg,k_CCCTCGAATC,0.3897207736968994
LVX,combined,reg,k_GTAGGTATAC,0.3896887868642807
LVX,combined,reg,k_GGGTCATGAA,0.38962640762329104
LVX,combined,reg,k_CCGGAAAAAC,0.38736314624547963
LVX,combined,reg,k_GCAATTAGAC,0.38705034255981446
LVX,combined,reg,k_GAATCCCCCA,0.38697614669799807
LVX,combined,reg,k_AATGGTGCTA,0.38512969613075254
LVX,combined,reg,k_CTTACAAAAC,0.3843635417521
LVX,combined,reg,k_GGAATTAACC,0.38209851980209353
LVX,combined,reg,k_GGCAATGGAA,0.37981636822223663
LVX,combined,reg,k_GCAAGTACTA,0.3798093795776367
LVX,combined,reg,k_CCCCTATGGA,0.3792551040649414
LVX,combined,reg,k_AATTTGCGTC,0.3759897708892822
LVX,combined,reg,k_GATAACGTAC,0.3744943857192993
LVX,combined,reg,k_GTCTTCCGAA,0.3732758924365044
LVX,combined,reg,k_CACAAACGGC,0.37146730422973634
LVX,combined,reg,k_ATTATTCACC,0.3709819477051497
LVX,combined,reg,k_CGTCAGCTTA,0.3693903207778931
LVX,combined,reg,k_CACGAAACCC,0.36937999725341797
LVX,combined,reg,k_CTTCACCTTA,0.36832466125488283
LVX,combined,reg,k_AGACCACACA,0.3677693843841553
LVX,combined,reg,k_CATGTCTTAG,0.36756529808044436
LVX,combined,reg,k_AACTCTAACT,0.36707750856876376
LVX,combined,reg,k_GTCAACACAC,0.36593625545501707
LVX,combined,reg,k_AGGTCGAGGA,0.36424910128116605
LVX,combined,reg,k_TAATTGTACA,0.3631275177001953
LVX,combined,reg,t_serotype_NVT,0.36297973394393923
LVX,combined,reg,k_CATCGCTTAG,0.36219120025634766
LVX,combined,reg,k_ATGTATGATA,0.3620037794113159
LVX,combined,reg,k_GCATATCTCA,0.36182109564542775
LVX,combined,reg,k_AACCCGCTGG,0.3617283619940281
LVX,combined,reg,k_CTCATTACTA,0.35953035354614254
LVX,combined,reg,k_TATGGGGGGA,0.35338104143738747
LVX,combined,reg,k_ACTTATGCCG,0.3532111167907715
LVX,combined,reg,k_ATCCAGACGC,0.352692449092865
LVX,combined,reg,k_AGTCAGTGAA,0.351868200302124
LVX,combined,reg,k_AAGCCGAGGC,0.3493188381195068
LVX,combined,reg,k_ACCCAACCAG,0.3491970241069794
LVX,combined,reg,k_GGAGTGGCCA,0.3480383694171906
LVX,combined,reg,k_CAACGGTATG,0.3461523976176977
LVX,combined,reg,k_GGGAGATCTA,0.34610691070556643
LVX,combined,reg,k_ACAGAACCCG,0.34608969688415525
LVX,combined,reg,k_GCTTAAGTAC,0.3457826435565949
LVX,combined,reg,k_CGGTCTCCCA,0.3427104473114014
MFX,kmer,reg,k_GCAATTAGAC,7.624578285217286
MFX,kmer,reg,k_GGTACCCTTA,5.594195079803466
MFX,kmer,reg,k_AGATACCACA,5.187971830368042
MFX,kmer,reg,k_ACATAGACAC,4.994168090820312
MFX,kmer,reg,k_ATAGCGTCAC,4.653739643096924
MFX,kmer,reg,k_AGTCAAGACG,4.068238115310669
MFX,kmer,reg,k_CAGCAGTCCC,4.0137275695800785
MFX,kmer,reg,k_CCACGCTCTC,3.8007909297943114
MFX,kmer,reg,k_ACCTGGTTAA,3.722155952453613
MFX,kmer,reg,k_ATTGGGGCTA,3.6394040107727053
MFX,kmer,reg,k_ACGGGTCTAC,3.4714683532714843
MFX,kmer,reg,k_AGCGTACAAG,3.3665528297424316
MFX,kmer,reg,k_GCTCCCTAAC,3.192345714569092
MFX,kmer,reg,k_TACCTACTGA,2.991306686401367
MFX,kmer,reg,k_ATACTCTCGA,2.2917774438858034
MFX,kmer,reg,k_CTTAAAGCAC,2.1428284645080566
MFX,kmer,reg,k_CCTTACATCC,2.082114601135254
MFX,kmer,reg,k_ATCGTCCGAC,1.9637771606445313
MFX,kmer,reg,k_GACAAGCGCA,1.929907989501953
MFX,kmer,reg,k_CGTCCTTTGC,1.9131893157958983
MFX,kmer,reg,k_TAGAGAAACA,1.875615692138672
MFX,kmer,reg,k_GACGGGTCTA,1.870508289337158
MFX,kmer,reg,k_CCGCTTAGAA,1.8618009567260743
MFX,kmer,reg,k_CAGTGCTTCA,1.8286029219627382
MFX,kmer,reg,k_GAGAACGGAC,1.7961469173431397
MFX,kmer,reg,k_CGCATGTACA,1.734037709236145
MFX,kmer,reg,k_TATTCCGTAA,1.7332617938518524
MFX,kmer,reg,k_ATCGCTTTCG,1.7264017105102538
MFX,kmer,reg,k_AACTAAAGCG,1.7183319091796876
MFX,kmer,reg,k_CACTCAGGCA,1.7097345352172852
MFX,kmer,reg,k_CCTGCTGGCC,1.694305419921875
MFX,kmer,reg,k_AGTGTGGTAT,1.6175995349884034
MFX,kmer,reg,k_ATTTGTACTG,1.6159067153930664
MFX,kmer,reg,k_GCCTATGGCC,1.5988581657409666
MFX,kmer,reg,k_CTGTCACCGC,1.5970653533935546
MFX,kmer,reg,k_CACCTTAATA,1.5873202323913576
MFX,kmer,reg,k_GAGCTTAGGC,1.5415367126464843
MFX,kmer,reg,k_GTCAGGGATA,1.537059211730957
MFX,kmer,reg,k_AATCACCAGG,1.5370016813278198
MFX,kmer,reg,k_ATTTAGGCTC,1.5369664669036864
MFX,kmer,reg,k_GCCAAGCCGC,1.5262342929840087
MFX,kmer,reg,k_ACATCACTAT,1.4926996365189553
MFX,kmer,reg,k_ACGTATTTAC,1.4747742652893066
MFX,kmer,reg,k_GCTGGCAACA,1.4553967148065567
MFX,kmer,reg,k_CATGTACACC,1.4534438848495486
MFX,kmer,reg,k_CCTAGGTGCA,1.4447953224182128
MFX,kmer,reg,k_TCGAATTACA,1.4048280000686644
MFX,kmer,reg,k_CCTCGCATTA,1.3885393381118774
MFX,kmer,reg,k_ACTTGTGGAT,1.3668807983398437
MFX,kmer,reg,k_GAAAGCCACA,1.3630683898925782
MFX,kmer,reg,k_GAATGGGCTA,1.359823989868164
MFX,kmer,reg,k_ACGATGCTCC,1.3482837677001953
MFX,kmer,reg,k_CATTAGAATC,1.3422536373138427
MFX,kmer,reg,k_CCATGTTTAG,1.3406837463378907
MFX,kmer,reg,k_AACAACACAT,1.331038475036621
MFX,kmer,reg,k_CAGCGGATGC,1.3301679611206054
MFX,kmer,reg,k_CGATTTAGTA,1.3288548469543457
MFX,kmer,reg,k_CTAGAGCTGA,1.3103122651576997
MFX,kmer,reg,k_CGATAGCTAC,1.2979313850402832
MFX,kmer,reg,k_GGTCAGCGGA,1.2779253482818604
MFX,kmer,reg,k_TATACGATAA,1.277616596221924
MFX,kmer,reg,k_ACTTGGCGAG,1.248905563354492
MFX,kmer,reg,k_CCTAGGCAAA,1.2464788436889649
MFX,kmer,reg,k_TAACGTTATA,1.2434747695922852
MFX,kmer,reg,k_CCAGTGCATC,1.2375196874141694
MFX,kmer,reg,k_ACAGTCCGAA,1.2316850185394288
MFX,kmer,reg,k_CTGACACGAC,1.2223815947771073
MFX,kmer,reg,k_ATGTTTAGCC,1.221204698085785
MFX,kmer,reg,k_GGGACTAAGA,1.2180523484945298
MFX,kmer,reg,k_GAAATGCACC,1.2176231384277343
MFX,kmer,reg,k_CATGAGTCGG,1.1925998687744142
MFX,kmer,reg,k_AGTCTATAAG,1.1890003681182861
MFX,kmer,reg,k_ACCCCAATTG,1.1637721478939056
MFX,kmer,reg,k_ATGTGTTCTA,1.1632372438907623
MFX,kmer,reg,k_CCTTAAGTAG,1.1555543899536134
MFX,kmer,reg,k_ATGCACATGG,1.153250503540039
MFX,kmer,reg,k_ATAGTTCCGG,1.1514080047607422
MFX,kmer,reg,k_ACCGCTATTC,1.1469486474990844
MFX,kmer,reg,k_GTCTTCTGAA,1.1455915689468383
MFX,kmer,reg,k_GTAACACCAC,1.14254931807518
MFX,kmer,reg,k_CGTAGCAACC,1.1413237690925597
MFX,kmer,reg,k_CGGATCTAAA,1.140709400177002
MFX,kmer,reg,k_AGTGCTTCAG,1.1313807681202888
MFX,kmer,reg,k_GACAATGTTA,1.1230496406555175
MFX,kmer,reg,k_AGTAATTCCC,1.1173721313476563
MFX,kmer,reg,k_TAGATCGGGA,1.1124292373657227
MFX,kmer,reg,k_ACCTTTCGAT,1.1087666869163513
MFX,kmer,reg,k_GAGTGCTTCA,1.095014262199402
MFX,kmer,reg,k_GCATGGCTCA,1.0944551467895507
MFX,kmer,reg,k_GCACTTCCCA,1.0924869537353517
MFX,kmer,reg,k_CCGAACTAAA,1.0833969116210938
MFX,kmer,reg,k_CGTTGTTTAA,1.078992462158203
MFX,kmer,reg,k_AATAGTAGTG,1.0740158177912236
MFX,kmer,reg,k_CGCAATGGAG,1.0632572174072266
MFX,kmer,reg,k_AAGCCCACAA,1.0622898101806642
MFX,kmer,reg,k_CTGCTATACC,1.0613969802856444
MFX,kmer,reg,k_TAATTGGGTA,1.0368038177490235
MFX,kmer,reg,k_CGAAATACGA,1.0349247932434082
MFX,kmer,reg,k_GGTACTAGTA,1.0264793395996095
MFX,kmer,reg,k_AAGCGGATTC,1.0176522821187972
MFX,kmer,reg,k_GATAGCAGCC,1.0131902635097503
MFX,kmer,reg,k_ATGGGGCATC,1.0128737449645997
MFX,kmer,reg,k_ACCTAAGACC,1.0093608856201173
MFX,kmer,reg,k_ACCGTCGAAG,1.0006784439086913
MFX,kmer,reg,k_GGAATAGACC,0.9983071565628052
MFX,kmer,reg,k_CAGCTCGAAA,0.998029500246048
MFX,kmer,reg,k_TACGAACTGA,0.9909933090209961
MFX,kmer,reg,k_TTCCGGTAAA,0.9884515762329101
MFX,kmer,reg,k_CTAACCTCAG,0.9843013763427735
MFX,kmer,reg,k_CACAGTGATA,0.98007150888443
MFX,kmer,reg,k_AGGACTTCGG,0.9782815933227539
MFX,kmer,reg,k_ATCGTAATTA,0.9732767105102539
MFX,kmer,reg,k_CAATAATTAA,0.9616688936948776
MFX,kmer,reg,k_AACCATGAGC,0.9589250952005386
MFX,kmer,reg,k_CTCAAACATA,0.9586463063955307
MFX,kmer,reg,k_ACACAAGAGT,0.9527653992176055
MFX,kmer,reg,k_TATGTGGTAA,0.9500062942504883
MFX,kmer,reg,k_CCACTCTGTA,0.939293098449707
MFX,kmer,reg,k_CGCTCTGACA,0.9389889717102051
MFX,kmer,reg,k_CGTGTCCAAA,0.9372832536697387
MFX,kmer,reg,k_ACTATGCCGA,0.9366888046264649
MFX,kmer,reg,k_AATTGGGGGT,0.93561190366745
MFX,kmer,reg,k_ACGTAATCTA,0.9294594764709473
MFX,kmer,reg,k_AGCTAATGAT,0.9276670455932617
MFX,kmer,reg,k_ACCAGCGCCT,0.9220643043518066
MFX,kmer,reg,k_ACGTTAAATG,0.9164140701293946
MFX,kmer,reg,k_AACTGTCCTG,0.9088359832763672
MFX,kmer,reg,k_CGGGTCTACA,0.9051581859588622
MFX,kmer,reg,k_CTCCATGTAA,0.9024534612894058
MFX,kmer,reg,k_CCTCATAGCG,0.9002958297729492
MFX,kmer,reg,k_CAGTGGAAAG,0.8943576097488404
MFX,kmer,reg,k_CCAGTACAAG,0.8931896209716796
MFX,kmer,reg,k_AGGAGTGGCC,0.8888763189315796
MFX,kmer,reg,k_TAGGCGAAGA,0.8869781494140625
MFX,kmer,reg,k_ACACGCGCTG,0.886284351348877
MFX,kmer,reg,k_CACTGCGACC,0.8845502853393554
MFX,kmer,reg,k_AACCAGTGCT,0.8824610479176045
MFX,kmer,reg,k_CTTAGCTCAC,0.8791950225830079
MFX,kmer,reg,k_GAATCCGTTA,0.8791324615478515
MFX,kmer,reg,k_AGTCTGTACG,0.8790758132934571
MFX,kmer,reg,k_ACATATATCT,0.8778164863586426
MFX,kmer,reg,k_ATGCAGCTAC,0.8720467567443848
MFX,kmer,reg,k_TCAATGTGGA,0.8707502365112305
MFX,kmer,reg,k_ACTCGTTGAT,0.8675369143486023
MFX,kmer,reg,k_ATGGATACCC,0.8637289330363274
MFX,kmer,reg,k_GAGCTGTATA,0.8616584777832031
MFX,kmer,reg,k_CAACTTACTC,0.8564435869455337
MFX,kmer,reg,k_TACTTACATA,0.8555011749267578
MFX,kmer,reg,k_GCACTTAGCC,0.8546101331710816
MFX,kmer,reg,k_ACCCTACCGT,0.8539019584655761
MFX,kmer,reg,k_ATACGCTTTA,0.8488737106323242
MFX,kmer,reg,k_GGGTAAGTTA,0.8444998681545258
MFX,kmer,reg,k_TCGCTATTAA,0.8367701530456544
MFX,kmer,reg,k_CGAAGCTGTA,0.8357818603515625
MFX,kmer,reg,k_TCGCCCTAAA,0.8348656475543976
MFX,kmer,reg,k_ATCTAACCCA,0.8328074455261231
MFX,kmer,reg,k_GACACGCACA,0.8322936445474625
MFX,kmer,reg,k_CGTCCGCTAC,0.8320631980895996
MFX,kmer,reg,k_GACTCCGGAA,0.8271091461181641
MFX,kmer,reg,k_AACGACACAC,0.8264957070350647
MFX,kmer,reg,k_ATGGGAGCGA,0.8234295278787613
MFX,kmer,reg,k_CAGCAAGTAC,0.8218414187431335
MFX,kmer,reg,k_ACGACTTTAA,0.8208753585815429
MFX,kmer,reg,k_GCTAGCACAC,0.8206435203552246
MFX,kmer,reg,k_CGTATTGATC,0.8167261123657227
MFX,kmer,reg,k_CTCTTCACAC,0.8108615018427372
MFX,kmer,reg,k_CGCTCAAAGC,0.8013547658920288
MFX,kmer,reg,k_AGTGAATTTC,0.7987665653228759
MFX,kmer,reg,k_GATCTCGACC,0.7978090286254883
MFX,kmer,reg,k_GGGGGGTTAC,0.7977683782577514
MFX,kmer,reg,k_AGTACATTTG,0.7977346420288086
MFX,kmer,reg,k_AGTATTGTAC,0.7972198963165283
MFX,kmer,reg,k_CGCCATGACC,0.7971816062927246
MFX,kmer,reg,k_GTCCGGAACA,0.7952136993408203
MFX,kmer,reg,k_AATTCCCGGA,0.7905620336532593
MFX,kmer,reg,k_AAGCACTGGT,0.7881936669349671
MFX,kmer,reg,k_AACTTAACCG,0.7872823715209961
MFX,kmer,reg,k_CGCTTGTTGA,0.7860169470310212
MFX,kmer,reg,k_CCCTTAGTGA,0.7776111006736756
MFX,kmer,reg,k_AGAGTAGACC,0.7759162738919259
MFX,kmer,reg,k_AAGCATTTCG,0.7713112831115723
MFX,kmer,reg,k_CTGGACATAA,0.7669493675231933
MFX,kmer,reg,k_CGTAATACCA,0.7646423697471618
MFX,kmer,reg,k_AAACCAACGC,0.7619981974363328
MFX,kmer,reg,k_TGCGCTCAAA,0.7567544698715211
MFX,kmer,reg,k_CCAACCTCCC,0.7566465377807617
MFX,kmer,reg,k_AGCTAAGTCC,0.7561970472335815
MFX,kmer,reg,k_AATGCCGAAC,0.7561758041381836
MFX,kmer,reg,k_TTATCGGGAA,0.7524855732917786
MFX,kmer,reg,k_GTCGGCTTCA,0.7480780005455017
MFX,kmer,reg,k_GTTAGCGATA,0.7467718124389648
MFX,kmer,reg,k_ATAATCCATG,0.7422611236572265
MFX,kmer,reg,k_GATTTAATCC,0.7374130576848984
MFX,kmer,reg,k_AGGCAGCCTC,0.7347923755645752
MFX,kmer,reg,k_ATCTGAGTAG,0.7332728803157806
MFX,kmer,reg,k_AAGTACTAGT,0.7331428408622742
MFX,kmer,reg,k_ATCCGGCTAG,0.7329673528671266
MFX,kmer,reg,k_GTTGCAAACA,0.7327852487564087
MFX,kmer,reg,k_GGCTGAAGCC,0.7326802492141724
MFX,kmer,reg,k_AGGCTGAAGC,0.7292979180812835
MFX,combined,reg,k_ATACTCTCGA,4.8016691762954
MFX,combined,reg,k_AGATACCACA,4.7088010787963865
MFX,combined,reg,k_ACATAGACAC,4.147780513763428
MFX,combined,reg,k_ACCTGGTTAA,4.141385364532471
MFX,combined,reg,k_GGTACCCTTA,4.0211210489273075
MFX,combined,reg,k_GGAATAGACC,3.568903112411499
MFX,combined,reg,k_ATACCGATGC,3.468950939178467
MFX,combined,reg,k_TAGAGAAACA,3.270710754394531
MFX,combined,reg,k_AAGGGACTGC,2.86882271617651
MFX,combined,reg,k_ATTGGGGCTA,2.8524064064025874
MFX,combined,reg,k_AAAGACACGT,2.8273605346679687
MFX,combined,reg,k_CAGCAGTCCC,2.7655879974365236
MFX,combined,reg,k_AGCGTACAAG,2.7509381771087646
MFX,combined,reg,k_GCAATTAGAC,2.6298345565795898
MFX,combined,reg,k_ACATGCCTCA,2.61233334839344
MFX,combined,reg,k_GCTCGGTCCC,2.587211036682129
MFX,combined,reg,k_CCTAGGCAAA,2.585037040710449
MFX,combined,reg,k_ACGGGAAACC,2.4304259210824966
MFX,combined,reg,k_GCATCTCTAA,2.4129545211791994
MFX,combined,reg,k_ACGACTTTAA,2.2566030502319334
MFX,combined,reg,k_ATCGTCCGAC,2.2134492874145506
MFX,combined,reg,k_CGCTCTGACA,2.209184265136719
MFX,combined,reg,k_ATGCGAAGTA,2.18167724609375
MFX,combined,reg,k_ATAGCGTCAC,2.1137733459472656
MFX,combined,reg,k_CAGCTCGAAA,1.933223706483841
MFX,combined,reg,k_ATATATTTAC,1.9017784595489502
MFX,combined,reg,k_CAGTGCTTCA,1.8974164247512817
MFX,combined,reg,k_CCGCTTAGAA,1.803508186340332
MFX,combined,reg,k_AGATCTCTCG,1.7282615661621095
MFX,combined,reg,k_GCTAAGTATA,1.708482015132904
MFX,combined,reg,k_ATGGGAGCGA,1.687704086303711
MFX,combined,reg,k_CGCTCAAAGC,1.6734480261802671
MFX,combined,reg,k_GAATGGGCTA,1.6397809028625487
MFX,combined,reg,k_TACCTACTGA,1.6254892349243164
MFX,combined,reg,k_ACGGCAGCTA,1.6016407012939453
MFX,combined,reg,k_ATAACTCTTC,1.5945735752582548
MFX,combined,reg,k_CGTCAACCAG,1.5742825597524643
MFX,combined,reg,k_AGTCAAGACG,1.5319944709539413
MFX,combined,reg,k_CTGTCGTAAA,1.5156675338745118
MFX,combined,reg,k_ACGGTACCTG,1.4877931594848635
MFX,combined,reg,k_ATTGTCTGGG,1.4865351796150208
MFX,combined,reg,k_ACGTATTTAC,1.4721895217895509
MFX,combined,reg,k_CTAACCCCTA,1.472078639268875
MFX,combined,reg,k_ACCTAAGACC,1.459181022644043
MFX,combined,reg,k_ATTTGTACTG,1.4583164215087892
MFX,combined,reg,k_GCCAAGCCGC,1.4369155406951903
MFX,combined,reg,k_GAAATGCACC,1.435514259338379
MFX,combined,reg,k_GCCGCTAACA,1.4054064229130743
MFX,combined,reg,k_CAGCGGATGC,1.4016246795654297
MFX,combined,reg,k_TCATTACGCA,1.4006396293640138
MFX,combined,reg,k_CTTAATTAGA,1.3847000122070312
MFX,combined,reg,k_CAGTTCGCCA,1.3764730453491212
MFX,combined,reg,k_TATTCCGTAA,1.3637869238853455
MFX,combined,reg,k_CTTAAAGCAC,1.3569106101989745
MFX,combined,reg,k_ATGCGCTCAA,1.3377709267660975
MFX,combined,reg,k_CATGTACACC,1.3215497493743897
MFX,combined,reg,k_CTGTCACCGC,1.3178604125976563
MFX,combined,reg,k_AACACAAAGC,1.314130437374115
MFX,combined,reg,k_GGATAGCGCA,1.311518168449402
MFX,combined,reg,k_GGCAGGAGTA,1.3037750244140625
MFX,combined,reg,k_CCGCAGACAC,1.2901872634887694
MFX,combined,reg,k_ATCGTAATTA,1.2893640279769896
MFX,combined,reg,k_CGTAATACCA,1.288101100921631
MFX,combined,reg,k_ACAGTCCGAA,1.2805811405181884
MFX,combined,reg,k_AAAGTTACAC,1.2780619442462922
MFX,combined,reg,k_AGGACTCCAA,1.275917959213257
MFX,combined,reg,k_TCGCCCTAAA,1.2735956996679305
MFX,combined,reg,k_AACAGGCGAT,1.262786293029785
MFX,combined,reg,k_ATGTTTAGCC,1.2626113116741182
MFX,combined,reg,k_ATTCACATAG,1.2447166442871094
MFX,combined,reg,k_AAGCACCAAC,1.2412839412689207
MFX,combined,reg,k_CTACTTACAC,1.2384045600891114
MFX,combined,reg,k_AGCCTCAGCA,1.230768769979477
MFX,combined,reg,k_CCTCGCATTA,1.2280128717422485
MFX,combined,reg,k_ATCGAATTAC,1.2148577451705933
MFX,combined,reg,k_TCCGAAACAA,1.2138394683599472
MFX,combined,reg,k_TGCGCTCAAA,1.2080799460411071
MFX,combined,reg,k_GCCTTACCTA,1.2021446228027344
MFX,combined,reg,k_CAACGGAGGA,1.2000459671020507
MFX,combined,reg,k_CCACACCTAC,1.1999682337045672
MFX,combined,reg,k_AGTAATTCCC,1.199534672498703
MFX,combined,reg,k_CCCCTATAGG,1.1731903076171875
MFX,combined,reg,k_GGCGGTGACA,1.1708538055419921
MFX,combined,reg,k_GCACGACCAC,1.1681313514709473
MFX,combined,reg,k_GAGAACGGAC,1.1671738624572754
MFX,combined,reg,k_AGTACTAGTG,1.1643982321023942
MFX,combined,reg,k_CACTTTAGAG,1.1557994842529298
MFX,combined,reg,k_CAGTGGAAAG,1.1486802875995636
MFX,combined,reg,k_ATAAACGTTC,1.1412607192993165
MFX,combined,reg,k_ATAATACCCA,1.126122236251831
MFX,combined,reg,k_GGGAGATCTA,1.121894645690918
MFX,combined,reg,k_CAGCTATATA,1.117487907409668
MFX,combined,reg,k_CAGCGGCCTG,1.0995294570922851
MFX,combined,reg,k_GATAGGTTAA,1.08777756690979
MFX,combined,reg,k_ATACAATACA,1.083820676803589
MFX,combined,reg,k_ATGCAACACC,1.0801288604736328
MFX,combined,reg,k_CAAACTACGC,1.0693110466003417
MFX,combined,reg,k_CAACTTACTC,1.0665498137474059
MFX,combined,reg,k_AGGTCGAACG,1.062595045566559
MFX,combined,reg,k_GATCTCATTA,1.0559977531433105
MFX,combined,reg,k_CACTGCGACC,1.055650520324707
MFX,combined,reg,k_CGAAATACGA,1.0355917453765868
MFX,combined,reg,k_CACTCGGTCA,1.032454490661621
MFX,combined,reg,k_ATATAAGGGC,1.0188367724418639
MFX,combined,reg,k_GTTTGAGTAA,1.0180622339248657
MFX,combined,reg,k_CAATGCAATG,1.0113458633422852
MFX,combined,reg,k_CGAGTGATCA,1.0101127624511719
MFX,combined,reg,k_GTGTGATCAA,1.0045393109321594
MFX,combined,reg,k_CCATGGATCA,1.0012958526611329
MFX,combined,reg,k_GCATCATGCC,1.000265121459961
MFX,combined,reg,k_GTGCCTCTGA,0.99697887301445
MFX,combined,reg,k_CGAATTCGAC,0.9965930938720703
MFX,combined,reg,k_GCTAGCTATA,0.9857697308063507
MFX,combined,reg,k_CACTCGAAAA,0.9829769492149354
MFX,combined,reg,k_GAGTGCTTCA,0.9808711037039758
MFX,combined,reg,k_ATATAATGCC,0.9731789097189903
MFX,combined,reg,k_ACGTAATTAT,0.97236008644104
MFX,combined,reg,k_CTCCCTAGCA,0.951922607421875
MFX,combined,reg,k_CTGATCAGCC,0.9499868392944336
MFX,combined,reg,k_ACCTGTTTAG,0.9450040221214295
MFX,combined,reg,k_ACTAGTAGGC,0.9434703826904297
MFX,combined,reg,k_GAGGTAATAC,0.9411580085754394
MFX,combined,reg,k_GATCCAGCAC,0.9381146430969238
MFX,combined,reg,k_AATATCGCAC,0.9268582925200463
MFX,combined,reg,k_CAAGAGCGGA,0.9181821823120118
MFX,combined,reg,k_AATACAGTCG,0.9181385993957519
MFX,combined,reg,k_CGCACTGGTA,0.9155645132064819
MFX,combined,reg,k_CGGGTCTACA,0.9103439331054688
MFX,combined,reg,k_CACAACTTTC,0.8994066402316093
MFX,combined,reg,k_AATACCACTC,0.8986024856567383
MFX,combined,reg,k_GTCTTCTGAA,0.8978159070014954
MFX,combined,reg,k_AGAGTCTAGA,0.8880926132202148
MFX,combined,reg,k_TAAATGCAAA,0.886962342262268
MFX,combined,reg,k_ACTCGTTGAT,0.8849236726760863
MFX,combined,reg,k_GTGCGTCTGA,0.8844793319702149
MFX,combined,reg,k_AGGAGGCTAA,0.8799209594726562
MFX,combined,reg,k_AATTGGGGGT,0.8742575287818909
MFX,combined,reg,k_CTTCGCACTA,0.872375774383545
MFX,combined,reg,k_AGAGATACAC,0.8721781730651855
MFX,combined,reg,k_TAGGAGCCAA,0.8666703224182128
MFX,combined,reg,k_CCTAGAGTAG,0.8665836334228516
MFX,combined,reg,k_ACGGGTCTAC,0.8652986526489258
MFX,combined,reg,k_ATGACTGTGC,0.860595703125
MFX,combined,reg,k_CATTAAACAC,0.8595434188842773
MFX,combined,reg,k_GAAGGACTCC,0.8582418322563171
MFX,combined,reg,k_CACCCCTGTA,0.8530562400817872
MFX,combined,reg,k_AACCTTACGA,0.8529161632061004
MFX,combined,reg,k_AAACCAACGC,0.8476248145103455
MFX,combined,reg,k_GACAATAAGC,0.8460183143615723
MFX,combined,reg,k_AGAGAGCCTC,0.8390016555786133
MFX,combined,reg,k_ACGCAGATAT,0.838327693939209
MFX,combined,reg,k_AGAAGGCAGG,0.8336925506591797
MFX,combined,reg,k_AGGCATCAGA,0.8315998077392578
MFX,combined,reg,k_ACCTAAACGC,0.8312728524208068
MFX,combined,reg,k_CTACTATTCC,0.8300776481628418
MFX,combined,reg,k_AGTCTATAAG,0.8297132968902587
MFX,combined,reg,k_GAGCATTGCA,0.8287040710449218
MFX,combined,reg,k_CAATTATTCA,0.8263958632946016
MFX,combined,reg,k_CGTTATTGTA,0.825408935546875
MFX,combined,reg,k_CTAGAGCTGA,0.8229764044284821
MFX,combined,reg,k_GTGGTCCCCA,0.819321584701538
MFX,combined,reg,k_GCTTCTCACA,0.8174570560455322
MFX,combined,reg,k_CAGTGCTGCA,0.8106719970703125
MFX,combined,reg,k_CACACCTTGC,0.8105451583862304
MFX,combined,reg,k_CACAGTGATA,0.8016497492790222
MFX,combined,reg,k_GAGGAGAGCA,0.7988475084304809
MFX,combined,reg,k_CGTTGTTTAA,0.7966837882995605
MFX,combined,reg,k_ACAACTAGAC,0.7962074398994445
MFX,combined,reg,k_CTCATTAATA,0.7916269302368164
MFX,combined,reg,t_serotype_15B,0.7900872886180876
MFX,combined,reg,k_CCAGCGACCG,0.7897996306419373
MFX,combined,reg,k_AAGCATGGGT,0.7851250171661377
MFX,combined,reg,k_AACTAGATGT,0.7836578369140625
MFX,combined,reg,k_AGATGACCAC,0.7827394485473633
MFX,combined,reg,k_AGGACGGGGC,0.7820035457611084
MFX,combined,reg,k_AGGAACCGGA,0.7771109908819198
MFX,combined,reg,k_ATCGCGCCCG,0.7681118011474609
MFX,combined,reg,k_AACCAGTGCT,0.7665383737534284
MFX,combined,reg,k_ACTCAAACCG,0.7664971828460694
MFX,combined,reg,k_ACTAGATCGG,0.7663886070251464
MFX,combined,reg,k_ACAAGTGCGT,0.7654838715679944
MFX,combined,reg,k_ACCATTGGAG,0.7650741577148438
MFX,combined,reg,k_AGTGTCGCTC,0.7634620666503906
MFX,combined,reg,k_CCCCGACCAG,0.7601551055908203
MFX,combined,reg,k_CTGGACATAA,0.7600601196289063
MFX,combined,reg,k_ATCTATATGC,0.7479731559753418
MFX,combined,reg,k_ACAGTTAAGC,0.7470475196838379
MFX,combined,reg,k_GCGTTACAGC,0.7466804504394531
MFX,combined,reg,k_AAGCTGAAGC,0.7462662518024444
MFX,combined,reg,k_ATAGGACTTG,0.7434328079223633
MFX,combined,reg,k_GCCTATGGCC,0.7402244567871094
MFX,combined,reg,k_CGGATATCTA,0.7398738861083984
MFX,combined,reg,k_AGGCGACATA,0.7381474494934082
MFX,combined,reg,k_AAAGTGCGAT,0.7380511164665222
MFX,combined,reg,k_CCTGTTTAGA,0.7332961142063141
MFX,combined,reg,k_ATTTGGGCGC,0.7315118789672852
MFX,combined,reg,k_ACATCACTAT,0.7308869779109956
MFX,combined,reg,k_GCGTCAACAA,0.7308491706848145
MFX,combined,reg,k_GCTGGCAACA,0.7301958322525024
MFX,combined,reg,k_AGTTGTCCGA,0.7274215340614318
SXT,kmer,reg,k_AATCCGGAAG,664.6658264160156
SXT,kmer,reg,k_CGCGTAATCC,529.2938293457031
SXT,kmer,reg,k_ATCCGGAAGA,491.0273094177246
SXT,kmer,reg,k_AAGCGAGGCT,225.13680419921877
SXT,kmer,reg,k_AATACGCCCT,186.19223480224608
SXT,kmer,reg,k_CCACCGTCCG,168.89942626953126
SXT,kmer,reg,k_TAATCCGGAA,163.63912849426268
SXT,kmer,reg,k_CCGATATCGA,119.19173545837404
SXT,kmer,reg,k_GCAATACGCC,114.60423831939698
SXT,kmer,reg,k_CCGACTCATA,93.99402618408203
SXT,kmer,reg,k_AGGGCTGGCG,90.61981201171875
SXT,kmer,reg,k_AGTCGGTACG,66.54192199707032
SXT,kmer,reg,k_ATACGCCCTG,55.37337684631348
SXT,kmer,reg,k_GGATCCAGGA,53.19351043701172
SXT,kmer,reg,k_CACGGCTTCG,53.1855094909668
SXT,kmer,reg,k_TAGCCCCCTA,41.297044372558595
SXT,kmer,reg,k_TGTCACCACA,41.063446044921875
SXT,kmer,reg,k_CCTACATAAA,40.95340919494629
SXT,kmer,reg,k_AATACAGAGT,39.02110595703125
SXT,kmer,reg,k_GTCGGTACGA,37.0177734375
SXT,kmer,clf,k_GCAATACGCC,36.52065677642822
SXT,kmer,reg,k_CTTCCACGGA,35.64557800292969
SXT,kmer,reg,k_CGGACGACCA,34.74379272460938
SXT,kmer,reg,k_GTTAGATATA,33.1910888671875
SXT,kmer,clf,k_AATACGCCCT,32.70352210998536
SXT,kmer,reg,k_GACCCTTGCA,32.03078079223633
SXT,kmer,clf,k_AATCCGGAAG,30.61119089126587
SXT,kmer,reg,k_ACACGTAGAC,30.287564086914063
SXT,kmer,clf,k_AAGCGAGGCT,28.922505474090574
SXT,kmer,reg,k_AGGAATCCTA,28.908389282226562
SXT,kmer,clf,k_CCACCGTCCG,28.747924613952634
SXT,kmer,reg,k_AGGGTAGGAA,28.52105712890625
SXT,kmer,reg,k_TAGTGGTCGA,28.053482055664062
SXT,kmer,clf,k_CGCGTAATCC,27.727098083496088
SXT,kmer,reg,k_TAAACTGTTA,27.61719106435776
SXT,kmer,reg,k_CTGTGTCGCC,27.34825744628906
SXT,kmer,reg,k_ACATTCATGC,26.45237808227539
SXT,kmer,reg,k_CGATCCCACA,25.805694580078125
SXT,kmer,reg,k_ATCGAGCATA,24.882295227050783
SXT,kmer,reg,k_AGCCGGCTCG,24.459259033203125
SXT,kmer,reg,k_GGTCATGCTA,23.362814331054686
SXT,kmer,reg,k_CCACCATCCG,23.268954467773433
SXT,kmer,reg,k_CCGAAAAACA,22.952081298828126
SXT,kmer,reg,k_GCGTTTACTA,22.865327453613283
SXT,kmer,reg,k_TAAGACCGTA,22.41683807373047
SXT,kmer,clf,k_CGGACGACCA,22.4139347076416
SXT,kmer,reg,k_CGTGCCATAC,22.3880615234375
SXT,kmer,reg,k_GCTGCTAGTA,22.170458984375
SXT,kmer,reg,k_ATGCTGAGGC,22.11991863250732
SXT,kmer,reg,k_CGGAGTGTGC,19.97265625
SXT,kmer,reg,k_ATTCTTTCGG,19.707861328125
SXT,kmer,reg,k_GCCCTGTTAC,19.696946954727174
SXT,kmer,reg,k_ATAACGTACG,19.350927734375
SXT,kmer,reg,k_TATTGCGCAA,18.530710506439206
SXT,kmer,reg,k_CGAGCTTGAA,18.49547424316406
SXT,kmer,reg,k_AATGTCCCAT,18.28775634765625
SXT,kmer,reg,k_ATGGCTTAAT,18.2685302734375
SXT,kmer,reg,k_AGGCACGCTA,18.229815673828124
SXT,kmer,reg,k_AGTGTAAAGC,18.189212393760684
SXT,kmer,reg,k_CACTCGTGGA,17.843994140625
SXT,kmer,reg,k_ACAGCCCCTA,17.740397644042968
SXT,kmer,reg,k_CGGATCAACC,17.689794921875
SXT,kmer,reg,k_CGACAAGCGC,17.65789089202881
SXT,kmer,reg,k_ACTGTTTGCG,17.31414031982422
SXT,kmer,reg,k_CAGGTATAGA,17.28388023376465
SXT,kmer,clf,k_AGTTACTTAT,16.812796545028686
SXT,kmer,reg,k_ATAATCCTAC,16.77354403734207
SXT,kmer,reg,k_CATGCAATGA,16.131076049804687
SXT,kmer,reg,k_CACAAAACAG,15.9958984375
SXT,kmer,reg,k_GCGGAGATCA,15.814553833007812
SXT,kmer,reg,k_CATGCTAAAC,15.587841796874999
SXT,kmer,reg,k_AATGTGAGTG,15.542807674407959
SXT,kmer,reg,k_ACCCATAGAG,15.456999969482421
SXT,kmer,reg,k_AATGTACGAG,15.369921875
SXT,kmer,reg,k_AATTGCTTAC,15.193690061569214
SXT,kmer,reg,k_ATTAGGCTCC,14.836648559570312
SXT,kmer,reg,k_ACTGCATCGG,14.575320434570312
SXT,kmer,reg,k_CCCAGCCTCG,14.5702028632164
SXT,kmer,reg,k_AGAGCATAAT,14.380111503601075
SXT,kmer,reg,k_CTGTAGTTCA,14.256267786026001
SXT,kmer,reg,k_ACATTCAACC,14.156524658203125
SXT,kmer,reg,k_AATACGTCTC,14.100978088378906
SXT,kmer,reg,k_AGGATAAGCG,13.691268920898438
SXT,kmer,reg,k_CAGACAGTTC,13.5359619140625
SXT,kmer,clf,k_ACAAGCCATG,13.505345916748045
SXT,kmer,reg,k_CTGCACTACC,13.269328427314758
SXT,kmer,reg,k_CCGGAGAATA,13.09332733154297
SXT,kmer,clf,k_GGATCCAGGA,13.016014862060548
SXT,kmer,reg,k_TACGCTGTCA,12.930203247070313
SXT,kmer,reg,k_ACGACTCTGG,12.852472114562989
SXT,kmer,reg,k_CCCCCTCCCC,12.834591674804688
SXT,kmer,reg,k_ATACTACGTG,12.765787887573243
SXT,kmer,reg,k_GCCGTCTGTA,12.74246826171875
SXT,kmer,reg,k_AGAGTATCTG,12.726007509231568
SXT,kmer,clf,k_CCGACTCATA,12.62480688095093
SXT,kmer,reg,k_TAACGCAAAA,12.574094772338867
SXT,kmer,reg,k_CCTGATTAGA,12.390150833129884
SXT,kmer,reg,k_AATCGTCCTG,12.386156845092772
SXT,kmer,reg,k_GCGTTACAGC,12.325458526611328
SXT,kmer,reg,k_TCTTACTGCA,12.214349365234375
SXT,kmer,reg,k_AGTGCAATGG,12.040293884277343
SXT,kmer,reg,k_CAGTTCGCCA,11.918357419967652
SXT,kmer,reg,k_GCTCATGGTA,11.873592376708984
SXT,kmer,reg,k_ACGGAATAAG,11.57364056110382
SXT,kmer,reg,k_ACATATTGGC,11.536549186706543
SXT,kmer,reg,k_GACGGATCAA,11.343685913085938
SXT,kmer,reg,k_AAGGTAATGT,11.3330078125
SXT,kmer,reg,k_CTGACCCATA,11.298580932617188
SXT,kmer,reg,k_AGGCGGTCAC,11.28446798324585
SXT,kmer,reg,k_ATAGGTTTAA,11.267101287841797
SXT,kmer,reg,k_CTTGCCCTCA,11.212165105342866
SXT,kmer,reg,k_ACTCCTCACA,11.170974731445312
SXT,kmer,reg,k_ATAGGCCACG,11.061145842075348
SXT,kmer,reg,k_TGGACGTTAA,11.022021484375
SXT,kmer,reg,k_AGACTGTACC,11.012503051757811
SXT,kmer,reg,k_GATATGCCAA,10.832858276367187
SXT,kmer,reg,k_GCTTAGGCTA,10.793421173095703
SXT,kmer,reg,k_CCGATCCACC,10.760341262817382
SXT,kmer,reg,k_AGTACAGGTA,10.73898639678955
SXT,kmer,reg,k_TCGGAAACCA,10.729737472534179
SXT,kmer,reg,k_AGCCGTCTGA,10.719888305664064
SXT,kmer,reg,k_AATCCGTCGG,10.680446147918703
SXT,kmer,reg,k_GATGTAATAC,10.626367950439453
SXT,kmer,reg,k_GGTTATGTTA,10.535354614257812
SXT,kmer,reg,k_ATAATTGGGG,10.377462196350098
SXT,kmer,clf,k_AGCCAGTGCA,10.376548767089844
SXT,kmer,reg,k_TCTCCTCAGA,10.28162841796875
SXT,kmer,reg,k_TAGTTAGTGA,10.269207763671876
SXT,kmer,reg,k_ACCTAAACGC,10.264203310012817
SXT,kmer,reg,k_CAGGACACAA,10.25640869140625
SXT,kmer,reg,k_GAATAGGCGA,10.24055061340332
SXT,kmer,reg,k_GAACGAGCCC,10.14747314453125
SXT,kmer,reg,k_AAGTTCCGAA,10.14146318435669
SXT,kmer,reg,k_ACCAGGAGGA,10.126851654052734
SXT,kmer,reg,k_ATTATGCATC,10.106403350830078
SXT,kmer,reg,k_CTCGACTAAC,10.041796112060547
SXT,kmer,reg,k_AACTAGATGT,9.859376430511475
SXT,kmer,reg,k_GTACGGAGGA,9.773291015625
SXT,kmer,reg,k_ACACAGATAC,9.764495849609375
SXT,kmer,reg,k_AAGGGATCTC,9.680040740966797
SXT,kmer,reg,k_ACTTTGGACG,9.663455200195312
SXT,kmer,reg,k_AGACCCTAAA,9.62054443359375
SXT,kmer,reg,k_GCCCCAGCTA,9.597997665405273
SXT,kmer,reg,k_CGTTTAACTA,9.43642578125
SXT,kmer,reg,k_AGGCGACACA,9.316314697265625
SXT,kmer,reg,k_AGCCTCAACG,9.222577095031738
SXT,kmer,reg,k_TGAGCACTAA,9.1900146484375
SXT,kmer,reg,k_AAAGATGTGC,9.157799017429351
SXT,kmer,reg,k_AGCCGCTAAC,9.052749180793763
SXT,kmer,reg,k_CAGGATGGAA,8.915517425537109
SXT,kmer,reg,k_ACATATAAAC,8.913500785827637
SXT,kmer,clf,k_AAGTGTTTAG,8.832655334472657
SXT,kmer,reg,k_ACGTATTCGA,8.827591705322266
SXT,kmer,reg,k_AGTCTCTCCA,8.81622314453125
SXT,kmer,reg,k_GCTTTCCCAC,8.777853393554688
SXT,kmer,reg,k_CTCCGTCGGA,8.766967821121217
SXT,kmer,reg,k_ACGAGCGTAA,8.728672790527344
SXT,kmer,reg,k_AATATTCGAC,8.696568298339844
SXT,kmer,reg,k_ATTACTGTGG,8.666543763875962
SXT,kmer,clf,k_ATACGCCCTG,8.596822428703309
SXT,kmer,reg,k_AAGGTAAGCT,8.582773582637309
SXT,kmer,reg,k_AGTAACTGTG,8.53758544921875
SXT,kmer,reg,k_AGTCTAACGA,8.535828042030333
SXT,kmer,reg,k_GCTAGGTATA,8.502482604980468
SXT,kmer,reg,k_AAGCATGTGT,8.497246360778808
SXT,kmer,clf,k_ACCAACTGCG,8.324504089355468
SXT,kmer,reg,k_TCGGTCACGA,8.323867464065552
SXT,kmer,reg,k_ACTGACGACG,8.302556610107422
SXT,kmer,reg,k_ATTCTGTAAC,8.209579467773438
SXT,kmer,clf,k_GCGGAGATCA,8.187182998657226
SXT,kmer,reg,k_CATCCCTCAA,8.179357528686523
SXT,kmer,reg,k_GTCACTCACA,8.161798095703125
SXT,kmer,reg,k_CGAGTTATGA,8.161053466796876
SXT,kmer,reg,k_CTTGCACTAA,8.142999720573425
SXT,kmer,reg,k_CTGGGAGCCA,8.020835733413696
SXT,kmer,reg,k_TAACGATGTA,8.00643310546875
SXT,kmer,reg,k_ACAAAGACGA,7.962320876121521
SXT,kmer,reg,k_CCTGGACTTA,7.8933349609375
SXT,kmer,clf,k_ATCCGGAAGA,7.890839183330536
SXT,kmer,reg,k_ACACACATAT,7.780096435546875
SXT,kmer,reg,k_AGGAGTACTC,7.746820068359375
SXT,kmer,reg,k_AGATCAAATG,7.74661865234375
SXT,kmer,reg,k_ATAGAATCCG,7.738099312782288
SXT,kmer,reg,k_AAAGACCCGA,7.726177620887756
SXT,kmer,reg,k_AAGAGATCCC,7.707999444007873
SXT,kmer,reg,k_CCGCAGGTTA,7.678107833862305
SXT,kmer,reg,k_CATCGGTTAG,7.656792831420899
SXT,kmer,reg,k_CGAACAGGTA,7.614980792999267
SXT,kmer,reg,k_GAGCCATGCC,7.608254241943359
SXT,kmer,reg,k_AACGAAGTAT,7.544486463069916
SXT,kmer,reg,k_ACTATAACGA,7.544073438644409
SXT,kmer,reg,k_GAATTCGTCC,7.542608642578125
SXT,kmer,reg,k_ACCCGAAAAA,7.538416123390197
SXT,kmer,clf,k_AGTCGGTACG,7.52742919921875
SXT,kmer,reg,k_AATCTCACAT,7.436994171142578
SXT,kmer,reg,k_AGTATGGCAC,7.426029968261719
SXT,kmer,reg,k_CCCCCAATGA,7.375453615188599
SXT,kmer,reg,k_ACCAGACGAG,7.350037384033203
SXT,kmer,reg,k_GAGACCACTA,7.241924285888672
SXT,kmer,reg,k_AAAATATACG,7.191107785701752
SXT,combined,reg,k_ATCCGGAAGA,737.3564575195313
SXT,combined,reg,k_CGCGTAATCC,683.3334228515625
SXT,combined,reg,k_CCACCGTCCG,295.27786903381343
SXT,combined,reg,k_ATACGCCCTG,241.97259483337402
SXT,combined,reg,k_AATCCGGAAG,215.67812385559085
SXT,combined,reg,k_CCGATATCGA,201.33148574829102
SXT,combined,reg,k_GGCAAATGCC,198.8511754512787
SXT,combined,reg,k_TAATCCGGAA,190.2305450439453
SXT,combined,reg,k_AATACGCCCT,166.5071304321289
SXT,combined,reg,k_GCAATACGCC,130.82154846191406
SXT,combined,reg,k_CGGACGACCA,108.70555725097655
SXT,combined,reg,k_CCACCATCCG,91.50341577529906
SXT,combined,reg,k_ATCGAGCATA,87.86669540405273
SXT,combined,reg,k_AGGGCTGGCG,86.93778686523439
SXT,combined,reg,k_CCTACATAAA,86.9307819366455
SXT,combined,reg,k_AAGCGAGGCT,74.45329895019532
SXT,combined,reg,k_GGATCCAGGA,68.20900039672851
SXT,combined,reg,k_TAGCCCCCTA,65.14524459838867
SXT,combined,reg,k_CCGACTCATA,48.51831321716308
SXT,combined,clf,k_ATCCGGAAGA,46.281721794605254
SXT,combined,clf,k_TAACCGACTA,44.659497724473475
SXT,combined,reg,k_TGTCACCACA,43.435296630859376
SXT,combined,reg,k_GATCTCAGAA,37.15554695129394
SXT,combined,clf,k_CCACCGTCCG,35.53345985412598
SXT,combined,reg,k_GATATGCCAA,35.15559921264648
SXT,combined,clf,k_CGCGTAATCC,33.84332695007324
SXT,combined,reg,k_CAGGTATAGA,33.26759719848633
SXT,combined,reg,k_CGCACCAAGA,32.591742563247685
SXT,combined,reg,k_TAAGACCGTA,31.80863037109375
SXT,combined,reg,k_GACCCTTGCA,31.24674072265625
SXT,combined,reg,k_CACGGCTTCG,29.82823791503906
SXT,combined,reg,k_ACACGTAGAC,29.302212524414063
SXT,combined,reg,k_AAGGGATCTC,28.775667572021483
SXT,combined,reg,k_ATCCACTGCG,28.3299072265625
SXT,combined,reg,k_AGTCATTAGA,28.27803955078125
SXT,combined,reg,k_GGTTTAATAC,27.898335373401643
SXT,combined,reg,k_ATCCGGAGAA,27.3913818359375
SXT,combined,reg,k_GCTGAGACCC,27.381753540039064
SXT,combined,clf,k_AATACGCCCT,26.91899642944336
SXT,combined,reg,k_CGCTTGTCGA,26.67900165319443
SXT,combined,reg,k_AGGATAAGCG,26.559765624999997
SXT,combined,reg,k_CGTCCACCTA,26.005096435546875
SXT,combined,reg,k_AAGACGTAGA,25.7224365234375
SXT,combined,reg,k_ACTTAGGGAA,25.637451171875
SXT,combined,reg,k_ATAGAGCCGG,24.524390602111815
SXT,combined,reg,k_ACCGAGAATG,23.431490325927737
SXT,combined,reg,k_AGGCGACACA,23.042921447753905
SXT,combined,reg,k_GCGTTTACTA,22.93622741699219
SXT,combined,reg,k_AGTTAAGAAC,22.43323974609375
SXT,combined,reg,k_CCGAAAAACA,22.405538940429686
SXT,combined,reg,k_GTACCGACTA,22.159844970703126
SXT,combined,reg,k_TCGACGAACA,21.7209228515625
SXT,combined,clf,k_GCAATACGCC,20.81185827255249
SXT,combined,reg,k_ATAATCCTAC,20.807050454616547
SXT,combined,reg,k_AGTAACTGTG,20.5318359375
SXT,combined,reg,k_GACAGACCAC,20.405062866210937
SXT,combined,reg,k_GATCTATTGC,18.630767822265625
SXT,combined,reg,k_ATTCATGTCA,18.410707092285158
SXT,combined,reg,k_ATAAAATGCC,18.264031982421876
SXT,combined,reg,k_ACCTGTTATA,17.80966796875
SXT,combined,reg,k_AGTACAGGTA,17.684222245216368
SXT,combined,reg,k_AGCCAGTGCA,17.519749665260314
SXT,combined,reg,k_AATACATCCT,17.42690862417221
SXT,combined,reg,k_CCCTCAAGTA,17.421937942504883
SXT,combined,reg,k_ATATGGAGCG,17.182724380493163
SXT,combined,reg,k_AATACAGAGT,16.54315185546875
SXT,combined,reg,k_CTGTGTCGCC,16.442547607421876
SXT,combined,reg,k_CTCAAACATA,16.366561889648438
SXT,combined,reg,k_CAGTTCGCCA,16.287979125976562
SXT,combined,reg,k_AACCGCCGAA,15.809983825683593
SXT,combined,reg,k_ACATATTGGC,15.795072746276855
SXT,combined,reg,k_AGTGAAGCAT,15.36418571472168
SXT,combined,reg,k_GGTATCCTAC,15.330419921875
SXT,combined,reg,k_TATTACCACA,15.306278228759766
SXT,combined,reg,k_AACCAGTGCC,14.8673423409462
SXT,combined,reg,k_AGTGTAAAGC,14.564485692977904
SXT,combined,clf,k_GGATCCAGGA,14.530002212524414
SXT,combined,reg,k_CAATCGGCCA,14.33240966796875
SXT,combined,reg,k_CACTTTCCAC,13.9282958984375
SXT,combined,reg,k_ACGGAATAAG,13.865424156188965
SXT,combined,reg,k_ATACCACCAT,13.75892333984375
SXT,combined,reg,k_CTATATACAC,13.718499755859375
SXT,combined,reg,k_CTGACAGGGC,13.680108642578126
SXT,combined,reg,k_ATACTACGTG,13.399933528900146
SXT,combined,reg,k_AAGCGCCTCA,13.398344206809996
SXT,combined,clf,k_ATACCACCAT,13.352201843261719
SXT,combined,clf,k_TAATCCGGAA,13.20661109238863
SXT,combined,reg,k_CACAAAACAG,13.175946044921876
SXT,combined,reg,k_ACATCACTAT,13.06529346704483
SXT,combined,clf,k_CCTACATAAA,13.03565640449524
SXT,combined,reg,k_ACGGGACAGA,12.896745300292968
SXT,combined,reg,k_TATTGCGCAA,12.847474044561388
SXT,combined,reg,k_ATGTTTAGCC,12.753236198425293
SXT,combined,clf,k_CGGACGGATC,12.447348237037659
SXT,combined,reg,k_GATTTGCGGC,12.397021484375
SXT,combined,reg,k_GCGATTAGTA,12.117273712158203
SXT,combined,reg,k_AGGCACGCTA,12.101427841186524
SXT,combined,reg,k_ACAGCTAGGT,12.061572265625
SXT,combined,reg,k_AGTACGCAGA,12.0358154296875
SXT,combined,reg,k_AACTAATCTA,12.034028434753418
SXT,combined,reg,k_AGTTCCGGTG,12.003900909423828
SXT,combined,reg,k_CTTGCACTAA,11.958121490478515
SXT,combined,reg,k_ACTAATTACT,11.912918853759766
SXT,combined,reg,k_CGACGCACTC,11.800005340576172
SXT,combined,reg,k_CGCACCAGAC,11.798424530029298
SXT,combined,reg,k_TGTCCGGAAA,11.745957946777343
SXT,combined,reg,k_ACTAATGCAC,11.70599365234375
SXT,combined,reg,k_AGCCTCCTAA,11.68929443359375
SXT,combined,reg,k_AGGAGTACTC,11.556199645996093
SXT,combined,reg,k_CATGCTAAAC,11.516357421875
SXT,combined,reg,k_AAGTGCCATC,11.472761535644532
SXT,combined,reg,k_AGTTAGTTAA,11.32257537841797
SXT,combined,reg,k_CCATGACGGA,11.267303466796875
SXT,combined,reg,k_CTAGGGGTGA,11.164263153076172
SXT,combined,reg,k_AATTGCTTAC,11.136474215984345
SXT,combined,reg,k_AATACGGCTC,11.127996826171875
SXT,combined,reg,k_CCCCTTCAGA,11.110379028320313
SXT,combined,reg,k_GCTTGCTGAA,10.972455281019212
SXT,combined,reg,k_CTTATACATC,10.9285400390625
SXT,combined,reg,k_TAGGCGATCA,10.86478271484375
SXT,combined,reg,k_GGGTCGTGGA,10.811395263671875
SXT,combined,clf,k_ACACGTAGAC,10.763327026367188
SXT,combined,reg,k_GTCACTCACA,10.630322265625
SXT,combined,reg,k_ACCTAACATG,10.609989166259766
SXT,combined,reg,k_TCATTCTAGA,10.532182312011718
SXT,combined,reg,k_CGTCCACGCA,10.499562072753907
SXT,combined,reg,k_AGGGTAGGAA,10.4189697265625
SXT,combined,reg,k_GCTGGTCTAA,10.391681969165802
SXT,combined,reg,k_AAGTCGAGTC,10.383164978027343
SXT,combined,reg,k_CAATAGAGGA,10.244142150878906
SXT,combined,reg,k_CTATGCGGTA,10.1552978515625
SXT,combined,reg,k_ACGACTCTGG,10.134051895141601
SXT,combined,reg,k_TAGCGAGTAA,10.024079895019531
SXT,combined,reg,k_GCAGACGATA,9.972698974609376
SXT,combined,reg,k_ATTAACGTCA,9.918043518066407
SXT,combined,clf,k_AATCCGGAAG,9.889513039588929
SXT,combined,reg,k_CAAGTGTCCA,9.7634765625
SXT,combined,clf,k_CGGACGACCA,9.644610786437987
SXT,combined,reg,k_GCCTAGTTCA,9.627406311035156
SXT,combined,reg,k_AGGGGTACAA,9.577371215820312
SXT,combined,reg,k_AGCGGAGCAG,9.575495147705078
SXT,combined,reg,k_ATTGTGTCAC,9.568524169921876
SXT,combined,reg,k_AGTGCAGTAG,9.5316162109375
SXT,combined,reg,k_TAACGCAAAA,9.481048774719238
SXT,combined,reg,k_CCTGATTAGA,9.468998527526855
SXT,combined,reg,k_GTACGGAGGA,9.407510375976562
SXT,combined,reg,k_ACAGTGGTGA,9.368536376953125
SXT,combined,reg,k_ATGGAAGTAC,9.353564453125
SXT,combined,reg,k_AGATCCATAT,9.341295003890991
SXT,combined,reg,k_CGGATCAACC,9.30323657989502
SXT,combined,reg,k_AGCAGCAGCG,9.25819091796875
SXT,combined,reg,k_CGTATATGTC,9.196072387695313
SXT,combined,reg,k_AGCGTTCCCT,9.173468124866487
SXT,combined,clf,k_ATACGCCCTG,9.121152257919311
SXT,combined,reg,k_CGAGTTATGA,9.04967041015625
SXT,combined,reg,k_AGCGTGCCTA,9.00447998046875
SXT,combined,reg,k_ATGCCTGCAC,8.998110961914062
SXT,combined,reg,k_AAGCGCCCTA,8.881280517578125
SXT,combined,reg,k_ACCGCACTCT,8.88055877685547
SXT,combined,reg,k_CACACATTGG,8.874134826660157
SXT,combined,reg,k_GAAAGTGATC,8.768114817142486
SXT,combined,reg,k_GGACGATTTA,8.738386535644532
SXT,combined,reg,k_GTAAGCTTAC,8.693230640888213
SXT,combined,reg,k_CTTATTGAGA,8.689763641357422
SXT,combined,reg,k_GGCTGACGCA,8.628383445739747
SXT,combined,clf,k_CCGACTCATA,8.576342636346817
SXT,combined,reg,k_AATGTACGAG,8.53687744140625
SXT,combined,reg,k_AGTTCCAGTA,8.522903251647948
SXT,combined,reg,k_CAATGCCCTC,8.454476547241212
SXT,combined,clf,k_CATTGTCGCC,8.438878107070924
SXT,combined,reg,k_TTATCGGGAA,8.432717895507812
SXT,combined,reg,k_CCATAACTCC,8.424906539916993
SXT,combined,reg,k_GGGTGCAGAC,8.402761077880859
SXT,combined,reg,k_CCGTGCCTCA,8.369591522216798
SXT,combined,clf,k_GCGGAGATCA,8.364175796508789
SXT,combined,clf,k_CCTGATTAGA,8.329551672935485
SXT,combined,reg,k_AACTTACAGC,8.306369400024414
SXT,combined,reg,k_ACTCATGCAT,8.304600524902344
SXT,combined,reg,k_CTCCGTCGGA,8.277338439226149
SXT,combined,reg,k_GAGTGCGTCA,8.210981273651123
SXT,combined,reg,k_AAGTGCGTCA,8.197552108764647
SXT,combined,reg,k_CCCGACTGGC,8.181806945800782
SXT,combined,reg,k_AATGTGAGTG,8.154483604431153
SXT,combined,reg,k_CCAGGTAACA,8.146044921875
SXT,combined,reg,k_GAGTTAGTTA,8.094015502929688
SXT,combined,reg,k_GGCAGGATCA,8.081390380859375
SXT,combined,reg,k_ACGGCGAATG,8.061421966552734
SXT,combined,clf,k_ATCGAGCATA,7.967683285474777
SXT,combined,reg,k_GACTTGGCCC,7.901300048828125
SXT,combined,reg,k_CAATTCGGGA,7.897086334228516
SXT,combined,reg,k_CTTAAGTCAA,7.86180419921875
SXT,combined,reg,k_AGCGGATGAG,7.844281005859375
SXT,combined,reg,k_GCGGAGATCA,7.836798095703125
SXT,combined,reg,k_ACTATACCCA,7.813399970531464
SXT,combined,reg,k_AATCGAGATG,7.735165786743164
SXT,combined,reg,k_GCCCTGCTAA,7.7268798828125
SXT,combined,reg,k_AGTCATGTAT,7.6526752471923825
SXT,combined,clf,k_CTGGTGCCGA,7.635586845874786
SXT,combined,reg,k_GCTTTCCCAC,7.62473783493042
SXT,combined,reg,k_GCCCTGTTAC,7.574609375
