drug,featset,task,feature,mean_gain
PEN,kmer,reg,k_ATCATCCCACCAGTAGTCAAA,800.6845416545868
PEN,kmer,reg,k_AAGGTCGGTCTAGATAGAGCT,783.2989562988281
PEN,kmer,reg,k_AAATGGCGTTTGCATAATGCA,655.9885864257812
PEN,kmer,reg,k_ACTTGAAATGGCGTTTGCATA,602.9524902343751
PEN,kmer,reg,k_AAGGCTACATCTCTGCTGAAC,513.148779296875
PEN,kmer,reg,k_AAAACCTTCCTTAATGGTCTT,379.7807518720627
PEN,kmer,reg,k_AGAATACTTACGAGTATAACC,304.530472946167
PEN,kmer,reg,k_CAGGTTCGGTTGTCAAGGCGG,274.61195945739746
PEN,kmer,reg,k_CTTATGGGGCAAACCTATCAA,267.342333984375
PEN,kmer,reg,k_CTACGGTCGTAGATGTTTCAA,264.8365234375
PEN,kmer,reg,k_CAATTCTTGGTATACTCAGGC,236.4430419921875
PEN,kmer,reg,k_ATTGCCTACAAGTGGTGTCAG,222.15419921875
PEN,kmer,reg,k_AACATCCCAATCTCGAGTCGT,196.07590789794924
PEN,kmer,reg,k_AAAGTCTCAACGGCTGTGACA,175.59782562255862
PEN,kmer,reg,k_AATCTAGAGTCTGCTATGGAG,159.62413330078124
PEN,kmer,reg,k_ATCAATTCTTGGTATACTCAG,122.83880615234375
PEN,kmer,reg,k_AAAAATGGAGGATACTTGGTT,121.0671893119812
PEN,kmer,reg,k_AAGGTCTGGTTTCCTGACAAG,105.35921630859374
PEN,kmer,reg,k_CATCAATTCTTGGTATACTCA,104.9609130859375
PEN,kmer,reg,k_AGAGCGGTAAACTTTGGCAGC,78.36270751953126
PEN,kmer,reg,k_AGTCTAACTCGGACTAACATG,72.98125610351562
PEN,kmer,reg,k_AAATGCCATTTCAAGTAACAC,70.59761352539063
PEN,kmer,reg,k_AAGTTGACCAGCGTATTCATC,70.41580200195312
PEN,kmer,reg,k_AACAGTCGTTTGCAGCAGAGG,68.87359809875488
PEN,kmer,reg,k_AAACGACTGTTGAACCGAGCA,62.67001647949219
PEN,kmer,reg,k_CAAACGACTGTTGAACCGAGC,58.288836526870725
PEN,kmer,reg,k_AGTACCCAAGCCATATTCGCC,55.441839599609374
PEN,kmer,reg,k_GATTATACATAGTTCCATATA,54.47359008789063
PEN,kmer,reg,k_AAAACCACATCAAGACCTCTC,52.259796142578125
PEN,kmer,reg,k_AAGGCCATTGCCTACAAGTGG,51.85508422851562
PEN,kmer,reg,k_CAAATGCGTAATGTAGATAAA,51.80804443359375
PEN,kmer,reg,k_AACTATGAAACCGATCACAGA,48.50557403564453
PEN,kmer,clf,k_AGTAGCCAATTCAGCAATAAT,39.840869140625
PEN,kmer,reg,k_AATACTCCAGAGCTTGGACCG,39.157388305664064
PEN,kmer,clf,k_AAACCGGATCCGTCCCTACCA,38.680224609375
PEN,kmer,clf,k_AATATTCATTATGGAGGTGTG,30.343072509765626
PEN,kmer,reg,k_CATTTCAAGTAACACAACCGA,29.641632080078125
PEN,kmer,reg,k_AACAAAGACATTGGTTACCGT,29.23125433921814
PEN,kmer,reg,k_AATAGATACTTAAATAATAGC,28.996102523803714
PEN,kmer,clf,k_AAAGTTTACCGCTCTATGATG,26.675653076171876
PEN,kmer,clf,k_ATGGCGTGCTCCTAGCTGGGC,26.535464477539062
PEN,kmer,reg,k_AAATTCAAGTTCTATATTGAG,26.026516723632813
PEN,kmer,reg,k_AATCCGCAAAACGTTCTTGCA,24.661662292480468
PEN,kmer,reg,k_AAATGGCATTTGAGTAGTGAA,23.819651794433593
PEN,kmer,reg,k_AAATAAGACTTAGAAGCAAAC,23.528445434570312
PEN,kmer,reg,k_AAATGCGTAATGTAGATAAAA,23.251060485839844
PEN,kmer,clf,k_AATAGATACTTAAATAATAGC,21.327529144287112
PEN,kmer,reg,k_AAATTCTCCCAACTGGATACC,21.239724731445314
PEN,kmer,reg,k_AAGATGTTCGTGCTAACACAG,20.85623779296875
PEN,kmer,reg,k_AAATTCCTAATGTCCGACTCA,20.649462890625
PEN,kmer,clf,k_ACTTGAGGGCTACATTTTGCC,20.558008193969727
PEN,kmer,clf,k_CTAACGGTAAAGTCATTGCCC,20.08362731933594
PEN,kmer,clf,k_AAAGAGACTTCTGTAGAAGAA,20.003099060058595
PEN,kmer,clf,k_AGCTAGTCTAACTCGGACTAA,19.854664611816407
PEN,kmer,reg,k_CATCTCCCATTTTTTGTTCAA,19.438258361816406
PEN,kmer,reg,k_GAACCTTGGAAGACAATGGAC,19.31349391937256
PEN,kmer,reg,k_CCAAATGCGTAATGTAGATAA,19.150077044963837
PEN,kmer,reg,k_AGCTGATGGTCGCCGCCTTGA,19.020852303504945
PEN,kmer,reg,k_AAACCGATCACAGACTATGCT,18.807331848144532
PEN,kmer,reg,k_CGCAGCGGTGATTGGTGGCGC,18.622816467285155
PEN,kmer,reg,k_ACTTTGTTTGGCGTGATATCC,17.838917350769044
PEN,kmer,reg,k_AAAAGAAACCTCGTGTCTATA,17.179783630371094
PEN,kmer,reg,k_AAGGAAACATTACTTGACTGA,16.943362426757812
PEN,kmer,reg,k_ACTGAAATCCCTTGTCCAAAT,16.73052978515625
PEN,kmer,clf,k_ACCAGCAATCTAGAGTCTGCT,16.566603088378905
PEN,kmer,clf,k_AAGCCCCTCATTGATTTTACG,16.466044616699218
PEN,kmer,reg,k_AAAGGACCATTAGAGTATTCA,16.4609130859375
PEN,kmer,reg,k_ACGTGCTATTATTTAAGTATC,16.444984436035156
PEN,kmer,reg,k_ACCAATATCGGCGGTATAAAC,16.341192626953124
PEN,kmer,reg,k_ATGAGGATTGACCTTATAGAC,16.18019862473011
PEN,kmer,reg,k_AACGATAAGACAGGGATTTTG,15.831974411010743
PEN,kmer,clf,k_AAAACATCTACTGTTTTGAAA,15.800563049316406
PEN,kmer,reg,k_AACGATAGTAGCAGTTGAATC,15.518093872070313
PEN,kmer,reg,k_ATCATAGAGCGGTAAACTTTG,15.48234577178955
PEN,kmer,reg,k_AAATCAAGGGAATTCATCGTG,14.472412109375
PEN,kmer,reg,k_ATCAACTATGAAACCGATCAC,14.464692687988281
PEN,kmer,reg,k_AAAGGTACGAAGGGCACCTGC,14.314291954040527
PEN,kmer,reg,k_AACGTTTTGCGGATTATCATA,14.275779724121094
PEN,kmer,clf,k_AAACTGCCCAAAGGCATTAGT,14.184613037109376
PEN,kmer,clf,k_AATATTATCCGCAGGAAGCTG,14.158169364929199
PEN,kmer,clf,k_AGAGCGGTAAACTTTGGCAGC,14.070820617675782
PEN,kmer,reg,k_AAGATGGTCGAGAGCTAGCAA,14.022710037231445
PEN,kmer,reg,k_AATGAACTAGAAAGGAAATTA,13.95926847457886
PEN,kmer,clf,k_AAATAGATACTTAAATAATAG,13.758801555633546
PEN,kmer,clf,k_AACTGACTTGCATCATAACAG,13.70074462890625
PEN,kmer,reg,k_AAAGTTTACCGCTCTATGATG,13.158234405517579
PEN,kmer,reg,k_ATGGTTCCATAAACCGGATCC,12.643779754638672
PEN,kmer,reg,k_CTGCTCTGCTATGGCCTCCAA,12.5539794921875
PEN,kmer,clf,k_AAATTCAAGTTCTATATTGAG,12.539398002624512
PEN,kmer,clf,k_AACAATCGCGAAACGTCCCAG,12.457308197021485
PEN,kmer,reg,k_AACAACCTGAACATTATTCAG,12.0855224609375
PEN,kmer,reg,k_AAATGGCACTAATAAATTTAG,12.025460052490235
PEN,kmer,clf,k_AACGATAAGACAGGGATTTTG,11.71187210083008
PEN,kmer,clf,k_AAACATACGGTTATTGCCAAG,11.54415054321289
PEN,kmer,clf,k_ACTGTTTTGAAACAGACTAAA,11.441413879394531
PEN,kmer,reg,k_AACGACTAATTCATCATCTAC,11.3708984375
PEN,kmer,reg,k_AACCGTAAGCCTGAGTATACC,11.37044677734375
PEN,kmer,clf,k_AAACGACTGTTGAACCGAGCA,11.004792803525927
PEN,kmer,reg,k_AAAAACAGGTGCGGTTTTGTC,10.991348838806152
PEN,kmer,reg,k_ACTCTAGATTGCTGGTGCCGA,10.3400390625
PEN,kmer,reg,k_AAAAAATTGGAGATTCCTTTA,10.313185501098634
PEN,kmer,reg,k_AAAGGCAGGAGGTGTGGAGAA,10.233642578125
PEN,kmer,reg,k_AATTTGCCAATCCTATCTTGG,10.053076171875
PEN,kmer,clf,k_AACTATGAAACCGATCACAGA,10.017483520507813
PEN,kmer,clf,k_AAATGATTCGTGCCTTTACAG,9.635939788818359
PEN,kmer,reg,k_AAGGTTTTTATCAGGTTGCCC,9.517615127563475
PEN,kmer,clf,k_AATTTCCCCTGTTTTAGCACT,9.411790466308593
PEN,kmer,reg,k_AACTCTTTTTCACTCCCATCA,9.374848920106889
PEN,kmer,reg,k_AAAGGTTGAACGCAGTTTCTC,9.261464691162109
PEN,kmer,clf,k_ACGTGCTATTATTTAAGTATC,9.217118406295777
PEN,kmer,clf,k_AATTCTTTTTTGATAGACATC,9.1901460647583
PEN,kmer,reg,k_ATATCCTGCAAGGCTGAAATA,9.1390380859375
PEN,kmer,reg,k_AAGGGATTTCAGTGACCCAGA,9.104168701171876
PEN,kmer,reg,k_CATTGTCTTCCAAGGTTCAGC,9.050109100341796
PEN,kmer,reg,k_AAGGTGACACAATTGTAGGTC,9.036345672607421
PEN,kmer,clf,k_AATAGTAGTGAGTTAAAAATT,9.027312469482421
PEN,kmer,reg,k_ATTTAGGAAAGTCTTGGCGCG,8.804658508300781
PEN,kmer,reg,k_ACCGCTCTATGATGACCTACC,8.391085815429687
PEN,kmer,reg,k_ATTCGCTTGGCTGAGATATAG,8.22393798828125
PEN,kmer,clf,k_ACCGGATCCGTCCCTACCAAA,8.114749908447266
PEN,kmer,reg,k_AAACGTTTGCGGCTTTCCAGC,8.100430297851563
PEN,kmer,reg,k_AAAAAGATGCTAGAAAAGCTA,8.05906982421875
PEN,kmer,reg,k_AAAACGATGGCGTCGCTTGTT,8.057568359375
PEN,kmer,clf,k_ATATTCGCCAAAGGTTGAACG,7.909420013427734
PEN,kmer,reg,k_AAAAGATCCATATGCCAATTT,7.8998260498046875
PEN,kmer,reg,k_ATCTTGCTTCTGCACAGTAGA,7.57462158203125
PEN,kmer,clf,k_AAATAACTGACTTGCATCATA,7.511788177490234
PEN,kmer,reg,k_AAGGTATTATTATCAATAGAA,7.429638671875001
PEN,kmer,clf,k_ACCAGGTGAAATATCCTTGAT,7.385018920898437
PEN,kmer,reg,k_AATAGTTTGTTCTACGATAAA,7.29342041015625
PEN,kmer,clf,k_CATTGCTTGCTAGCTCTCGAC,7.256782531738281
PEN,kmer,reg,k_AATACGTAGAGAAACCAAGTC,7.1831298828125
PEN,kmer,reg,k_ACTGTTTTGAAACAGACTAAA,7.1146598815917965
PEN,kmer,reg,k_AAGATAATCAAGCCAGGTAGC,7.09588851928711
PEN,kmer,reg,k_ACCTCTGTTGCATCCACAATC,6.993881988525391
PEN,kmer,clf,k_AAATATCCTTGATGCTAGGCA,6.870652770996093
PEN,kmer,clf,k_AAGCACTTTACAGCTATAGAT,6.845069122314453
PEN,kmer,reg,k_ACCGGATCCGTCCCTACCAAA,6.830312347412109
PEN,kmer,reg,k_AAACATCTACTGTTTTGAAAC,6.7920989990234375
PEN,kmer,reg,k_AAATAAGAACAGTACAAATCG,6.779147338867188
PEN,kmer,reg,k_AAATAGGGAATGTCAATCTTA,6.49049072265625
PEN,kmer,reg,k_ACTGGGTGAATGGTCGCTGAA,6.4216064453125
PEN,kmer,reg,k_AGCACTTGTATAGTCAAAGAC,6.405810546875
PEN,kmer,reg,k_TAAACAAAGTATAAATTTCTA,6.3966268539428714
PEN,kmer,reg,k_AAAATCAAATTTTCCAGATAC,6.338623809814453
PEN,kmer,clf,k_AGGGCTGTGATAATCTCAAAC,6.335333251953125
PEN,kmer,reg,k_AAATAGATACTTAAATAATAG,6.317445564270019
PEN,kmer,reg,k_AATGTTTCCTTCGGAATTAAC,6.2295684814453125
PEN,kmer,reg,k_AAAACCAAATCGCCAGCTTGT,5.899276351928711
PEN,kmer,reg,k_AATATGGCTTGGGTACTGCGA,5.8924297332763675
PEN,kmer,clf,k_ATGACACCGTCATTAGCAATA,5.855932998657226
PEN,kmer,reg,k_AAGATCGCCTTTTTAGGAAGC,5.78070293366909
PEN,kmer,reg,k_AAGATAAAACTAAAAGGACTT,5.764027214050293
PEN,kmer,reg,k_ATCCTTGCCAAAGTAAAAACG,5.730624389648438
PEN,kmer,reg,k_AAAATCTTTAGTAAATTCTTC,5.706204223632812
PEN,kmer,reg,k_AAAGTAACTATGAACCAGGAT,5.670419430732727
PEN,kmer,reg,k_CATGATTGGTGGTTTGCTCGG,5.620293772220611
PEN,kmer,reg,k_AGGTTCGGTTGTCAAGGCGGC,5.614902114868165
PEN,kmer,reg,k_AGCAAACTCAAACCGCTAACA,5.608068078756332
PEN,kmer,reg,k_AATATTTGAGGATGCTCGCAA,5.5813335418701175
PEN,kmer,reg,k_AAATGCCTATCTTGCTTGGCT,5.57806396484375
PEN,kmer,reg,k_AAACATTGACAGCACCTGGAA,5.555562210083008
PEN,kmer,reg,k_AGGACGATTTATTTTTACCTC,5.55224609375
PEN,kmer,reg,k_ATCCAGCTTTGACCTTTGTTC,5.48243408203125
PEN,kmer,reg,k_GAAGCAAGTAAACAACTAACC,5.472060477733613
PEN,kmer,reg,k_AGGATATTTTAATGCCACAAC,5.45362548828125
PEN,kmer,reg,k_AAGTATCCCTACTCTTCTTTA,5.399776840209961
PEN,kmer,reg,k_AAATACAGCTGCTACAACTCT,5.385230636596679
PEN,kmer,reg,k_AAGACATCCACCTCTTGACCC,5.37978515625
PEN,kmer,clf,k_AATGGCCTTACGGTCGCTGCC,5.245235443115234
PEN,kmer,clf,k_CAGACTCTAGATTGCTGGTGC,5.232062530517578
PEN,kmer,clf,k_ATCGTCTGGGTAATATTGTAC,5.228908538818359
PEN,kmer,clf,k_AATGTAGATAAAACATCTACT,5.206878662109375
PEN,kmer,reg,k_AAAGGGAAATGGGATTACCTA,5.171745109558105
PEN,kmer,reg,k_TATGAGGATTGACCTTATAGA,5.125596618652343
PEN,kmer,reg,k_AAAAATCTTCCTCCCAAAAGA,5.086630249023438
PEN,kmer,reg,k_AAAAAACTTTATCTTTTCATG,5.0849127769470215
PEN,kmer,reg,k_GAACGAGCACTAGCGAGAGCA,5.0667724609375
PEN,kmer,clf,k_AAAAAGGTTGTGATTGCCTTG,4.990692138671875
PEN,kmer,reg,k_AAATCCACATAAAAATCAGCC,4.91609359383583
PEN,kmer,reg,k_AAAACAACTTTATCGGAGTCA,4.912980651855468
PEN,kmer,reg,k_AAACTCTAGATAATAATCTTC,4.894321191310882
PEN,kmer,reg,k_AAAGGTAGCACGAGAACCAGA,4.891032409667969
PEN,kmer,reg,k_AGATATGTATGGTTGGACAAA,4.843540000915527
PEN,kmer,clf,k_AAAGGTTGAACGCAGTTTCTC,4.833588790893555
PEN,kmer,reg,k_AAACATGGTCGAAAGTTTCGT,4.830080795288086
PEN,kmer,reg,k_AAAGAAAACGATGGCGTCGCT,4.8284912109375
PEN,kmer,reg,k_AACAGTGTTTTGAGCAGCCTA,4.820427703857422
PEN,kmer,clf,k_GAGGCTAGAAGCTCTCATGGC,4.797315979003907
PEN,kmer,clf,k_AACGTTTGGAAATGTCTATCT,4.765871810913086
PEN,kmer,reg,k_CCAAAATGCGGTTGATCCGTC,4.6698974609375
PEN,kmer,clf,k_ACACCGTCATTAGCAATAGCT,4.6543231964111325
PEN,kmer,reg,k_CTATATATTTTGTTTCTATTC,4.641690063476562
PEN,kmer,reg,k_CCATTGCCTACAAGTGGTGTC,4.598873519897461
PEN,kmer,clf,k_CTATCAAAAAAGAATTGGAAG,4.59039535522461
PEN,kmer,clf,k_AAATATTGTGCAACCAATCGT,4.5894512176513675
PEN,kmer,reg,k_AATGTAGATAAAACATCTACT,4.582619857788086
PEN,kmer,reg,k_AAGTCGCTTCACCATCCGCTG,4.5416748046875
PEN,kmer,reg,k_AATAATTCTGGAATATTTACA,4.506533813476563
PEN,kmer,clf,k_AAAAAGATGCTAGAAAAGCTA,4.499921417236328
PEN,combined,reg,k_AAGGTCGGTCTAGATAGAGCT,984.125
PEN,combined,reg,k_ACTTGAAATGGCGTTTGCATA,767.9084228515625
PEN,combined,reg,k_ATCATCCCACCAGTAGTCAAA,661.8806396484374
PEN,combined,reg,k_AACCTTGGAAGACAATGGACT,532.5457214355469
PEN,combined,reg,k_ACTGTTCAGCAGAGATGTAGC,513.4171875
PEN,combined,reg,k_AAGGCTACATCTCTGCTGAAC,438.757373046875
PEN,combined,reg,k_CTTATGGGGCAAACCTATCAA,432.351171875
PEN,combined,reg,k_AAATGGCGTTTGCATAATGCA,429.7709106445313
PEN,combined,reg,k_AAAGTCATCATCCCACCAGTA,358.4415771484375
PEN,combined,reg,k_AGAATACTTACGAGTATAACC,354.95645351409905
PEN,combined,reg,k_CAATTCTTGGTATACTCAGGC,336.86494140625
PEN,combined,reg,k_AAAACCTTCCTTAATGGTCTT,277.62123083770274
PEN,combined,reg,k_AATGGAGTCTTGTCAGGAAAC,222.840087890625
PEN,combined,reg,k_AACATTACTGGAGTGAGCGAA,190.9428955078125
PEN,combined,reg,k_CAGGTTCGGTTGTCAAGGCGG,150.1872772216797
PEN,combined,reg,k_AGTACCCAAGCCATATTCGCC,146.7512939453125
PEN,combined,reg,k_AATCTAGAGTCTGCTATGGAG,137.55323486328126
PEN,combined,reg,k_AAAGTCTCAACGGCTGTGACA,125.55624999999999
PEN,combined,reg,k_AGTCTAACTCGGACTAACATG,95.85281982421876
PEN,combined,reg,k_AAACGACTGTTGAACCGAGCA,92.93612365722656
PEN,combined,reg,k_CCATTGCCTACAAGTGGTGTC,72.82510375976562
PEN,combined,reg,k_ATCAATTCTTGGTATACTCAG,72.28004150390625
PEN,combined,reg,k_AAATGAGCTTTGAGCAATACT,70.55443725585937
PEN,combined,reg,k_CAAACGACTGTTGAACCGAGC,67.36239929199219
PEN,combined,reg,k_AAGGTATTATTATCAATAGAA,62.61745071411133
PEN,combined,reg,k_AATAGCCTGTCCATACAGCCA,62.2854362487793
PEN,combined,reg,k_AAAAGTGGTTTTTGAAAGCCG,59.962255859375
PEN,combined,reg,k_AGAGCGGTAAACTTTGGCAGC,56.29307861328125
PEN,combined,reg,k_AATACTCCAGAGCTTGGACCG,56.04256591796875
PEN,combined,reg,k_GATTATACATAGTTCCATATA,53.569696044921876
PEN,combined,reg,k_AACTATGAAACCGATCACAGA,42.685629272460936
PEN,combined,clf,k_AATGGCCTTACGGTCGCTGCC,40.805398559570314
PEN,combined,reg,k_AACAAAGACATTGGTTACCGT,40.37064514160156
PEN,combined,clf,k_CCCTATTTAGTAGCCAATTCA,40.03271484375
PEN,combined,clf,k_AAAGAATCTCTCAATCTTCAA,38.818521118164064
PEN,combined,clf,k_AACTGTAACTGTTCCTGGGCA,38.78348083496094
PEN,combined,reg,k_AAAACCACATCAAGACCTCTC,37.01471862792969
PEN,combined,reg,k_CTACGGTCGTAGATGTTTCAA,34.562014770507815
PEN,combined,reg,k_AAATAAGACTTAGAAGCAAAC,32.489157104492186
PEN,combined,clf,k_AACCTGAACATTATTCAGGTA,30.350308227539063
PEN,combined,clf,k_AACAATCGCGAAACGTCCCAG,27.7438232421875
PEN,combined,reg,k_ATTTAGGAAAGTCTTGGCGCG,27.342074584960937
PEN,combined,clf,k_AGAGCGGTAAACTTTGGCAGC,26.948773193359376
PEN,combined,reg,k_AGGTCATCATAGAGCGGTAAA,26.77697715759277
PEN,combined,reg,k_ACTTTGTTTGGCGTGATATCC,26.732402801513672
PEN,combined,reg,k_ACCAATATCGGCGGTATAAAC,24.7505615234375
PEN,combined,reg,k_AATCAGACAAAAAATATGGAG,22.240771484375
PEN,combined,clf,k_CTAACGGTAAAGTCATTGCCC,22.11907196044922
PEN,combined,reg,k_CATCGTGAACGATAGTAGCAG,21.86531982421875
PEN,combined,reg,k_AAATGCGTAATGTAGATAAAA,21.76893768310547
PEN,combined,reg,k_AACAGTCGTTTGCAGCAGAGG,21.057539439201353
PEN,combined,reg,k_AGAAAAAAGCTCCTATACGGC,20.766539001464842
PEN,combined,reg,k_AAAGTTTACCGCTCTATGATG,20.282642364501953
PEN,combined,reg,k_AAGATGTTCGTGCTAACACAG,20.25218734741211
PEN,combined,clf,k_AAAGAGACTTCTGTAGAAGAA,20.113548278808594
PEN,combined,reg,k_AAAGATAGAAGAATATCTGGA,20.026730346679688
PEN,combined,clf,k_AGCTAGTCTAACTCGGACTAA,19.820384216308593
PEN,combined,reg,k_AATGTTTCCTTCGGAATTAAC,18.874174499511717
PEN,combined,reg,k_AACGATAAGACAGGGATTTTG,18.658755683898924
PEN,combined,clf,k_AATAGATACTTAAATAATAGC,18.28903274536133
PEN,combined,reg,k_ACCTTGGAGGCCATAGCAGAG,17.85008544921875
PEN,combined,reg,k_ACAATTGTAGGTCTAGCACTA,17.695042419433594
PEN,combined,reg,k_AACGATAGTAGCAGTTGAATC,17.689981079101564
PEN,combined,clf,k_AAAGGCATTAGTAATGTAATT,17.445169067382814
PEN,combined,reg,k_AATCCGCAAAACGTTCTTGCA,17.383612060546874
PEN,combined,clf,k_AAATAACTGACTTGCATCATA,17.168121337890625
PEN,combined,clf,k_AGGATTAAGCCCCTCATTGAT,17.10382995605469
PEN,combined,reg,k_AAAAGAAACCTCGTGTCTATA,17.092375183105467
PEN,combined,reg,k_AACGTTTTGCGGATTATCATA,16.8938232421875
PEN,combined,reg,k_AGGTTCGGTTGTCAAGGCGGC,16.605402374267577
PEN,combined,clf,k_ACCAGCAATCTAGAGTCTGCT,16.474349975585938
PEN,combined,reg,k_ACATTACGCATTTGGAATACC,16.076751708984375
PEN,combined,reg,k_CTTTAGAAGGCATCAATCGCA,16.058981323242186
PEN,combined,reg,k_AAGGGACTGTTTATAAGTGTA,15.776027904450894
PEN,combined,clf,k_AACTGACTTGCATCATAACAG,15.746571350097657
PEN,combined,reg,k_AAGGTCTGGTTTCCTGACAAG,15.58607177734375
PEN,combined,reg,k_ATGAGGATTGACCTTATAGAC,15.247730255126953
PEN,combined,reg,k_TATGAGGATTGACCTTATAGA,15.0463134765625
PEN,combined,reg,k_AAGAACGTTTTGCGGATTATC,14.6872314453125
PEN,combined,clf,k_AGATTTCCGAGCAGTTTGATC,14.639326477050782
PEN,combined,reg,k_ATCATAGAGCGGTAAACTTTG,14.476258850097656
PEN,combined,clf,k_CCAGCTAGGAGCACGCCATCA,14.247506713867187
PEN,combined,reg,k_AAACCGATCACAGACTATGCT,14.15527114868164
PEN,combined,reg,k_GAACCTTGGAAGACAATGGAC,14.065785217285157
PEN,combined,clf,k_ACGTGCTATTATTTAAGTATC,14.0590984582901
PEN,combined,reg,k_AGGAAACCAGACCTTGACAGA,13.874184036254883
PEN,combined,reg,k_AAAGTAACTATGAACCAGGAT,13.697208845615389
PEN,combined,reg,k_ACATGGTTCCATAAACCGGAT,13.666426086425782
PEN,combined,clf,k_AAGCACTTTACAGCTATAGAT,12.855014038085937
PEN,combined,reg,k_AACTTCCAGCTGATAATATTG,12.765489006042479
PEN,combined,reg,k_AAGGTGACACAATTGTAGGTC,11.982687377929688
PEN,combined,reg,k_ACTTTGATAAAGAATATCACG,11.941929340362549
PEN,combined,clf,k_AATGAGGGGCTTAATCCTAAG,11.792845916748046
PEN,combined,clf,k_AAAGGTTGAACGCAGTTTCTC,11.76283950805664
PEN,combined,clf,k_AGAGATTCTTTCATAGCTGAA,11.716712188720702
PEN,combined,reg,k_AAGGAAACATTACTTGACTGA,11.656864166259766
PEN,combined,clf,k_AGAATTTCCCCTGTTTTAGCA,11.603312683105468
PEN,combined,clf,k_AATGTAGATAAAACATCTACT,11.528946685791016
PEN,combined,clf,k_TATGAGGATTGACCTTATAGA,11.497637152671814
PEN,combined,clf,k_ACTGTTTTGAAACAGACTAAA,11.394842529296875
PEN,combined,reg,k_AACAACTAATTCATCATCTAC,11.3708984375
PEN,combined,reg,k_ACAAGGGATTTCAGTGACCCA,11.150634765625
PEN,combined,reg,k_CAAATGCGTAATGTAGATAAA,11.122535705566406
PEN,combined,reg,k_ACGAACATCTTGCTTCTGCAC,11.1148193359375
PEN,combined,reg,k_AAATTCAAGTTCTATATTGAG,11.094550323486327
PEN,combined,reg,k_AATTTTTGCTTAGGATTAAGC,10.89056396484375
PEN,combined,reg,k_AATGAACTAGAAAGGAAATTA,10.206276202201844
PEN,combined,reg,k_AAACATCTACTGTTTTGAAAC,10.134521484375
PEN,combined,reg,k_AGAAATTTATACTTTGTTTAT,10.097754669189452
PEN,combined,clf,k_AAATTCAAGTTCTATATTGAG,10.070966529846192
PEN,combined,reg,k_AGGACGATTTATTTTTACCTC,10.066796875000001
PEN,combined,reg,k_AAAGGCCTGTTCTAACATACT,9.85400848388672
PEN,combined,clf,k_ACTTGAGGGCTACATTTTGCC,9.846079635620118
PEN,combined,reg,k_ACCGGATCCGTCCCTACCAAA,9.776004028320312
PEN,combined,clf,k_AACGATAAGACAGGGATTTTG,9.715536499023438
PEN,combined,clf,k_AACTATGAAACCGATCACAGA,9.695694732666016
PEN,combined,reg,k_CTTTGGCTTGACAGATGAATA,9.628115844726562
PEN,combined,reg,k_AACGTTTGGAAATGTCTATCT,9.3688720703125
PEN,combined,clf,k_AAACGACTGTTGAACCGAGCA,9.350132048130035
PEN,combined,reg,k_TAAACAAAGTATAAATTTCTA,8.98176383972168
PEN,combined,reg,k_AACCTGAGCTGATGGTCGCCG,8.927587890625
PEN,combined,reg,k_CCGAGCATGAATGTGAGTGAC,8.794091796875
PEN,combined,reg,k_CCAAATGCGTAATGTAGATAA,8.702500915527343
PEN,combined,reg,k_AATAGATACTTAAATAATAGC,8.504238891601563
PEN,combined,reg,k_AATTTGCCAATCCTATCTTGG,8.372348022460937
PEN,combined,reg,k_AAAAACAGGTGCGGTTTTGTC,8.258700811862946
PEN,combined,reg,k_AACTATACAGACGAGGAAATT,8.243112945556641
PEN,combined,reg,k_ACCGCTCTATGATGACCTACC,8.185577392578125
PEN,combined,reg,k_AAATAGATACTTAAATAATAG,8.177216553688048
PEN,combined,reg,k_AAAAAATTGGAGATTCCTTTA,7.9384517759084705
PEN,combined,reg,k_AAAGGGAAATGGGATTACCTA,7.895428848266602
PEN,combined,clf,k_AAGCCCCTCATTGATTTTACG,7.75958251953125
PEN,combined,clf,k_AACAGTTACAGTTGGCTTGCC,7.552695465087891
PEN,combined,reg,k_CTCTTGCTGTTTCACTTCCAG,7.537122595310212
PEN,combined,clf,k_AAATAGATACTTAAATAATAG,7.421479797363282
PEN,combined,reg,k_CGCAGCGGTGATTGGTGGCGC,7.42109375
PEN,combined,reg,k_AAAAGACGCAAGTTGGTCAAG,7.4186112701892855
PEN,combined,reg,k_ATGGTCGAGAGCTAGCAAGCA,7.3689208984375
PEN,combined,reg,k_AAAAATCTTCCTCCCAAAAGA,7.217100811004638
PEN,combined,clf,k_AAATATTGTGCAACCAATCGT,7.0597381591796875
PEN,combined,reg,k_CTCTGTAAAGGCCTGTTCTAA,7.040862274169922
PEN,combined,reg,k_AAATCACCAGGTGAAATATCC,7.0281494140625
PEN,combined,reg,k_AGCCTATCGGGCTGGAATCGA,6.933325362205505
PEN,combined,clf,k_AAATCACCAGGTGAAATATCC,6.9012939453125
PEN,combined,reg,k_ACTGTTTTGAAACAGACTAAA,6.886027526855469
PEN,combined,clf,k_AATTTCCCCTGTTTTAGCACT,6.841070556640625
PEN,combined,reg,k_AAAAGTCCACCCATGCCAACT,6.783651733398438
PEN,combined,reg,k_AAATTTGTAGTTATAAGTCAA,6.7796630859375
PEN,combined,reg,k_AAAGGTTGAACGCAGTTTCTC,6.7125091552734375
PEN,combined,clf,k_AAAGTATTTCTTGAGGGTTGC,6.6844322204589846
PEN,combined,reg,k_AAAAAATCAGAATAAAGAAAA,6.624658203125
PEN,combined,reg,k_AATATTATCCGCAGGAAGCTG,6.5805908203125
PEN,combined,reg,k_CTTCTTTGTCAAAATTCTCAC,6.44736328125
PEN,combined,reg,k_AAGATAAAACTAAAAGGACTT,6.383164763450623
PEN,combined,reg,k_AATTCTCTTATTGTTGTAATA,6.38012351989746
PEN,combined,reg,k_ACTGAAATCCCTTGTCCAAAT,6.3776287078857425
PEN,combined,reg,k_AAGGATAAGATCGCCTTTTTA,6.366943359375
PEN,combined,reg,k_AGCTGATGGTCGCCGCCTTGA,6.347397232055664
PEN,combined,reg,k_AAAGTCGTCTTTAGTGATGGG,6.318315887451172
PEN,combined,reg,k_AAAACAATAGGCTGATCTGTT,6.300992870330811
PEN,combined,clf,k_ACTCAAGTAACGTTGGGATGA,6.186431503295898
PEN,combined,reg,k_GAGTTAGCTGACTTTGAAACA,6.182306098937988
PEN,combined,clf,k_AAAAAGATGCTAGAAAAGCTA,6.159324645996094
PEN,combined,reg,k_ACGTGCTATTATTTAAGTATC,6.1546201467514035
PEN,combined,clf,k_ATATTCGCCAAAGGTTGAACG,6.132707595825195
PEN,combined,reg,k_AAAAACAGCCCCTGAGGACTG,6.0838134765625
PEN,combined,reg,k_AAACATTACTTGACTGATGGC,5.981138229370117
PEN,combined,reg,k_AATCTGTCCCGTAGGCAAGTC,5.90972900390625
PEN,combined,reg,k_ATCCTTGCCAAAGTAAAAACG,5.8547309875488285
PEN,combined,clf,k_ATGGCGTGCTCCTAGCTGGGC,5.813634872436523
PEN,combined,reg,k_AAAGTAGTGATTGTCTTTATC,5.805120849609375
PEN,combined,reg,k_AAAAGATGCGCTATAACCTCG,5.791848754882812
PEN,combined,reg,k_AATGCTAAACTTATCCAAAAA,5.651787628233433
PEN,combined,reg,k_AATTCTTTTTTGATAGACATC,5.587394189834594
PEN,combined,clf,k_ACCAGGTGAAATATCCTTGAT,5.57507438659668
PEN,combined,reg,k_CTGATGAACTGCTATTGGCAA,5.566253662109375
PEN,combined,reg,k_AATACGTAGAGAAACCAAGTC,5.538421630859375
PEN,combined,reg,k_ACCAGTCAAGAACAGACTGGA,5.472034001350403
PEN,combined,reg,k_ATTTCCTTTCTAGTTCATTGG,5.388371109962463
PEN,combined,reg,k_ACCATGGGCAACCTGATAAAA,5.387907409667969
PEN,combined,reg,k_AAGCTGTAGTCAGGATTAGGC,5.315916442871094
PEN,combined,reg,k_AAATCGTGCATTGTTTTGCTT,5.30853271484375
PEN,combined,reg,k_AAGAGTATAATACTAGACTAA,5.278826904296875
PEN,combined,reg,k_AAGCTGACCAGCATACTCATC,5.2396240234375
PEN,combined,clf,k_ATGGAACCATGTATAACCACA,5.20861930847168
PEN,combined,reg,k_AAAGGTAGCACGAGAACCAGA,5.157170104980469
PEN,combined,reg,k_CCAAAATGCGGTTGATCCGTC,5.1298583984375
PEN,combined,clf,k_ATGACACCGTCATTAGCAATA,5.1211097717285154
PEN,combined,reg,k_AAAAAAAGTCAAAAATTACAT,5.08966064453125
PEN,combined,clf,k_AAAACATCTACTGTTTTGAAA,4.955020523071289
PEN,combined,clf,k_AATTCTTTTTTGATAGACATC,4.93685212135315
PEN,combined,reg,k_AACCATAGGCATACAAAGCAT,4.933711242675781
PEN,combined,reg,k_ATCGTAGACAAGTGTTTTATA,4.9099571228027346
PEN,combined,reg,k_AATCGCTTGCTCCCTCTCCTG,4.774748992919922
PEN,combined,reg,k_ACATTTGTGTAGACATCCATC,4.737060546875
PEN,combined,reg,k_AAGTGGACCGCACTCTGAACC,4.686954498291016
PEN,combined,reg,k_AAGCTCCACCGTAAACGTATC,4.6853790283203125
PEN,combined,clf,k_CAACGTTTGGAAATGTCTATC,4.659838104248047
PEN,combined,reg,k_AAACATCGATTGTGGGAGTGA,4.639801034331321
PEN,combined,reg,k_AAACAGCCTTAGGTCTTATGG,4.618348580598831
AMC,kmer,reg,k_AACATCCCAATCTCGAGTCGT,1883.3099365234375
AMC,kmer,reg,k_ATCATCCCACCAGTAGTCAAA,1135.774267578125
AMC,kmer,reg,k_AAGTTGACCAGCGTATTCATC,687.3109741210938
AMC,kmer,reg,k_AAAAATGGAGGATACTTGGTT,425.6284545898437
AMC,kmer,reg,k_AGAATACTTACGAGTATAACC,364.04810256958007
AMC,kmer,reg,k_AAGGTCGGTCTAGATAGAGCT,331.1917419433594
AMC,kmer,reg,k_ACTTGAAATGGCGTTTGCATA,274.99130859375
AMC,kmer,reg,k_AGGTCATCATAGAGCGGTAAA,263.53318149149413
AMC,kmer,reg,k_CTTTGGCTTGACAGATGAATA,230.81518936157227
AMC,kmer,reg,k_CATCAATTCTTGGTATACTCA,229.21845703125
AMC,kmer,reg,k_AACCGTCTGACACCACTTGTA,212.821484375
AMC,kmer,reg,k_AACAAAAAATGGGAGATGCTA,181.266064453125
AMC,kmer,reg,k_AAAGTTTACCGCTCTATGATG,148.37456207275392
AMC,kmer,reg,k_AAAAGATCCATATGCCAATTT,148.2205810546875
AMC,kmer,clf,k_AAAAAATGGGAGATGCTACTT,140.51641540527345
AMC,kmer,reg,k_AACCTTGGAAGACAATGGACT,136.81925048828126
AMC,kmer,reg,k_AAAGCAAGTCTTCTTTTCTAT,132.30465087890624
AMC,kmer,reg,k_AAAACAGGAACCTCTAACTAT,115.89276123046875
AMC,kmer,clf,k_AAGACCAAGTTTCGGCGGTCT,112.49915618896485
AMC,kmer,reg,k_AGCTGATGGTCGCCGCCTTGA,104.65283584594727
AMC,kmer,reg,k_AAAACCTTCCTTAATGGTCTT,98.89122129082679
AMC,kmer,reg,k_ATGAGGATTGACCTTATAGAC,95.91948852539062
AMC,kmer,reg,k_ATCAATTCTTGGTATACTCAG,89.28111572265625
AMC,kmer,clf,k_AAAACGCTTTAAATTTGGGGT,87.12100219726562
AMC,kmer,reg,k_AATGTAGATAAAACATCTACT,83.4705078125
AMC,kmer,reg,k_AAATGCCTATCTTGCTTGGCT,82.01489868164063
AMC,kmer,reg,k_AGATGGGAGATGCTACCTGGC,76.24931030273437
AMC,kmer,reg,k_ATCCCAATCTCGAGTCGTCGC,75.996826171875
AMC,kmer,reg,k_AATACGTAGAGAAACCAAGTC,71.423055267334
AMC,kmer,reg,k_CTACGGTCGTAGATGTTTCAA,71.01013793945313
AMC,kmer,clf,k_CAATACACCAATTACTGATGG,70.2902603149414
AMC,kmer,reg,k_ACAGGAACCTCTAACTATACA,68.51872680187225
AMC,kmer,clf,k_AAGCCAAGGAAACAAAACAAA,63.996126079559325
AMC,kmer,reg,k_AAGATAGGATTGGCAAATTCT,59.98104248046875
AMC,kmer,reg,k_CATTGTCTTCCAAGGTTCAGC,55.32459716796875
AMC,kmer,reg,k_GGTTAGTATGGAAAGAAAACA,55.2580810546875
AMC,kmer,clf,k_ATACTTGGGTAGTCGATTCCG,53.629052734375
AMC,kmer,clf,k_AAGCTTTATCAGGCTCTTACT,53.41434326171875
AMC,kmer,clf,k_AACAAAAAATGGGAGATGCTA,53.395751953125
AMC,kmer,reg,k_ACCCATGCCAACTTCCATGAT,52.60265502929688
AMC,kmer,reg,k_AAAACCACATCAAGACCTCTC,49.75916748046875
AMC,kmer,clf,k_ACAGAGGACTTTGTTTGGCGT,48.12885437011719
AMC,kmer,reg,k_CACGGACAAATCTTGGATGAG,47.630923461914065
AMC,kmer,reg,k_AACGATAAGACAGGGATTTTG,44.66321029663086
AMC,kmer,reg,k_AAATAAATGCCATACCAGAGA,44.368804931640625
AMC,kmer,clf,k_AGCTGCCAGCATCCCACCTAG,43.729556274414065
AMC,kmer,reg,k_AAATCAATCAGGAGATGACCT,43.1336669921875
AMC,kmer,clf,k_AAAGAGGTTGATACAGGTGTT,42.12467651367187
AMC,kmer,reg,k_TCATTAACGTCCCAATCTCGA,41.32911376953125
AMC,kmer,reg,k_AACAGTCGTTTGCAGCAGAGG,41.18011315464974
AMC,kmer,clf,k_AACTCCGATCAATACGTCTCT,40.623068237304686
AMC,kmer,reg,k_AAACAGTCCCTTGGACTTCTT,39.275167441368104
AMC,kmer,clf,k_AAGCCATTGACAGTCAAGTCT,39.25399398803711
AMC,kmer,reg,k_AAACGACTGTTGAACCGAGCA,38.59649243354797
AMC,kmer,clf,k_AATTGACCACCATCCGAAAAG,38.501338887214665
AMC,kmer,reg,k_AAAACGATGGCGTCGCTTGTT,38.28722152709961
AMC,kmer,clf,k_AAGTCATGTTTAATCCCTGAC,37.89312162399292
AMC,kmer,reg,k_AAGGTGACACAATTGTAGGTC,37.822808837890626
AMC,kmer,reg,k_AAGACAATGGACTGGTCTGTC,37.69306945800781
AMC,kmer,reg,k_AAGTTGATTGATCGTATTGAA,36.11315689086914
AMC,kmer,clf,k_TTAGAGGTGGCTTGAAATAAA,35.789999389648436
AMC,kmer,clf,k_AAGCAGCCCAAGACCGCCGAA,34.46524505615235
AMC,kmer,reg,k_CCGATGCGCCGTCACTATGCC,33.4039306640625
AMC,kmer,reg,k_ACAAGAGAAAGACTCCTAGCA,32.954833984375
AMC,kmer,reg,k_AAAGTCTCAACGGCTGTGACA,32.21640548706054
AMC,kmer,reg,k_AAATGCCCGATTGTGCTCGAT,31.604840087890626
AMC,kmer,clf,k_CGACTGCATAGACACCTTCAG,31.200967407226564
AMC,kmer,clf,k_AGTTGTCAATCCACTAGTACC,31.000061750411987
AMC,kmer,reg,k_AAAAGGGGGCTTACTTGGGAC,30.0920654296875
AMC,kmer,reg,k_AAAACACCATTTTCCCAACCT,29.740357971191408
AMC,kmer,reg,k_AATCACAACAGGCTCATTCAT,29.10245361328125
AMC,kmer,clf,k_AAGACCAATTTCAAGGTGTTA,29.067303466796876
AMC,kmer,reg,k_ACGGTCTTAGGGACAGTATCA,28.973455810546874
AMC,kmer,reg,k_ACTATATCGAGCACAATCGGG,28.88828125
AMC,kmer,reg,k_AGGGCTGTGATAATCTCAAAC,27.89365234375
AMC,kmer,reg,k_AAGGTATTTCAGTTCCCCAAA,27.8272216796875
AMC,kmer,clf,k_AAGACAATGGCTGCGATAACC,27.69468994140625
AMC,kmer,clf,k_CTATGCAGTCGCCCTTAACCC,27.577059936523437
AMC,kmer,clf,k_AACCCTGATTTTACTTATTCT,27.30941162109375
AMC,kmer,reg,k_AAGAATTGATGGGAGCTGAAC,26.851107788085937
AMC,kmer,reg,k_AAATACCTTGGGTATCTATAT,26.28995361328125
AMC,kmer,clf,k_AAACAGCTATGGGAAAACTTC,26.22521057128906
AMC,kmer,reg,k_CAAACGACTGTTGAACCGAGC,26.168894112110138
AMC,kmer,reg,k_AATTCCTAATGTCCGACTCAT,26.076260876655578
AMC,kmer,reg,k_CCAAGATTTGTCCGTGGTCAG,25.5774033293128
AMC,kmer,clf,k_AATGCTTACATGGTTCAAACC,25.00375919342041
AMC,kmer,reg,k_AATGAACTAGAAAGGAAATTA,24.726423454284667
AMC,kmer,clf,k_AATACGTAGAGAAACCAAGTC,24.12468566894531
AMC,kmer,reg,k_AAAAAAATTATTTTGAAGCAA,23.856341552734374
AMC,kmer,reg,k_ACGATGGCGTCGCTTGTTTAG,23.7408935546875
AMC,kmer,reg,k_ATGCTATAAATTCTATCATGC,23.525833129882812
AMC,kmer,clf,k_ACTGGCTACGTAGCTCCAGAT,23.27383918762207
AMC,kmer,reg,k_AAATGAGCTTTGAGCAATACT,22.919378969073296
AMC,kmer,clf,k_TGGCAAATTCTCCCAACTGAA,22.790206909179688
AMC,kmer,reg,k_ACTTTGTTTGGCGTGATATCC,22.68157933354378
AMC,kmer,clf,k_AGCATGTTTTAAAATGAAAGA,22.45684814453125
AMC,kmer,reg,k_AAGAGAAAGACTCCTAGCAGA,22.272821271419524
AMC,kmer,reg,k_ACCGAGAACCTTCTCAAAAAT,21.934210205078127
AMC,kmer,clf,k_AAGCACTTATACATGAAGGAC,21.90448455810547
AMC,kmer,reg,k_ATCCTACTCATCACACTATAC,21.59573974609375
AMC,kmer,reg,k_AATAGATACTTAAATAATAGC,21.18240852057934
AMC,kmer,clf,k_AAGTCACCAGCAGCCGCGAAT,21.139590454101562
AMC,kmer,reg,k_AATAGTTCTACAATACGTAGA,20.79633483886719
AMC,kmer,clf,k_AAAACACCATTTTCCCAACCT,20.276932907104495
AMC,kmer,reg,k_CCCGTCAAAGTATTTCTTAAG,20.120037871599195
AMC,kmer,reg,k_ATTATTATCAATAGCAGCAGC,20.11487731933594
AMC,kmer,reg,k_AAATTGGGTACTACATTGAAA,20.0410400390625
AMC,kmer,reg,k_AAATTCTCCCAACTGGATACC,19.98236999511719
AMC,kmer,reg,k_AAAACAATTTTTAAACCTACC,19.972470092773438
AMC,kmer,reg,k_ACTTTGATAAAGAATATCACG,19.639093017578126
AMC,kmer,reg,k_AAGGAATTTCAGTGACACAAA,19.44987335205078
AMC,kmer,clf,k_ACAAGAGAAAGACTCCTAGCA,19.019638061523438
AMC,kmer,clf,k_AAAACAATGGCGTCGCTTGTT,18.56922149658203
AMC,kmer,reg,k_AAAACAGTAGATGTTTTATCT,18.205563354492188
AMC,kmer,reg,k_AGATTGGGACGTTAATGAAGG,18.151760864257813
AMC,kmer,reg,k_AACCTCCAAGGCCTCCAACCT,17.9997802734375
AMC,kmer,reg,k_AACTCCAACCGATCTTTTAAA,17.240625
AMC,kmer,reg,k_AATAACACCTGTATCAACCTC,17.077273198962214
AMC,kmer,clf,k_AAAACAATAGGCTGATCTGTT,17.009320640563963
AMC,kmer,reg,k_AAAAGAAACCTCGTGTCTATA,16.969642639160156
AMC,kmer,clf,k_ACCAGTCTGACCAAACAGGTC,16.840513610839842
AMC,kmer,clf,k_AATAACACCTGTATCAACCTC,16.793865966796876
AMC,kmer,clf,k_AAAAATCAAGAGTAAATCCGC,16.627792358398438
AMC,kmer,clf,k_ACCCACCCACTTACTTTAGAG,16.547511291503906
AMC,kmer,clf,k_ACCTACCATGGCTTCCACAAG,16.44556427001953
AMC,kmer,reg,k_AATAAGTGAAAATATAATAAC,16.046730041503906
AMC,kmer,clf,k_ATCCCAATCTCGAGTCGTCGC,15.84622383117676
AMC,kmer,reg,k_CTATAAATTCTATCATGCAAA,15.532284545898438
AMC,kmer,clf,k_AAGAGAAAGACTCCTAGCAGA,15.364653015136719
AMC,kmer,reg,k_GCAAGGAATTTCAGTGACACA,15.358277893066406
AMC,kmer,clf,k_AAAACCTTCCTTAATGGTCTT,15.09361572265625
AMC,kmer,reg,k_AACTATGAGCCAGGTTCCACT,15.005354309082032
AMC,kmer,clf,k_AAACCAATATGACCCCTATTC,14.854981994628906
AMC,kmer,reg,k_CAATGACTATGAAGCTTTCAA,14.706173706054688
AMC,kmer,reg,k_AAAAACCTTGGTGCAAGATGC,14.637451028823852
AMC,kmer,clf,k_GAGTCAGAAAACTGCCTTAGA,14.525819396972656
AMC,kmer,clf,k_ACTTTCAAGTCACCAGCAGCC,14.452877807617188
AMC,kmer,reg,k_AATTTGCCAATCCTATCTTGG,14.376690673828126
AMC,kmer,reg,k_AAAGTGAATCAAATCATCACT,14.208090209960938
AMC,kmer,reg,k_ACGTGCTATTATTTAAGTATC,14.189582252502442
AMC,kmer,clf,k_AGTCCGGACGATATCAATCTC,14.014816284179688
AMC,kmer,reg,k_AAGAAGTGGGAGAGATCAGTC,13.99235179424286
AMC,kmer,reg,k_AATATCCACTAAACTCATAGC,13.97198486328125
AMC,kmer,reg,k_ATCTCTCCCACTTCTTCATAG,13.87312297821045
AMC,kmer,reg,k_CTTTATCAAAGTAACTATGAA,13.815171813964843
AMC,kmer,reg,k_CCAAATGCGTAATGTAGATAA,13.689866638183593
AMC,kmer,clf,k_AAAATGGTGGAGCCAAGTATT,13.311241149902344
AMC,kmer,clf,k_AGAGATAGCTGCCAGCATCCC,13.278190612792969
AMC,kmer,reg,k_AAGCGACCTTGTCTGACAGCA,13.24613652229309
AMC,kmer,reg,k_AAATAATTCATACTCTTTTTC,13.08984375
AMC,kmer,reg,k_AGTTATAGGGCTCATCGTGAA,13.01715087890625
AMC,kmer,clf,k_AAAAAACCGCTTTGCAACGGC,12.897152709960938
AMC,kmer,clf,k_AACTAGGAAACCATCTCCAAC,12.682592010498047
AMC,kmer,reg,k_AGCCTTCGTCCTTGACCAAAC,12.664554923772812
AMC,kmer,reg,k_AACCGAAAGTCGCAAACCGCT,12.461669921875
AMC,kmer,clf,k_ACAGTACATGTCACAAGAAAA,12.302972769737245
AMC,kmer,reg,k_ACGTCCAGTTGTCAATCCACT,12.1662109375
AMC,kmer,clf,k_AAAAACAGCCCCTGAGGACTG,12.145358276367187
AMC,kmer,reg,k_AAGGACCTTAGCCCCTTCGAT,11.983833521604538
AMC,kmer,clf,k_ACAAGGTTTGTACTGCCCCCC,11.94695816040039
AMC,kmer,clf,k_AAAATCAAATTTTCCAGATAC,11.89171905517578
AMC,kmer,clf,k_AAGGTCTTTATGGGTGATGTG,11.7272705078125
AMC,kmer,reg,k_CATTGTCGCCAATCTGGCTGG,11.675149536132812
AMC,kmer,clf,k_AGCTGAACCTTGGAAGACAAT,11.593071556091308
AMC,kmer,reg,k_AACCCTATGAAGAAGTGGGTG,11.536043739318849
AMC,kmer,reg,k_AACAAACAGAAAGCAATCCCA,11.3707763671875
AMC,kmer,reg,k_AAACTCGCATTGCCAATACCA,11.226462791860104
AMC,kmer,reg,k_TAAACAAAGTATAAATTTCTA,11.150741577148438
AMC,kmer,clf,k_ATGTCAGGGATTAAACATGAC,11.1314697265625
AMC,kmer,clf,k_AGCACCTTTCTTTCGAAAATA,11.117082977294922
AMC,kmer,reg,k_ACCGCTCTATGATGACCTACC,11.114163970947265
AMC,kmer,reg,k_AGGGCTCATCGTGAACGATAG,11.081501770019532
AMC,kmer,reg,k_AAAGGATATCACGCCAAACAA,10.987493896484375
AMC,kmer,reg,k_AACTCGCTTTGGCTTGACAGA,10.902016437053682
AMC,kmer,reg,k_AAATCAGTATCATATGCTTTG,10.891670227050781
AMC,kmer,reg,k_AACGATAGTAGCAGTTGAATC,10.772379302978516
AMC,kmer,reg,k_AAAATGAAGACGGGTCGGTTT,10.711959838867188
AMC,kmer,clf,k_AAGCTATTTTCCCTGCTGCTG,10.599401092529297
AMC,kmer,reg,k_CAATCTCTTCTTTATCCATGA,10.4354248046875
AMC,kmer,reg,k_AAAAATCAAGGGATTTATAAG,10.32784423828125
AMC,kmer,reg,k_AAGGAATCAGGCGTCAACTCT,10.313285064697265
AMC,kmer,clf,k_AGGTTCTTGTAGGTTGCGAGA,10.229814910888672
AMC,kmer,reg,k_AGAGATCAGTCATCGTATAAG,10.20919277369976
AMC,kmer,clf,k_AAGTTTCCAAAACCTTTCTAT,10.022557830810547
AMC,kmer,reg,k_AAATAAGACTTAGAAGCAAAC,10.002639770507812
AMC,kmer,reg,k_AAAGTAACTATGAGCCAGGTT,9.87650375366211
AMC,kmer,clf,k_AAGGTATTATTATCAATAGAA,9.867941284179688
AMC,kmer,reg,k_AAAAATCGATCGGGACAGTCA,9.849237060546875
AMC,kmer,clf,k_AAGTTTGGCCCTAGGTGGGAT,9.769502258300781
AMC,kmer,clf,k_AATGAACTAGAAAGGAAATTA,9.741714477539062
AMC,kmer,reg,k_AGCTCTTTTTCTTTTTTAACC,9.712703704833984
AMC,kmer,reg,k_ACGCTGTCAAGAATAGTGTAA,9.70411376953125
AMC,kmer,reg,k_AAACCTGTAAGCAATACCGGT,9.683457963168623
AMC,kmer,clf,k_ACCTGTTTTTGGGTTAAGGGC,9.667671203613281
AMC,kmer,clf,k_ACTTGGGTAGTCGATTCCGAG,9.604680633544922
AMC,kmer,reg,k_AGTATCTGTTAATCATCTAAA,9.558650970458984
AMC,kmer,reg,k_AAGGCTCTTGAGATTGATATC,9.347515058517455
AMC,kmer,reg,k_AAAAGACTTGAGCGAAAAGAG,9.222533152997494
AMC,kmer,reg,k_AAAAGATGATCATAAGATTTA,9.212061217427252
AMC,kmer,reg,k_AAAAAGATACTTCCTCTAGTC,9.067279052734374
AMC,combined,reg,k_AACATCCCAATCTCGAGTCGT,1117.095166015625
AMC,combined,reg,k_ATCATCCCACCAGTAGTCAAA,1000.5620147705079
AMC,combined,reg,k_AGTTGGAACCCCAAATTTAAA,632.62783203125
AMC,combined,reg,k_AAAAATGGAGGATACTTGGTT,629.0101318359375
AMC,combined,reg,k_ACTTGAAATGGCGTTTGCATA,621.6498291015625
AMC,combined,reg,k_AAAGTCATCATCCCACCAGTA,582.68515625
AMC,combined,reg,k_AAGGTCGGTCTAGATAGAGCT,548.3784088134765
AMC,combined,reg,k_AAGTTGACCAGCGTATTCATC,537.9758422851562
AMC,combined,reg,k_AGAATACTTACGAGTATAACC,244.031982421875
AMC,combined,reg,k_ACAGAGGACTTTGTTTGGCGT,168.8204345703125
AMC,combined,reg,k_AGCTGATGGTCGCCGCCTTGA,137.0201629638672
AMC,combined,reg,k_AACCTTGGAAGACAATGGACT,121.29094238281249
AMC,combined,reg,k_AAAACCACATCAAGACCTCTC,117.0060791015625
AMC,combined,clf,k_AGCCTTGCTGGCTGGAATGCC,112.1777328491211
AMC,combined,reg,k_AAAACACCATTTTCCCAACCT,103.34353364109994
AMC,combined,clf,k_AAAACGCTTTAAATTTGGGGT,97.29227600097656
AMC,combined,reg,k_AATGTAGATAAAACATCTACT,95.10411987304687
AMC,combined,clf,k_AAAAAATGGGAGATGCTACTT,92.41154716014861
AMC,combined,clf,k_AAAACAGGAACCTCTAACTAT,89.54136352539062
AMC,combined,clf,k_AAAGCAGTCAATACACCAATT,88.62338256835938
AMC,combined,clf,k_ATGTCAGGGATTAAACATGAC,87.24951133728027
AMC,combined,reg,k_AGATGGGAGATGCTACCTGGC,82.96651000976563
AMC,combined,reg,k_AAATGAGCTTTGAGCAATACT,82.28268127441406
AMC,combined,reg,k_ATGAGGATTGACCTTATAGAC,61.49689636230468
AMC,combined,clf,k_ATTCCGCAGGATATTGACGAA,57.73883056640625
AMC,combined,reg,k_CAAGATTTGTCCGTGGTCAGC,56.275927734375
AMC,combined,reg,k_AAACGACTGTTGAACCGAGCA,54.98155450820923
AMC,combined,reg,k_AAGGTGACACAATTGTAGGTC,54.4603271484375
AMC,combined,clf,k_CATCTCCCATTTTTTGTTCAA,53.32296142578125
AMC,combined,clf,k_AAAACAATAGGCTGATCTGTT,49.82687454223633
AMC,combined,reg,k_AACCAGACCTTGACAGACCAG,49.6309814453125
AMC,combined,reg,k_CATCAATTCTTGGTATACTCA,49.416690063476565
AMC,combined,reg,k_AAATGCCTATCTTGCTTGGCT,48.941943359375
AMC,combined,reg,k_GCAAGGAATTTCAGTGACACA,48.377316284179685
AMC,combined,clf,k_AATTTGCCAATCCTATCTTGG,48.355813598632814
AMC,combined,reg,k_AACGATAAGACAGGGATTTTG,47.33370666503907
AMC,combined,reg,k_AATAGTTCTACAATACGTAGA,46.97346801757813
AMC,combined,reg,k_AGGAATCTTTCGTAGTAAGGG,45.9372314453125
AMC,combined,reg,k_AAAGGATATCACGCCAAACAA,45.69668884277344
AMC,combined,reg,k_AAGGTATTATTATCAATAGAA,44.139956665039065
AMC,combined,clf,k_CGACTGCATAGACACCTTCAG,42.805728149414065
AMC,combined,reg,k_AAAAATCAAGGGATTTATAAG,42.5435302734375
AMC,combined,clf,k_AACAAAAAATGGGAGATGCTA,41.998705291748045
AMC,combined,reg,k_AAAACAGGAACCTCTAACTAT,41.320855712890626
AMC,combined,clf,k_AACTCCGATCAATACGTCTCT,40.871578979492185
AMC,combined,reg,k_ATGCTATAAATTCTATCATGC,40.7905029296875
AMC,combined,clf,k_AAGCCATTGACAGTCAAGTCT,40.33098373413086
AMC,combined,reg,k_AAGGAATTTCAGTGACACAAA,40.14712171554565
AMC,combined,reg,k_AATTTGCCAATCCTATCTTGG,40.00090637207031
AMC,combined,clf,k_AAAAATCGATCGGGACAGTCA,39.2950382232666
AMC,combined,reg,k_AAAACGATGGCGTCGCTTGTT,39.15852355957031
AMC,combined,reg,k_AAAAGAAACCTCGTGTCTATA,38.77431945800781
AMC,combined,clf,k_ACTGGCTACGTAGCTCCAGAT,37.582766914367674
AMC,combined,clf,k_AAAACACCATTTTCCCAACCT,37.576424217224115
AMC,combined,clf,k_AGCTGCCAGCATCCCACCTAG,36.66854248046875
AMC,combined,reg,k_CACGGACAAATCTTGGATGAG,36.026763916015625
AMC,combined,reg,k_CAAACGACTGTTGAACCGAGC,35.92489534467459
AMC,combined,clf,k_AAAAAGGTTTGGATGTCACTG,35.8198486328125
AMC,combined,reg,k_ACGTGCTATTATTTAAGTATC,33.929986745119095
AMC,combined,reg,k_CAGGTTCGGTTGTCAAGGCGG,33.19306335449219
AMC,combined,reg,k_ATTTCCTTTCTAGTTCATTGG,33.1623779296875
AMC,combined,reg,k_AAACAGTCCCTTGGACTTCTT,31.740144208073616
AMC,combined,reg,k_CTACGGTCGTAGATGTTTCAA,31.513775634765626
AMC,combined,reg,k_AATACGTAGAGAAACCAAGTC,31.333335876464844
AMC,combined,clf,k_ACTTGGGTAGTCGATTCCGAG,30.467706298828126
AMC,combined,reg,k_AAGGAATCAGGCGTCAACTCT,30.433990478515625
AMC,combined,reg,k_CATCGTGAACGATAGTAGCAG,30.375823974609375
AMC,combined,reg,k_AAGATGCTAGAAAAGCTAGGG,30.2997314453125
AMC,combined,clf,k_AATACGTAGAGAAACCAAGTC,29.938369750976562
AMC,combined,reg,k_AAAACATCTACTGTTTTGAAA,29.774700927734376
AMC,combined,clf,k_AAAGCAATGCACGATTTGATA,29.261407470703126
AMC,combined,reg,k_CAATTCTTGGTATACTCAGGC,29.0865478515625
AMC,combined,reg,k_AAATGCCCGATTGTGCTCGAT,29.042901492118837
AMC,combined,reg,k_AAGTTGATTGACCGTATTGAA,28.222470092773438
AMC,combined,reg,k_ACCCATGCCAACTTCCATGAT,27.614714527130126
AMC,combined,clf,k_AAAGAGGTTGATACAGGTGTT,27.355734252929686
AMC,combined,reg,k_AACAGTCGTTTGCAGCAGAGG,27.159143066406248
AMC,combined,reg,k_AAATAAATGCCATACCAGAGA,26.947720336914063
AMC,combined,clf,k_AAGACCAAGTTTCGGCGGTCT,26.884161376953124
AMC,combined,clf,k_AAGCAGCCCAAGACCGCCGAA,26.412783813476562
AMC,combined,reg,k_AAGGTATTTCAGTTCCCCAAA,26.382244873046876
AMC,combined,reg,k_ACAATTGTAGGTCTAGCACTA,26.12352294921875
AMC,combined,clf,k_AAACAGCTATGGGAAAACTTC,25.77644815444946
AMC,combined,clf,k_ACCTACCATGGCTTCCACAAG,25.18712387084961
AMC,combined,reg,k_AAGCTTACCATTTTGCTTCAG,24.89453125
AMC,combined,reg,k_GGTTAGTATGGAAAGAAAACA,24.888330078125
AMC,combined,reg,k_ATCTCTCCCACTTCTTCATAG,24.565634155273436
AMC,combined,reg,k_GCCCCCTTTTAAATGTCAAAA,24.1091064453125
AMC,combined,reg,k_AAAAAAATTATTTTGAAGCAA,23.537982177734374
AMC,combined,reg,k_AACGATAGTAGCAGTTGAATC,22.978378295898438
AMC,combined,reg,k_AAGTTGATTGATCGTATTGAA,22.64195861816406
AMC,combined,reg,k_ACTATATCGAGCACAATCGGG,22.011920642852786
AMC,combined,reg,k_ATTATTATCAATAGCAGCAGC,21.75588836669922
AMC,combined,reg,k_AAAGTCTCAACGGCTGTGACA,21.41420135498047
AMC,combined,clf,k_AAGAAAAATAGGCTTTTTGCG,21.034222412109376
AMC,combined,reg,k_AAAGTATTTCTTGAGGGTTGC,21.021290588378907
AMC,combined,clf,k_ACACCACAGATGATGGGTATA,20.78282928466797
AMC,combined,reg,k_ACTTTGGCAGCGACCGTAAGG,20.57068634033203
AMC,combined,clf,k_CAATACACCAATTACTGATGG,20.417247009277343
AMC,combined,reg,k_AAGACAATGGACTGGTCTGTC,20.278733825683595
AMC,combined,reg,k_ACGTTAATGAAGGATTGACTG,20.08031311035156
AMC,combined,reg,k_ACCGAGAACCTTCTCAAAAAT,19.7768310546875
AMC,combined,clf,k_ACCGTTTACCTTAATGACATA,19.727947998046876
AMC,combined,clf,k_ATGGCATAAGCACCAGTCCAA,19.344326782226563
AMC,combined,clf,k_AAGGAATCAGGCGTCAACTCT,19.2705810546875
AMC,combined,reg,k_CATTGTCGCCAATCTGGCTGG,18.683013916015625
AMC,combined,clf,k_AAGTCATGTTTAATCCCTGAC,18.401461791992187
AMC,combined,reg,k_AAATAAGACTTAGAAGCAAAC,18.077899169921874
AMC,combined,reg,k_AACCCTATGAAGAAGTGGGTG,17.856568908691404
AMC,combined,clf,k_AAGTCACCAGCAGCCGCGAAT,17.539761352539063
AMC,combined,clf,k_AAGAGCCTGATAAAGCTTGTC,17.394898986816408
AMC,combined,clf,k_AAGGTCTTTATGGGTGATGTG,17.22792205810547
AMC,combined,clf,k_AAAATCACATCCATGTTCTTG,17.03519294261932
AMC,combined,clf,k_ACCAGTCTGACCAAACAGGTC,16.95340576171875
AMC,combined,reg,k_CATTGCTTGCTAGCTCTCGAC,16.7399658203125
AMC,combined,reg,k_AATATGTTCTAAAGAGGTTGA,16.66356201171875
AMC,combined,reg,k_ACTGATTTTTGAGAAGGTTCT,16.6235107421875
AMC,combined,reg,k_CCAAATGCGTAATGTAGATAA,16.559672546386718
AMC,combined,clf,k_AAAATGGTGGAGCCAAGTATT,16.455685424804688
AMC,combined,reg,k_ACATCCACCTCTTGACCCTTG,16.42657470703125
AMC,combined,clf,k_AAAAGATCCATATGCCAATTT,16.124880743026733
AMC,combined,reg,k_CCGATGCGCCGTCACTATGCC,15.89920654296875
AMC,combined,reg,k_ATCAATTCTTGGTATACTCAG,15.806111145019532
AMC,combined,clf,k_AAAAACAGCCCCTGAGGACTG,15.590509033203125
AMC,combined,reg,k_ACGTCCCAATCTCGAATCGTG,15.399037170410157
AMC,combined,reg,k_ACGGTCTTAGGGACAGTATCA,15.366360473632813
AMC,combined,clf,k_AAAGTGCCCCAATCAAAATCA,15.180628967285156
AMC,combined,clf,k_CAAAAAACCGCTTTGCAACGG,14.880339050292969
AMC,combined,clf,k_GCTAATAAATCCACATAAAAA,14.644073486328125
AMC,combined,clf,k_AAATAAATGCCATACCAGAGA,14.416267395019531
AMC,combined,reg,k_AGGGCTGTGATAATCTCAAAC,14.379998779296875
AMC,combined,reg,k_AAATGATTCGTGCCTTTACAG,14.3796630859375
AMC,combined,reg,k_AGGATATTACCAAAGCGCCAT,14.340802001953126
AMC,combined,reg,k_TAAACAAAGTATAAATTTCTA,14.06192855834961
AMC,combined,reg,k_AAACGTTTTTACTTTGGCAAG,14.02942843437195
AMC,combined,reg,k_AAGATTTGTCCGTAGTCAGCT,13.902651977539062
AMC,combined,clf,k_AAAACGATGGCGTCGCTTGTT,13.730827331542969
AMC,combined,reg,k_AGACCTTGACAGACCAGTCCA,13.720004272460937
AMC,combined,reg,k_AAAAACCTTGGTGCAAGATGC,13.541800308227538
AMC,combined,reg,k_CGCATTCAAAAAGCAAGGGAA,13.488600158691407
AMC,combined,reg,k_AGTTGTCAATCCACTAGTACC,13.420285797119142
AMC,combined,reg,k_AAAACCTTCCTTAATGGTCTT,13.406372153759003
AMC,combined,reg,k_AATTCCTAATGTCCGACTCAT,13.317970275878906
AMC,combined,reg,k_AAACATTTCATCTGGAGCTAC,13.050276184082032
AMC,combined,clf,k_ATCCCAATCTCGAGTCGTCGC,12.94167366027832
AMC,combined,reg,k_ATAGCGTTCGTTCATATATAG,12.932562291622162
AMC,combined,reg,k_AACCAAGTCAGACTTAAGGCT,12.7821044921875
AMC,combined,clf,k_AGCTGAACCTTGGAAGACAAT,12.744527816772461
AMC,combined,reg,k_AAAATTGACTAACTTTCATAA,12.58060302734375
AMC,combined,reg,k_ACAAGAGAAAGACTCCTAGCA,12.551593017578124
AMC,combined,clf,k_AAGGGCCCCAATCAAAATCAA,12.482637786865235
AMC,combined,reg,k_AAACTTCCCTGTAAACCTTGT,12.378044128417969
AMC,combined,reg,k_AAGTGGATATTGTGTCCTGTA,12.266250610351562
AMC,combined,reg,k_AAAGCAAAGCAGATGCAAAAG,12.10694236755371
AMC,combined,reg,k_AATGAACTAGAAAGGAAATTA,12.077994948625564
AMC,combined,clf,k_AGAGATAGCTGCCAGCATCCC,11.985543823242187
AMC,combined,clf,k_CATCGTGAACGATAGTAGCAG,11.93251953125
AMC,combined,reg,k_AGTGCTCGTTCAAAGAAAGCC,11.791754150390625
AMC,combined,reg,k_AAAACAATCAAGTAGCTTCAA,11.7804443359375
AMC,combined,reg,k_AATAGATACTTAAATAATAGC,11.762865018844604
AMC,combined,reg,k_ACACATATTGAAGAGTGGCCA,11.741961574554443
AMC,combined,reg,k_ACAGAAATTCCTAATGTCCGA,11.696844482421875
AMC,combined,reg,k_AACGTCCCAATCTCGAATCGT,11.65740509033203
AMC,combined,reg,k_ATCTAAGAAACATGAGGTAAA,11.5631103515625
AMC,combined,reg,k_ACTTTGTTTGGCGTGATATCC,11.429269981384278
AMC,combined,reg,k_AGGGCTCATCGTGAACGATAG,11.238673782348632
AMC,combined,reg,k_AAAACATTTTAAACGTTTCTA,11.127425295114517
AMC,combined,reg,k_AATCCGCCAGCTGGCGTTCTG,11.122430634498595
AMC,combined,clf,k_ACAGAGGACTTTGTTTGGCGT,11.110382843017579
AMC,combined,reg,k_GCTCTTCAGCTTCTAGGTGGA,10.9655517578125
AMC,combined,clf,k_ACAAGGTTTGTACTGCCCCCC,10.84305191040039
AMC,combined,reg,k_AAAAACAGGTGCGGTTTTGTC,10.812352085113526
AMC,combined,reg,k_ATCGTAGACAAGTGTTTTATA,10.808759813010692
AMC,combined,reg,k_AACGTCCTTCGGATGGAAAAG,10.79401741027832
AMC,combined,reg,k_AAAACAATTTTTAAACCTACC,10.729027557373048
AMC,combined,reg,k_AAATTTGACGGAAATGACCCA,10.5534423828125
AMC,combined,clf,k_ATTATCTCGAACAAGTCTGAA,10.541931927204132
AMC,combined,reg,k_AATGGCGTTTCCGCAAAGATA,10.52977294921875
AMC,combined,reg,k_CAACTTGGTACTATTTAGATC,10.461555480957031
AMC,combined,reg,k_ACGAGTCGGATCAGTACAGAT,10.324362564086913
AMC,combined,reg,k_AAGACGCCTAGTACATTGAAA,10.1645920753479
AMC,combined,clf,k_AGCATGCCCTCGCTTTTCACC,10.132885766029357
AMC,combined,reg,k_AAAAGTCCACCCATGCCAACT,10.0781494140625
AMC,combined,reg,k_AAAGGATGAGTATAGGAGTAT,10.036099243164063
AMC,combined,clf,k_AAGGTATTATTATCAATAGAA,10.034735870361327
AMC,combined,reg,k_AACCTGTAAGCAATACCGGTG,10.016226196289063
AMC,combined,clf,k_AATAGTTCCCACTCCTGTCAA,10.008355712890625
AMC,combined,reg,k_AAAAAATTGGAGATTCCTTTA,10.00255308151245
AMC,combined,reg,k_AATCTTGGTTTTACCTCAAAT,9.973198318481446
AMC,combined,reg,k_AGATTTGAGGTAAAACCAAGA,9.952619934082032
AMC,combined,clf,k_AAAGCACTTGTTAGCATCCCT,9.952420043945313
AMC,combined,reg,k_AAGTGAAAATATAATAACTGT,9.918073272705078
AMC,combined,reg,k_AGCTCTTTTTCTTTTTTAACC,9.837287139892577
AMC,combined,reg,k_CTTTGGCTTGACAGATGAATA,9.826133728027344
AMC,combined,reg,k_AAATAGGTCTGGTCCTTGCCA,9.7567138671875
AMC,combined,reg,k_AAATGGTGTTTCTAAAGTTGC,9.661090087890624
AMC,combined,reg,k_AACATCAAGCTCTTCTTCCAT,9.533540725708008
AMC,combined,reg,k_AAATGGAGAATTCTTGCACAT,9.478009033203126
AMC,combined,reg,k_AAAAGACATTGTAAAAGGCCG,9.470159149169922
AMC,combined,reg,k_AAACCCAGCCGTGGGTAATGA,9.421923065185547
CRO,kmer,reg,k_CTACGGTCGTAGATGTTTCAA,289.99436950683594
CRO,kmer,reg,k_AACATCCCAATCTCGAGTCGT,252.8068359375
CRO,kmer,reg,k_ATCATCCCACCAGTAGTCAAA,231.1400939941406
CRO,kmer,reg,k_AAAGTAACTATGAACCAGGAT,203.88597717285157
CRO,kmer,reg,k_AAGGTATTATTATCAATAGAA,154.6436279296875
CRO,kmer,clf,k_AAACAGCTATGGGAAAACTTC,113.59002761840819
CRO,kmer,clf,k_CCAAGGAAACAAAACAAAAAC,85.04991455078125
CRO,kmer,clf,k_CTACGGTCGTAGATGTTTCAA,79.14903564453125
CRO,kmer,reg,k_AAGGAATCAGGCGTCAACTCT,71.72191772460937
CRO,kmer,clf,k_AAGACAATGGCTGCGATAACC,69.89696655273437
CRO,kmer,clf,k_AAGGAAGGTTTTAGCTCTATC,67.85335693359374
CRO,kmer,reg,k_AAAGAATATCACGCCAAACAA,62.589788818359374
CRO,kmer,reg,k_ATCAAAGTAACTATGAACCAG,61.436669921875
CRO,kmer,clf,k_AAGCCAAGGAAACAAAACAAA,58.11107177734375
CRO,kmer,clf,k_CAAAATGCGGTTGATCCGTCC,57.81809997558594
CRO,kmer,clf,k_AAGACTGGCGTTAAAATACGT,56.29208984375
CRO,kmer,reg,k_AGTTGGGAGAATTTGCCACCC,49.11247253417969
CRO,kmer,clf,k_AGTTAGAAGTACCTGTCTTAC,48.56441650390625
CRO,kmer,clf,k_ATACTTGGGTAGTCGATTCCG,47.91700134277344
CRO,kmer,clf,k_AAACATATTTGGTTGATAGGT,45.227581310272214
CRO,kmer,clf,k_ACATCTCAAATAACTACTTAA,43.97740478515625
CRO,kmer,clf,k_AATCATGGGCCAGACCTATCA,41.90634078979492
CRO,kmer,clf,k_AAAGTAACTATGAACCAGGAT,40.858192443847656
CRO,kmer,clf,k_AAAACCGCTCCTTCAGGTAGT,40.07400207519531
CRO,kmer,reg,k_ACCGGATCCGTCCCTACCAAA,39.81474609375
CRO,kmer,clf,k_ACTTGGATATATTCGAGAATA,38.17372436523438
CRO,kmer,clf,k_GATAATCTGTCCCGTAGGCAA,36.551532077789304
CRO,kmer,clf,k_AAAAGAATAAAATATGAAAAA,35.61085510253906
CRO,kmer,reg,k_AAATCAATGCCACTTGGATAT,35.281069946289065
CRO,kmer,clf,k_AAAAATTCATCAACGGAAACA,35.13900146484375
CRO,kmer,reg,k_AAACCGGTTTACTTAGTTGCT,34.413446044921876
CRO,kmer,clf,k_ATATGTTGGACTTGCTGGGAG,33.94668922424316
CRO,kmer,reg,k_AAATGGCGTTTGCATAATGCA,32.863888549804685
CRO,kmer,reg,k_AAAAAAAACAATAAAGTAAAG,32.18323974609375
CRO,kmer,clf,k_ACCTACCATGGCTTCCACAAG,31.798611450195313
CRO,kmer,clf,k_AAGGTATTATTATCAATAGAA,31.405979919433594
CRO,kmer,clf,k_AAACTGGCGCATGATGGGATG,30.79276123046875
CRO,kmer,clf,k_AATCTGTCCCGTAGGCAAGTC,29.660787963867186
CRO,kmer,reg,k_GATTTATAGCAACTAAGTAAA,29.25914306640625
CRO,kmer,clf,k_ACTTCGGTCATGATGCAAGTC,29.0725070476532
CRO,kmer,reg,k_AAGCCTTGACTGTGATTGACC,28.989445877075198
CRO,kmer,clf,k_AAAAACTTCTTGGTAAGCAAC,28.57464008331299
CRO,kmer,clf,k_ACTACTTGGGACCCCTATGAC,27.240396118164064
CRO,kmer,clf,k_CTAAATAATTTTAAAAAGTAG,26.753265380859375
CRO,kmer,clf,k_AAACGCTAACGGCGCTATGGC,26.276339912414553
CRO,kmer,clf,k_CGCCGAGACTTGCCTACGGGA,25.279376220703124
CRO,kmer,reg,k_AAGGAAGGTTTTAGCTCTATC,24.333401489257813
CRO,kmer,clf,k_AATTTGCCAATCCTATCTTGG,24.239749145507812
CRO,kmer,clf,k_AACATATTTGGTTGATAGGTC,24.19188690185547
CRO,kmer,reg,k_AAGGTCGGTCTAGATAGAGCT,24.102703857421876
CRO,kmer,clf,k_ACTTCCCCAGTATTTTCGCTA,23.530197143554688
CRO,kmer,clf,k_AATATGTTCTAAAGAGGTTGA,23.51343994140625
CRO,kmer,clf,k_AAAGAATATCACGCCAAACAA,23.0764591217041
CRO,kmer,reg,k_ATTTATAGCAACTAAGTAAAC,23.060305786132815
CRO,kmer,clf,k_AAGATAGGATTGGCAAATTCT,23.0224609375
CRO,kmer,reg,k_ACAGATGATTTAATTCAGTTC,22.65716721713543
CRO,kmer,clf,k_AAAGAGGTTGATACAGGTGTT,22.58294677734375
CRO,kmer,clf,k_AAGCCCGCTCCAAGATTGGGG,21.830087089538576
CRO,kmer,reg,k_AAATCGGGACACGGCTTCGGC,21.239385986328124
CRO,kmer,reg,k_ACCATTAAGGAAGGTTTTAGC,20.793825531005858
CRO,kmer,clf,k_ACAAAGCATACAGATATTCTC,20.640272521972655
CRO,kmer,reg,k_AAGTATCGCAGACATTCAAAA,19.72685546875
CRO,kmer,clf,k_AATGTAGAGATTCTTTTCTTG,19.57682962417603
CRO,kmer,clf,k_CCGCATCATAGTCTCCATAAA,18.949552917480467
CRO,kmer,reg,k_ACGGATCCGGTTTATGGAACC,18.798219299316408
CRO,kmer,clf,k_AAAGGTATTCTTAAACTGGGT,18.58675537109375
CRO,kmer,clf,k_AGGATTGGCAAATTCTCCCAA,18.536334228515624
CRO,kmer,reg,k_AAAAAAAGTCAACCGGCTCCT,18.449111580848694
CRO,kmer,reg,k_AAATGATTCGTGCCTTTACAG,18.42435703277588
CRO,kmer,clf,k_ACCACGAAACTTGGCGATTAA,18.22229766845703
CRO,kmer,clf,k_AGCCCAGATTCCAACAATGGC,17.71729736328125
CRO,kmer,clf,k_AAAAAAAGTCAACCGGCTCCT,17.710496520996095
CRO,kmer,clf,k_AACAACTCCATTTCAGAAGAA,17.458700561523436
CRO,kmer,clf,k_TGGCAAATTCTCCCAACTGAA,17.099053955078126
CRO,kmer,clf,k_ACAGATGATTTAATTCAGTTC,17.060894393920897
CRO,kmer,clf,k_CAGCCCCATGGAAAGATTATG,16.99703369140625
CRO,kmer,reg,k_ACCGCTCTATGATGACCTACC,16.80860595703125
CRO,kmer,reg,k_CTTTATCAAAGTAACTATGAA,15.72073852494359
CRO,kmer,reg,k_ACTTTGTTTGGCGTGATATCC,15.400372505187988
CRO,kmer,clf,k_AAATCAGTATCATATGCTTTG,15.200074768066406
CRO,kmer,reg,k_AATGCGGTCAATCACAGTCAA,15.117000064253807
CRO,kmer,reg,k_AAAGTCTCAACGGCTGTGACA,15.041962572932242
CRO,kmer,reg,k_AACTAAGTAAACCGGTTTAAT,14.743614196777344
CRO,kmer,clf,k_ACCTCTTGACCCTTGCTCTCA,13.050323486328125
CRO,kmer,clf,k_ATTATCTCGAACAAGTCTGAA,12.683908820152283
CRO,kmer,clf,k_AAAGAAAGATTACTAAGAGAT,12.4117351770401
CRO,kmer,clf,k_AAATCAATGCCACTTGGATAT,12.304178619384766
CRO,kmer,reg,k_AAAAAAATAGAAAGATTTGTG,12.302768778800964
CRO,kmer,reg,k_AAAAATCGATCGGGACAGTCA,12.006635665893555
CRO,kmer,reg,k_AAAACAAGACTGTCTTCCCTT,11.99168701171875
CRO,kmer,clf,k_AACTCGCTTTGGCTTGACAGA,11.731644439697266
CRO,kmer,clf,k_ATGCAAGAGCTCAAAAAAACG,11.614424896240234
CRO,kmer,clf,k_CGATTAAAAGATTTTCAGCGA,11.595188903808594
CRO,kmer,reg,k_AAAAACCTGGAAACAACAGCT,11.503717803955077
CRO,kmer,clf,k_AAACAGGGAGGTAGCCCCTCC,11.337411499023437
CRO,kmer,clf,k_AAATGCCCGATTGTGCTCGAT,11.311286926269531
CRO,kmer,clf,k_AGACCAAAGCCAATTCCTGGA,11.152832794189454
CRO,kmer,reg,k_AAGGGAAGAATCTTGCCCCGA,11.126345825195312
CRO,kmer,reg,k_AAAGCGAGTTGGAACCCCAAA,10.98168511390686
CRO,kmer,clf,k_AAACCGGTTTACTTAGTTGCT,10.692043429613113
CRO,kmer,reg,k_ATAAAAAACAGAATGCAAGCG,10.664816284179688
CRO,kmer,clf,k_AAAAGCAATTTTTCGACTCGA,10.430606079101562
CRO,kmer,reg,k_ACCTGAATAATGTTCAGGTTG,10.363517761230469
CRO,kmer,clf,k_CCAACCTGTTGCCATAGCGCC,10.171926879882813
CRO,kmer,clf,k_AGAGCCAGCAACACCTGATAA,10.144778323173524
CRO,kmer,reg,k_AATTAGAGATTTATAGCAACA,10.141342908143997
CRO,kmer,clf,k_AAATTCATCCTTATAGCTAGT,10.11676025390625
CRO,kmer,reg,k_AAGATCAAGCTGTTTCAAGTA,10.030377197265626
CRO,kmer,clf,k_AAACACTATTTTGAGGTTGTA,9.709208679199218
CRO,kmer,clf,k_AAAGTAACTATGAGCCAGGTT,9.666494750976563
CRO,kmer,reg,k_ACTTGAAATGGCGTTTGCATA,9.414004516601562
CRO,kmer,clf,k_GCTTCCTCTTTGTAGGGTCTA,9.391822251677514
CRO,kmer,clf,k_AAAAGTAGCAACCCCATCTAT,9.3712646484375
CRO,kmer,clf,k_AGAAATCAATTAGGCCTAGGG,9.36885986328125
CRO,kmer,reg,k_CTGTTAGCGGTTTGAGTTTGC,9.35179443359375
CRO,kmer,clf,k_CGATGCGGTCAAGCTGGCCAG,9.349604034423828
CRO,kmer,reg,k_ATTTCTAGATGAAACATAGAC,9.31411706060171
CRO,kmer,reg,k_ATCTTTGTGGAATTTTACCAA,9.279254150390624
CRO,kmer,clf,k_AACTAAGTAAACCGGTTTAAT,9.27794771194458
CRO,kmer,clf,k_AATGAACTAGAAAGGAAATTA,9.245527863502502
CRO,kmer,clf,k_ACAGTACATGTCACAAGAAAA,9.13016575872898
CRO,kmer,reg,k_AAAAAAAGCAACGGATTTGCC,9.019255065917969
CRO,kmer,reg,k_AGCCGCATGGTTAGGTAAATC,8.929677963256836
CRO,kmer,reg,k_AAGGTCGCGGTCATATACTTA,8.83215103149414
CRO,kmer,reg,k_CCAGTTGGGAGAATTTGCCAC,8.73205852508545
CRO,kmer,reg,k_AAGCACTCGGTCAAGAGATCA,8.724401092529297
CRO,kmer,clf,k_AAGCCTTGACTGTGATTGACC,8.65435562133789
CRO,kmer,reg,k_AAGTCCTCTACCTTACCACAA,8.597952198982238
CRO,kmer,clf,k_AATAGGAGATTATCAAACGCT,8.57619400024414
CRO,kmer,clf,k_AACATGAGTAATATAAGAGCC,8.553504180908202
CRO,kmer,clf,k_AACTAATTTAGTTGGCTTCAA,8.552317047119141
CRO,kmer,clf,k_AAGTCCATACAGTCGGTGCTG,8.512505340576173
CRO,kmer,reg,k_ACAAAGCATACCAATCAAGAT,8.501129150390625
CRO,kmer,clf,k_AGCTTCTGCTACCTTTTCTCC,8.460525345802308
CRO,kmer,clf,k_AAAACCTAGAGCCTGCTCAGA,8.389618682861329
CRO,kmer,clf,k_AAACTAGAATAGTACATCTCT,8.338064575195313
CRO,kmer,reg,k_AAACTTTATGAAATGCGTGGT,8.254375275969505
CRO,kmer,reg,k_AAAACCTTCCTTAATGGTCTT,8.161779695749283
CRO,kmer,clf,k_AAAGCGAGTTGGAACCCCAAA,8.086134982109071
CRO,kmer,reg,k_AAACCAGTCCAGGCTGATACA,8.054292297363281
CRO,kmer,clf,k_ATCAAAATCTTTCCCAATTAA,7.938025140762329
CRO,kmer,reg,k_AAATATCGGGATCAGACAAGA,7.8498291015625
CRO,kmer,reg,k_AATCCGCTGTTGCTCCCCACC,7.748720693588257
CRO,kmer,clf,k_AAGACTGCTCTCTCCTGTCTC,7.743269646167755
CRO,kmer,reg,k_CGACGCAATTCTTCTGCTAAA,7.722512054443359
CRO,kmer,reg,k_AATTAGAGATTTATAGCAACT,7.722361731529236
CRO,kmer,clf,k_AGAGTTAGCTGACTTTGAAAC,7.656642460823059
CRO,kmer,clf,k_AGTTGCTACCGCAATTCGCAA,7.618959045410156
CRO,kmer,reg,k_AATGTCATCTTATATCCTCCA,7.613647282123566
CRO,kmer,reg,k_AACAATCATGTGAAGCAAGAT,7.5398506164550785
CRO,kmer,clf,k_ATTTATAGCAACTAAGTAAAC,7.504204711318016
CRO,kmer,reg,k_AGCCTATTTTGTGTAAAAAAA,7.497627902030945
CRO,kmer,clf,k_AAATCCACAAACTGGACAGGC,7.382935333251953
CRO,kmer,reg,k_AAAACAATGGCGTCGCTTGTT,7.335299682617188
CRO,kmer,clf,k_AGAGATAGCTGCCAGCATCCC,7.330660247802735
CRO,kmer,clf,k_AAGAGTGCTCCGATGACAAAG,7.304079627990722
CRO,kmer,reg,k_CAAAATGCGGTTGATCCGTCC,7.248593211174011
CRO,kmer,clf,k_CTCAAAAATTCATTTATAACC,7.107825469970703
CRO,kmer,clf,k_AAAAGAACCAGGTAACAAAAA,7.013963317871093
CRO,kmer,reg,k_CTTGGTTTCCGAAATCGGGAC,7.005718421936035
CRO,kmer,clf,k_ATGTAGAGATTCTTTTCTTGA,6.936318969726562
CRO,kmer,clf,k_GTCGTAAACTCAGCGATAAAC,6.924334716796875
CRO,kmer,clf,k_ACATGTTAGTCAGTATTCCGT,6.886680746078492
CRO,kmer,clf,k_AAAGCTTAGGCAATCGAATAG,6.860603332519531
CRO,kmer,clf,k_ACATAAAGTTTCATCACAAAA,6.830722236633301
CRO,kmer,reg,k_AACCATGTGAGTTTCGAGGAA,6.8079063415527346
CRO,kmer,reg,k_AAGAATTTACTGAAGTAAACA,6.789125061035156
CRO,kmer,reg,k_AAAGACCTTGGCAGGCTTATG,6.776485443115234
CRO,kmer,clf,k_AAAGTGATTGAGGAATTACGG,6.745356750488281
CRO,kmer,clf,k_AATTAGAGATTTATAGCAACT,6.720123195648194
CRO,kmer,clf,k_AAAATGAAATAAGAACAGAAC,6.71061201095581
CRO,kmer,reg,k_AGGTGTTGCTGGCTCTCCAAG,6.708735656738281
CRO,kmer,reg,k_ACCATTTTCTTTGACAGAGCG,6.673180103302002
CRO,kmer,clf,k_AATAATTTTTTTAATTCAGTA,6.662771606445313
CRO,kmer,clf,k_ATTAAGCCCTACTGGACTTAC,6.631111145019531
CRO,kmer,reg,k_CATGATTGGTGGTTTGCTCGG,6.622037915885449
CRO,kmer,clf,k_ACTTTGTTTGGCGTGATATCC,6.45974702835083
CRO,kmer,reg,k_AAGGCCAATTTCTTAGAGCAA,6.385142517089844
CRO,kmer,reg,k_AGCATTGGTTTCCTTGACTGG,6.378054809570313
CRO,kmer,clf,k_GATTTATAGCAACTAAGTAAA,6.331849455833435
CRO,kmer,clf,k_ACGTGACAATCCAAAAGCTTC,6.328727436065674
CRO,kmer,reg,k_AAGAGTTGGCTCAGGTTCAAG,6.3017120361328125
CRO,kmer,clf,k_ACGGCTTTTTACCGAGAAAAT,6.252958679199219
CRO,kmer,clf,k_AATAAGCCCCCTCAATATAAT,6.209564208984375
CRO,kmer,reg,k_AAAATCAAGATTGTCCAATTC,6.2021026611328125
CRO,kmer,clf,k_AAACATTGCCAATCGAAGACT,6.178204345703125
CRO,kmer,clf,k_AGATTTTTCATGCTCTACCTG,6.132824927568436
CRO,kmer,clf,k_AACGTAATTTGCTCCGGCTAG,6.0839451313018795
CRO,kmer,clf,k_ACACAGATATTGTTCATAATC,6.070992279052734
CRO,kmer,clf,k_AAACCGATTCCTAGAGCCAGA,6.069610977172852
CRO,kmer,clf,k_ACCTACCAAATGAAAAAAACA,6.04122896194458
CRO,kmer,reg,k_AAGTCGCTTCACCATCCGCTG,5.919202004373074
CRO,kmer,reg,k_AAGCCCGCTCCAAGATTGGGG,5.900077748298645
CRO,kmer,clf,k_AAATTGTAGCTGGTGAAAAGG,5.868997192382812
CRO,kmer,reg,k_AGCAGATTTTCTTTCTTGGTC,5.854467916488648
CRO,kmer,reg,k_ATCCGTTGTATAACGTCCTTG,5.83643798828125
CRO,kmer,reg,k_CAAACGACTGTTGAACCGAGC,5.834623694419861
CRO,kmer,reg,k_ACCGTACTACGGTAAGGCGAA,5.825421142578125
CRO,kmer,reg,k_ACCGCCATTAATCTGAATCTC,5.713967895507812
CRO,kmer,clf,k_ATCAAAGTAACTATGAACCAG,5.6878314971923825
CRO,combined,reg,k_AAGGTATTATTATCAATAGAA,421.83637390136715
CRO,combined,reg,k_ATCATCCCACCAGTAGTCAAA,268.98414001464846
CRO,combined,reg,k_AACATCCCAATCTCGAGTCGT,222.96566162109374
CRO,combined,reg,k_AGTTGGAACCCCAAATTTAAA,203.4041015625
CRO,combined,reg,k_ACCATTAAGGAAGGTTTTAGC,202.40836181640626
CRO,combined,reg,k_CTTTATCAAAGTAACTATGAA,199.1346134185791
CRO,combined,clf,k_AAATGTCACAGCCGTTGAGAC,152.3063537597656
CRO,combined,reg,k_AAAGTAACTATGAACCAGGAT,123.6800630569458
CRO,combined,clf,k_ACCTACCATGGCTTCCACAAG,96.22928619384766
CRO,combined,reg,k_AGAATACTTACGAGTATAACC,85.18873115777969
CRO,combined,clf,k_AAAACCTTCCTTAATGGTCTT,80.3565647125244
CRO,combined,clf,k_AACATATTTGGTTGATAGGTC,77.21828384399414
CRO,combined,clf,k_AAGGTATTATTATCAATAGAA,76.55714569091796
CRO,combined,clf,k_AAACAGCTATGGGAAAACTTC,74.194775390625
CRO,combined,reg,k_AAATCAATGCCACTTGGATAT,70.88155517578124
CRO,combined,clf,k_AAGACAATGGCTGCGATAACC,69.9386474609375
CRO,combined,clf,k_ATATGTTGGACTTGCTGGGAG,63.4238141298294
CRO,combined,reg,k_CCAGTTGGGAGAATTTGCCAC,63.01564025878906
CRO,combined,clf,k_CCAAGGAAACAAAACAAAAAC,61.06898193359375
CRO,combined,clf,k_AATCATGGGCCAGACCTATCA,59.95771026611328
CRO,combined,clf,k_AAGTCAAGGAAACAAAACAAA,57.86981201171875
CRO,combined,reg,k_AAGCCTTGACTGTGATTGACC,55.437554359436035
CRO,combined,clf,k_CAATCTAGTCAATGATATCAC,54.361541748046875
CRO,combined,clf,k_AATTTGCCAATCCTATCTTGG,48.56461791992187
CRO,combined,reg,k_CTACGGTCGTAGATGTTTCAA,46.475579833984376
CRO,combined,clf,k_ATAGCCAGCAAATAGTTCATC,45.32503967285156
CRO,combined,clf,k_AAATCAATGCCACTTGGATAT,44.82620849609375
CRO,combined,reg,k_AAATGTCACAGCCGTTGAGAC,43.28639050424099
CRO,combined,clf,k_AAGTAGTTATTTGAGATGTGC,43.278646850585936
CRO,combined,clf,k_AAAATGCGGTTGATCCGTCCG,42.06524810791016
CRO,combined,reg,k_AAAGAATATCACGCCAAACAA,37.24504089355469
CRO,combined,clf,k_GATAATCTGTCCCGTAGGCAA,36.31930999755859
CRO,combined,clf,k_AGGAATATCTTTCACGAGCAT,34.672872924804686
CRO,combined,reg,k_ACTTGAAATGGCGTTTGCATA,34.29832763671875
CRO,combined,clf,k_ACTTCGGTCATGATGCAAGTC,32.097525680065154
CRO,combined,clf,k_ACTTGGATATATTCGAGAATA,31.77677001953125
CRO,combined,clf,k_AAGCAGGTAAGACAGGTACTT,31.420779418945312
CRO,combined,clf,k_AAACATATTTGGTTGATAGGT,31.25700454711914
CRO,combined,clf,k_ACTGGCTACGTAGCTCCAGAT,30.745208740234375
CRO,combined,clf,k_AAAACGCTTTAAATTTGGGGT,30.321286010742188
CRO,combined,reg,k_AATTAGAGATTTATAGCAACT,28.9405517578125
CRO,combined,reg,k_AGCTGATGGTCGCCGCCTTGA,27.90468120574951
CRO,combined,reg,k_AAAAAAAGTCAACCGGCTCCT,27.42318729162216
CRO,combined,reg,k_AAGGGAAGAATCTTGCCCCGA,27.100442504882814
CRO,combined,clf,k_CAAAAACTTCTTGGTAAGCAG,26.653858947753907
CRO,combined,clf,k_AAACTGGCGCATGATGGGATG,26.59039306640625
CRO,combined,clf,k_AAAAGAATAAAATATGAAAAA,25.480810546875
CRO,combined,clf,k_CGCCGAGACTTGCCTACGGGA,25.081440734863282
CRO,combined,clf,k_AAAGAATATCACGCCAAACAA,24.918062210083004
CRO,combined,clf,k_CCGCATCATAGTCTCCATAAA,24.86959228515625
CRO,combined,reg,k_AACTGTAACTGTTCCTGGGCA,24.71631622314453
CRO,combined,reg,k_ATGGTTCCATAAACCGGATCC,24.126663208007812
CRO,combined,clf,k_ACACTGTTTTCACTACTTGGG,23.73800048828125
CRO,combined,clf,k_AGGATTGGCAAATTCTCCCAA,23.66824951171875
CRO,combined,clf,k_AAAGAGGTTGATACAGGTGTT,23.04999237060547
CRO,combined,clf,k_AATGCGTAATGTAGATAAAAC,23.017720031738282
CRO,combined,clf,k_ATTATTCACCCCTAATCTAAA,22.93653564453125
CRO,combined,clf,k_ACAGATGATTTAATTCAGTTC,22.206492614746093
CRO,combined,clf,k_CCAACCTGTTGCCATAGCGCC,21.86067461669445
CRO,combined,reg,k_AAAACCTTCCTTAATGGTCTT,20.096374130249025
CRO,combined,reg,k_ACCGGATCCGTCCCTACCAAA,19.86525115966797
CRO,combined,clf,k_AACAACTCCATTTCAGAAGAA,19.424530029296875
CRO,combined,clf,k_AAAAGATAGATGGGGTTGCTA,19.23916131258011
CRO,combined,clf,k_CAAAATGCGGTTGATCCGTCC,18.928584289550784
CRO,combined,reg,k_AAAACACCATTTTCCCAACCT,18.323722648620606
CRO,combined,clf,k_AGCCCAGATTCCAACAATGGC,17.996177673339844
CRO,combined,reg,k_AAATCGGGACACGGCTTCGGC,17.790382385253906
CRO,combined,reg,k_ATCAAAGTAACTATGAACCAG,17.777354431152343
CRO,combined,clf,k_ACTTGAGGGCTACATTTTGCC,17.49877471923828
CRO,combined,clf,k_CAGCCCCATGGAAAGATTATG,17.451300048828124
CRO,combined,clf,k_AAGAACCTTTCAAGCAAGCCC,17.436080932617188
CRO,combined,reg,k_TAAGTAAACCGGTTTAATTAA,17.344525146484376
CRO,combined,clf,k_TGGCAAATTCTCCCAACTGAA,17.162103271484376
CRO,combined,clf,k_ACCGTAAAGGGTAACTCGTAG,17.10674591064453
CRO,combined,reg,k_AAAAAAATAGAAAGATTTGTG,16.59295006990433
CRO,combined,clf,k_CGATTAAAAGATTTTCAGCGA,15.892483520507813
CRO,combined,clf,k_CCCAATCTTGGAGCGGGCTTC,15.889532089233398
CRO,combined,reg,k_AAGCCAAGGAAACAAAACAAA,14.230360269546509
CRO,combined,clf,k_ACGGCTTTTTACCGAGAAAAT,14.156816101074218
CRO,combined,clf,k_AAGCCTTGACTGTGATTGACC,13.986929035186767
CRO,combined,clf,k_AATCTGTCCCGTAGGCAAGTC,13.285117340087892
CRO,combined,clf,k_ACCTCTTGACCCTTGCTCTCA,13.20531768798828
CRO,combined,reg,k_CTTGGTTTCCGAAATCGGGAC,12.854959106445312
CRO,combined,clf,k_AAAAAAAGTCAACCGGCTCCT,12.62754135131836
CRO,combined,clf,k_AAAAATTCATCAACGGAAACA,12.35730209350586
CRO,combined,clf,k_AAAAGATTTTCAGCGACCGTC,12.347492980957032
CRO,combined,reg,k_ACAAACATATTTGGTTGATAG,12.301277923583985
CRO,combined,reg,k_ACCTGAATAATGTTCAGGTTG,12.168708801269531
CRO,combined,reg,k_CATGATTGGTGGTTTGCTCGG,12.015607929229736
CRO,combined,reg,k_AATCATGGGCCAGACCTATCA,12.005473995208739
CRO,combined,reg,k_AAGGAATCAGGCGTCAACTCT,11.998845672607422
CRO,combined,reg,k_AAGAGTGCTCCGATGACAAAG,11.90103759765625
CRO,combined,clf,k_AAACAGGGAGGTAGCCCCTCC,11.883024597167969
CRO,combined,clf,k_AATAACACCTGTATCAACCTC,11.743077087402344
CRO,combined,clf,k_CTTTATCAAAGTAACTATGAA,11.608253860473633
CRO,combined,reg,k_GTGTTTTGGTAAAATTCCACA,11.585830688476562
CRO,combined,clf,k_ACCACGAAACTTGGCGATTAA,11.255433654785156
CRO,combined,reg,k_AGAGATAGCTGCCAGCATCCC,10.886636352539062
CRO,combined,reg,k_ACGATGGCGTCGCTTGTTTAG,10.849484252929688
CRO,combined,clf,k_AAAACGATGGCGTCGCTTGTT,10.81876220703125
CRO,combined,clf,k_AACTCGCTTTGGCTTGACAGA,10.71854200363159
CRO,combined,clf,k_ATCGCCAAGTTTCGTGGTGAA,10.534842681884765
CRO,combined,clf,k_AAAGTAACTATGAGCCAGGTT,10.528282928466798
CRO,combined,reg,k_AAGGTCGGTCTAGATAGAGCT,10.364638519287109
CRO,combined,clf,k_CAGCCAGATTCTCGCAGCCAA,10.058739471435548
CRO,combined,reg,k_AGCTGAACCTTGGAAGACAAT,10.05863037109375
CRO,combined,clf,k_AAGACGTGAGTGCGACGAATG,10.00620346069336
CRO,combined,clf,k_AAGTAGATGTGGCTATCATGG,9.995094299316406
CRO,combined,clf,k_AGTTGCTACCGCAATTCGCAA,9.991806793212891
CRO,combined,reg,k_ACAGCACCAACTCGGGCTGAA,9.849563598632812
CRO,combined,reg,k_AAAGGTAGGTCGTTGGGTGGT,9.516116550564766
CRO,combined,reg,k_AGCCTATTTTGTGTAAAAAAA,9.511897563934326
CRO,combined,clf,k_AAACAGCCCTAGGCCTAATTG,9.439337158203125
CRO,combined,clf,k_ACATAAAGTTTCATCACAAAA,9.3639892578125
CRO,combined,reg,k_ACCAGCCAAATGGCGATATGA,9.355343627929688
CRO,combined,clf,k_ACATGTTAGTCAGTATTCCGT,9.299903297424317
CRO,combined,reg,k_AACATATTTGGTTGATAGGTC,9.295179325342177
CRO,combined,clf,k_CGCTTAAGAAACAGGCTAGCA,9.278658246994018
CRO,combined,clf,k_AATGTTTTAAAATCTTTGTCT,9.271582961082458
CRO,combined,reg,k_CCGCATCATAGTCTCCATAAA,9.085362243652344
CRO,combined,reg,k_ACTTTGTTTGGCGTGATATCC,9.045623779296875
CRO,combined,reg,k_AGTTGGGAGAATTTGCCACCC,9.033123970031738
CRO,combined,reg,k_ATTCTCTTGCTGGGACGAAAT,9.018068289756775
CRO,combined,clf,k_AAACCGGTTTACTTAGTTGCT,8.997824382781982
CRO,combined,reg,k_AAGAAGCTGAAAAAACCGCCC,8.917288208007813
CRO,combined,reg,k_AGCCGCATGGTTAGGTAAATC,8.894456481933593
CRO,combined,clf,k_AAAAGTAGCAACCCCATCTAT,8.874342060089111
CRO,combined,clf,k_AAAGGATATCACGCCAAACAA,8.631188201904298
CRO,combined,clf,k_AAGAGTGCTCCGATGACAAAG,8.608759498596191
CRO,combined,reg,t_ST_271,8.372038078308105
CRO,combined,reg,k_ATGAGGATTGACCTTATAGAC,8.2986572265625
CRO,combined,reg,k_ACAAGGAGTGGGGACCTAAAG,8.24190673828125
CRO,combined,clf,k_AGCTGCGATTTGGTTTGCCAG,8.196085357666016
CRO,combined,reg,k_AATTTGCCAATCCTATCTTGG,8.157551574707032
CRO,combined,clf,k_AATCTTGGTGGTAGTCTTCAG,8.062783813476562
CRO,combined,clf,k_AAGGTGTTCAATTTTCGCAAT,7.972312927246094
CRO,combined,reg,k_AGGATATTACCAAAGCGCCAT,7.959849548339844
CRO,combined,reg,k_AAACCGGTTTACTTAGTTGCT,7.9073432922363285
CRO,combined,reg,k_ATTTCTAGATGAAACATAGAC,7.905716490745544
CRO,combined,reg,k_ATTAGAAAATCCACAATTAAC,7.881532287597656
CRO,combined,reg,k_ATGGAGCCTATTTTGTGTAAA,7.799954876303673
CRO,combined,reg,k_AAAAGCAGAAGAAGCTAAACG,7.799163107573986
CRO,combined,clf,k_AAATCGGGACACGGCTTCGGC,7.789723587036133
CRO,combined,reg,k_AAAAAGCCAATCAGACTTACG,7.718035888671875
CRO,combined,clf,k_AAACCAGTTATCCTCGCAGTC,7.644024658203125
CRO,combined,clf,k_AAGAGCGACAACATCACCAAC,7.604421997070313
CRO,combined,clf,k_AGCAGCGATGAGGGCAATCAC,7.553037643432617
CRO,combined,clf,k_AATGCCTACTGCAACAGTATA,7.537855529785157
CRO,combined,reg,k_AGTCTAACTCGGACTAACATG,7.475215911865234
CRO,combined,clf,k_AACGCAGGTGCCATTCCTCAG,7.383992004394531
CRO,combined,reg,k_ACCTACCATGGCTTCCACAAG,7.380088430643081
CRO,combined,clf,k_AATCAGGGCAAGATGGAGCCT,7.370252990722657
CRO,combined,clf,k_AGAGTTAGCTGACTTTGAAAC,7.327114486694336
CRO,combined,reg,k_CTCTTGACCGAGTGCTTGCGA,7.307761383056641
CRO,combined,clf,k_ATCATGTTCATCCCATCATGC,7.301765441894531
CRO,combined,reg,k_AAAAAGGGAAGACAGTCTTGT,7.2982387185096735
CRO,combined,reg,k_AACCACCTTTTTATCAGTTGG,7.2607574462890625
CRO,combined,clf,k_AACCAATTGAGCGTAAGCATA,7.236631774902344
CRO,combined,clf,t_serotype_15A,7.202572512626648
CRO,combined,reg,k_AAGGCTTGTCCCTCGCCTATC,7.15777587890625
CRO,combined,reg,k_ACTTTGGCAGCGACCGTAAGG,7.033913803100585
CRO,combined,clf,k_CCAGCTTGACCGCATCGACGA,6.962944793701172
CRO,combined,clf,k_AATTAGAGATTTATAGCAACT,6.94282660484314
CRO,combined,clf,k_AAGCCCGCTCCAAGATTGGGG,6.878814029693603
CRO,combined,clf,k_AAAATGAAATAAGAACAGAAC,6.863591492176056
CRO,combined,reg,k_AAGCTTTATCGGACTAGAAAA,6.83035888671875
CRO,combined,clf,k_ATTTGACTTCCGCACTCAGGG,6.780177307128906
CRO,combined,reg,k_AGCAGATTTTCTTTCTTGGTC,6.74892978668213
CRO,combined,clf,k_AGGTAACCATCTATGAATGAG,6.677510070800781
CRO,combined,clf,k_AAGGTTGGTTTTTTCTTCTCT,6.637281036376953
CRO,combined,clf,k_AAAACTCCTAATCTTATGAGA,6.633348846435547
CRO,combined,clf,k_CTGACGATTTTGTCAGACCAG,6.6307830810546875
CRO,combined,clf,k_CTTTAACAGAGAAAACGGACA,6.598353099822997
CRO,combined,clf,k_AGTCCGGACGATATCAATCTC,6.588584899902344
CRO,combined,clf,k_AGAGATAGCTGCCAGCATCCC,6.578105926513672
CRO,combined,reg,k_AAAATCGCTTGGCGATCAAAC,6.553120993077755
CRO,combined,reg,k_AACGCATCTCTGTTTTAAAAA,6.547703456878661
CRO,combined,reg,k_GGCAAAGACACGGCCTGCAGA,6.525411987304688
CRO,combined,reg,k_AACGCTTCTGCATAGCTTTCA,6.480321875214576
CRO,combined,reg,k_AAAAATTCATCAACGGAAACA,6.4563438415527346
CRO,combined,reg,k_AGTTATTATATTTTCACTTAT,6.4452056884765625
CRO,combined,clf,k_AACTGCATGGGCGTATAGTTA,6.4433218955993645
CRO,combined,clf,k_AAAGGGTAACTCGTAGTCATG,6.427066040039063
CRO,combined,reg,k_CCAGCAAACTCAAACCGCTAA,6.390349715948105
CRO,combined,reg,k_AATGTAGATAAAACATCTACT,6.358209228515625
CRO,combined,clf,k_GCTTCCTCTTTGTAGGGTCTA,6.351989364624023
CRO,combined,clf,k_AAATTTTGAGGATAGAACGAC,6.23759765625
CRO,combined,reg,k_AAACGACTGTTGAACCGAGCA,6.21824951171875
CRO,combined,clf,k_CATCTGCTTCAATGACAAAAC,6.167634582519531
CRO,combined,clf,k_AAACCAGTTATCCTCGCAGTT,6.1324920654296875
CRO,combined,reg,k_AAAATCGATTTCTAACAATGT,6.115092468261719
CRO,combined,reg,k_AAACTATATGAAATGCGTGGT,6.104608154296875
CRO,combined,reg,k_AGAGAACTGACTTGGGCAATG,6.031158447265625
CRO,combined,clf,k_ACAAAGCATACAGATATTCTC,6.006940841674805
CRO,combined,reg,k_AGTAAAATGAAATAAGAACAT,5.826978302001953
CRO,combined,clf,t_ST_12449,5.780046224594116
CRO,combined,reg,k_AATAGCTCTTCCTGAATCCCT,5.775251770019532
CRO,combined,reg,k_AAAGTCTCAACGGCTGTGACA,5.750153350830078
CRO,combined,clf,k_ACTAGGATTTTATACTCAATG,5.695411682128906
CRO,combined,reg,k_ACGTGATCCTGCTTAATAGTG,5.652728271484375
ERY,kmer,reg,k_AATTGGAGCTGAACCTTGGAA,508.5199337005615
ERY,kmer,reg,k_AATCTCTCAATCTTCAATCTC,495.9033447265625
ERY,kmer,reg,k_AAGAATCTCTCAATCTTCAAT,400.2587646484375
ERY,kmer,reg,k_AAAACATCTACTGTTTTGAAA,331.48173828125
ERY,kmer,reg,k_ATGCAATGCCTAGCATCAAGG,295.1089599609375
ERY,kmer,reg,k_AAACATCTACTGTTTTGAAAC,283.3665283203125
ERY,kmer,reg,k_GTTTGATCATTTGGATCATAA,282.663671875
ERY,kmer,reg,k_AGTAGCCAATTCAGCAATAAT,279.6155029296875
ERY,kmer,reg,k_AGAGATTCTTTCATAGCTGAA,236.4634033203125
ERY,kmer,reg,k_ATGAGGATTGACCTTATAGAC,222.8663497924805
ERY,kmer,reg,k_CTGTTGAACCGTTACATACAA,189.794140625
ERY,kmer,reg,k_AATGCCTAGCATCAAGGATAT,166.17252197265626
ERY,kmer,reg,k_TATGAGGATTGACCTTATAGA,159.33663749694824
ERY,kmer,reg,k_AAAGAATATGGCGTTGAAGAA,154.63948974609374
ERY,kmer,reg,k_ACTGTTTTGAAACAGACTAAA,130.50133056640624
ERY,kmer,reg,k_AATGTAGATAAAACATCTACT,115.58868408203125
ERY,kmer,reg,k_CCAAATGCGTAATGTAGATAA,113.62802429199219
ERY,kmer,reg,k_AAATAGATACTTAAATAATAG,109.35477905273436
ERY,kmer,reg,k_CTGACTTGCATCATAACAGAA,107.22855224609376
ERY,kmer,reg,k_ATAGATGTAATCACTTCAGGA,106.790869140625
ERY,kmer,reg,k_TAAACAAAGTATAAATTTCTA,100.91085052490234
ERY,kmer,reg,k_CTTGCTTCTGCACAGTAGAGC,96.0421630859375
ERY,kmer,reg,k_ATTGGGGTGGCAAATTCTCCC,95.59596557617188
ERY,kmer,reg,k_AACGATAAGACAGGGATTTTG,94.13944778442384
ERY,kmer,reg,k_ACGTACAGCATGTGGTCGAAA,89.99352416992187
ERY,kmer,reg,k_CCCTATTTAGTAGCCAATTCA,74.54227905273437
ERY,kmer,reg,k_AGCAGTTTGATCATTTGGATC,73.06845703125
ERY,kmer,reg,k_AAAAATCCGACCAAGCCATAC,70.7542288661003
ERY,kmer,reg,k_AATAATAGCACGTAAGAGCAT,63.26731872558594
ERY,kmer,reg,k_GTACCAGACTTGAGGGCTACA,62.69071655273437
ERY,kmer,reg,k_ACGTAAGAGCATATTTGTAAA,59.379380035400395
ERY,kmer,reg,k_AAAAAATTGGAGATTCCTTTA,58.992265701293945
ERY,kmer,reg,k_AAAGTATTTCTTAAGGGTTGC,57.907965722680096
ERY,kmer,reg,k_ACCGTTTCAGCTAAAGAATAT,57.699169921875
ERY,kmer,reg,k_AAAAATGCTGACCTTGCGGAC,56.62705478668213
ERY,kmer,reg,k_AGAATTTCCCCTGTTTTAGCA,55.95601196289063
ERY,kmer,reg,k_AACACCGTTCAAAATCAGGTA,55.645166015625
ERY,kmer,reg,k_AAACGACTGTTGAACCGAGCA,54.92374076843262
ERY,kmer,reg,k_AAATAAGACTTAGAAGCAAAC,49.29893188476562
ERY,kmer,reg,k_AAGCAGATTTTCTTTCTTGGT,47.55668239593506
ERY,kmer,reg,k_AACCAATGTCTTTGTCCCAGG,46.976123046875
ERY,kmer,reg,k_AAAATATAATTGGTAGAACCA,46.19922790527344
ERY,kmer,reg,k_AGCTGAAACGGTCTGAGAATC,41.942717742919925
ERY,kmer,reg,k_AGGCTGTTGAACCGTTACATA,41.201235961914065
ERY,kmer,reg,k_AAAAGAAACCTCGTGTCTATA,40.76396179199219
ERY,kmer,reg,k_AACAGAAGTTGTTTCAAAAAC,36.181736016273504
ERY,kmer,reg,k_AAGAAGTGGAGCAAGTCGCTA,33.43061828613281
ERY,kmer,reg,k_AACTGGGATGGATGTCTACAC,32.97976913452148
ERY,kmer,reg,k_AAATGCGTAATGTAGATAAAA,32.386898803710935
ERY,kmer,reg,k_CCATCTGTAAGAAGGATGAGA,29.791751098632812
ERY,kmer,reg,k_AAGCTTATCCTATTCGAGTGA,29.44505920410156
ERY,kmer,reg,k_TTTATCACGGAAGTGCAAAAA,29.214319871738553
ERY,kmer,clf,k_AAAACATCTACTGTTTTGAAA,28.970303344726563
ERY,kmer,reg,k_CATATATACGGTAAGGCGACG,28.098779296875
ERY,kmer,reg,k_AATGGTGTGGATATCCAGCAA,27.696270751953126
ERY,kmer,clf,k_AGTAGCCAATTCAGCAATAAT,27.63445587158203
ERY,kmer,reg,k_ACTTGACCATACTCGGCCGGA,27.551934814453126
ERY,kmer,clf,k_AAGAATCTCTCAATCTTCAAT,26.99730224609375
ERY,kmer,reg,k_AAAGCGAATCCTTACATAATC,26.671759033203124
ERY,kmer,clf,k_AATTGGAGCTGAACCTTGGAA,26.590875148773193
ERY,kmer,reg,k_AAAATCAGGTAGCGTCCCAAA,26.4454345703125
ERY,kmer,clf,k_AGAGATTCTTTCATAGCTGAA,25.76606140136719
ERY,kmer,clf,k_CCCTATTTAGTAGCCAATTCA,25.48928909301758
ERY,kmer,reg,k_AACCAGCTCTCACTATCCAAA,25.265045166015625
ERY,kmer,clf,k_ACTGTTTTGAAACAGACTAAA,24.928688049316406
ERY,kmer,reg,k_AAAGCGTCCATAAAGAACTCA,24.327877807617188
ERY,kmer,clf,k_AAGCCAACTGTAACTGTTCCT,23.960356140136717
ERY,kmer,reg,k_AACATCTTCCGCAGTACCGCC,23.135293579101564
ERY,kmer,reg,k_ACTGGCATGCAAATCTAGCCA,22.967485427856445
ERY,kmer,reg,k_AGAGATCAGTCATCGTATAAG,22.48493512272835
ERY,kmer,reg,k_AGAGGCAATTTCAACTGCCAT,22.182958984375
ERY,kmer,reg,k_AATAGATACTTAAATAATAGC,21.78993339538574
ERY,kmer,reg,k_AACAGTCGTTTGCAGCAGAGG,21.55830944776535
ERY,kmer,clf,k_ATGTAGCCCTCAAGTCTGGTA,21.557476806640626
ERY,kmer,reg,k_AAAATCAGACAGGGTTTGCTT,21.512567138671873
ERY,kmer,reg,k_AACTTCAGCTCCAGCATCTAT,21.3467041015625
ERY,kmer,reg,k_AGAAATTTATACTTTGTTTAT,20.4230094909668
ERY,kmer,reg,k_ACATTACGCATTTGGAATACC,20.212950134277342
ERY,kmer,reg,k_AAAGAGGAAATCACTATATCC,20.1638671875
ERY,kmer,reg,k_GAGCTTGCGAGAGCAGTCTGC,19.988546752929686
ERY,kmer,reg,k_AAAACAGGAAGAGCCAAACTA,19.943373107910155
ERY,kmer,reg,k_AAGCGCAGGCTCGCCTTCTGA,19.5400634765625
ERY,kmer,reg,k_ACAGCCTGCAAAAAGTAGATC,19.397216796875
ERY,kmer,reg,k_ATCAGCCTTTTCAATTTCATC,19.26085205078125
ERY,kmer,reg,k_AAAGGCCTTGGGCAGACGCAA,19.153802490234376
ERY,kmer,reg,k_ATATGGAACTATGTATAATCA,18.6994140625
ERY,kmer,reg,k_AGTCCCTAGCTCATGGAGAAA,18.3841552734375
ERY,kmer,clf,k_AACTGTCTTATCAAGAAGCTA,18.333096313476563
ERY,kmer,reg,k_AACTCAGTTCCTCCGTCACAT,18.081695422530174
ERY,kmer,reg,k_ACTTCTGTTTCTTTTACTAAG,17.96409912109375
ERY,kmer,reg,k_AAGCCAACTGTAACTGTTCCT,17.88496551513672
ERY,kmer,reg,k_ACGTGCTATTATTTAAGTATC,17.724443244934083
ERY,kmer,reg,k_AAAATAGCAAGTTAAAGGAAT,17.494375801086427
ERY,kmer,reg,k_AAACCGTTGGGGGCTTTGTCC,17.450114440917968
ERY,kmer,reg,k_AAAACATTGTGAGAAATTGGT,17.443569946289063
ERY,kmer,reg,k_AAAAATGCGGTCGTAATCGGT,17.394772338867188
ERY,kmer,reg,k_ACCTCATTTCGTCCCAGCAAG,16.90536003112793
ERY,kmer,reg,k_AAGCTCGTCAGAAGTTCAAAC,16.70220489501953
ERY,kmer,clf,k_AAAAATCCGACCAAGCCATAC,16.512713623046874
ERY,kmer,reg,k_AATTTCCCCTGTTTTAGCACT,16.36177978515625
ERY,kmer,clf,k_CTGTTGAACCGTTACATACAA,16.326544189453124
ERY,kmer,reg,k_AAAGAGGAAAAGGAATGTATG,16.104725646972657
ERY,kmer,reg,k_ATGGCGTTGGCGAATTTGAAC,15.99345703125
ERY,kmer,reg,k_AAAGTCACTGCATCTGTGCTG,15.909707641601562
ERY,kmer,reg,k_ACAGAGGACTCCTACCTCAGA,15.75439910888672
ERY,kmer,reg,k_AACCAACTATATTCCTCTAAA,15.734001159667969
ERY,kmer,reg,k_AAAAACTGCTTTTCTTTCCCA,15.600480651855468
ERY,kmer,reg,k_ATGCCTATGGTTATGCATAAA,15.567213439941407
ERY,kmer,reg,k_AGGTTGGTTTTTTCTTCTCTA,15.517807006835938
ERY,kmer,clf,k_AAACATCTACTGTTTTGAAAC,15.457916259765625
ERY,kmer,reg,k_ATGGATGTCTACACAAATGTA,15.339250946044922
ERY,kmer,reg,k_AAAGCAAAGCAGATGCAAAAG,15.255634117126466
ERY,kmer,reg,k_ACAAAATCGATCAGGACAGTC,14.974057483673096
ERY,kmer,reg,k_AAAAAGCTTCTAATCCAAGGC,14.362846374511719
ERY,kmer,reg,k_AAAAATTAAAACTGAATACTC,13.994973754882812
ERY,kmer,reg,k_AAACAAACCTTCTTGTTGGTG,13.925798141956328
ERY,kmer,clf,k_ATTGGGGTGGCAAATTCTCCC,13.85029640197754
ERY,kmer,reg,k_AGACTTGCTTGCCTGAATGAT,13.815675354003906
ERY,kmer,reg,k_AGGGCTGTGATAATCTCAAAC,13.790447998046876
ERY,kmer,reg,k_AAGCGTCGCTCTGAAATGGAA,13.583261108398437
ERY,kmer,reg,k_AAACGTAAATCTTATGATCAT,13.581884665787221
ERY,kmer,clf,k_AATGTAGATAAAACATCTACT,13.487200927734374
ERY,kmer,reg,k_AATCTGCTTACATGCGTTTCA,13.45323486328125
ERY,kmer,reg,k_AACAGAACATCAGGTTCTACT,13.439306557178497
ERY,kmer,reg,k_AAAACGCTTAGTAAAAGAAAC,13.382972335815431
ERY,kmer,clf,k_AATAATAGCACGTAAGAGCAT,13.272000503540038
ERY,kmer,reg,k_AAAATATACACCATCGTCTCA,13.166943359375
ERY,kmer,reg,k_AAAGCCTGTCTGCTCCTGTAA,13.025971984863281
ERY,kmer,reg,k_AATTCCTGTCAAAATGGGCTG,13.001315307617187
ERY,kmer,reg,k_AAGAGTATAATACTAGACTAA,12.849967956542969
ERY,kmer,reg,k_ATTGTCAACAACCGCTTCCCA,12.726459503173828
ERY,kmer,reg,k_AAAGAAGCTATTTTTTTATTG,12.71763916015625
ERY,kmer,reg,k_AACAACCGCTTCCCAGAATCC,12.146447086334229
ERY,kmer,clf,k_AATATTCATTATGGAGGTGTG,12.056690216064453
ERY,kmer,reg,k_AATCACTAGAAGAATATCCAT,11.974522399902344
ERY,kmer,reg,k_AATTGAAAGGTCGTGGGTGTC,11.940274810791015
ERY,kmer,reg,k_AAAAAAACGTGGAATTAAAAA,11.833243364095688
ERY,kmer,reg,k_AGGATTTGCCTAGGGAGTTGG,11.743187713623048
ERY,kmer,reg,k_AGATCGATTCCCCATTGATGC,11.58057861328125
ERY,kmer,clf,k_AAAGAATATGGCGTTGAAGAA,11.51571044921875
ERY,kmer,reg,k_CTACACAAATGTAGACCAAGA,11.506884765625
ERY,kmer,reg,k_AAAAGGCAATTGCTCAAGCGC,11.458439588546753
ERY,kmer,reg,k_ATTTTATACTCAATAAAAATC,11.2779541015625
ERY,kmer,reg,k_AAGAGACCATTGTCATCACGG,11.277684020996094
ERY,kmer,reg,k_AAAATGGGCGTTTGGAGTATA,11.26298828125
ERY,kmer,clf,k_AAATAGATACTTAAATAATAG,11.251194190979003
ERY,kmer,reg,k_AATGAGTCAGGGAAAAAACTC,10.981575775146485
ERY,kmer,reg,k_ATCGTCTGGGTAATATTGTAC,10.945520782470703
ERY,kmer,reg,k_AATCATTATGAAGTACATTAA,10.832876586914063
ERY,kmer,reg,k_GATTATACATAGTTCCATATA,10.8052490234375
ERY,kmer,reg,k_GGCGTTTTTTCTATGCCCACA,10.721340942382813
ERY,kmer,clf,k_AGAAATTTATACTTTGTTTAT,10.656622695922852
ERY,kmer,reg,k_AAATAATAGCACGTAAGAGCA,10.572241020202636
ERY,kmer,reg,k_AAAAAACCATCTGCTCCAAAA,10.498790574073793
ERY,kmer,reg,k_AAATTTTACGATGAGATGGGA,10.45130615234375
ERY,kmer,reg,k_AACAGAATATCAGGTTCTACT,10.255364227294923
ERY,kmer,reg,k_AAAGACATCTTGACCAGCAAT,10.115535736083984
ERY,kmer,reg,k_AAACTCTTTCTCACGGAATGC,10.037442016601563
ERY,kmer,reg,k_ACAGCCTATATGATGACCGAC,10.01385955810547
ERY,kmer,reg,k_ACGATCCACAACACCGTTCAA,9.88106689453125
ERY,kmer,clf,k_GTTTGATCATTTGGATCATAA,9.826790618896485
ERY,kmer,reg,k_CCTCCATTAGTCTTAATTTAC,9.702197265625
ERY,kmer,reg,k_AAAAGTTGGTTTTGGAGATGG,9.700572967529297
ERY,kmer,reg,k_AAAAACGGATGTATAACACCA,9.511131286621094
ERY,kmer,clf,k_AAAAAATCAGAATAAAGAAAA,9.496691131591797
ERY,kmer,reg,k_AACTTCCACCATTGGGAAAGA,9.491368865966797
ERY,kmer,reg,k_AACTTCCTCGTCCTCGACAGG,9.450690460205077
ERY,kmer,reg,k_AAACGTTCCAGGTTCAACCCT,9.447152709960937
ERY,kmer,reg,k_AAAACACTTGTCTACGATTAC,9.370497894287109
ERY,kmer,reg,k_AAAAGCCCCACTGAGTTGTTA,9.297652435302734
ERY,kmer,reg,k_AAGACGAACACGATACAAGCG,9.277399650216102
ERY,kmer,reg,k_ACCACTCGTGAGTTCCAGCAC,9.249834060668945
ERY,kmer,reg,k_ATCTATTAATGAAATCTTGAA,9.230963134765625
ERY,kmer,reg,k_AAACCAAGCTCTGTCTCAGGA,9.20299072265625
ERY,kmer,reg,k_AACAGGTTTCATGCAGCCATT,9.183290290832518
ERY,kmer,reg,k_ATTTAAACGATCAAGAATGGG,9.134269607067107
ERY,kmer,reg,k_ACACCGCCAGCCACCAAAGCG,9.085542297363281
ERY,kmer,reg,k_AAGAGACACCGAAACAAGAAG,9.071748352050781
ERY,kmer,reg,k_AACGTTTGGAAATGTCGATCT,9.052032333612443
ERY,kmer,reg,k_ACAATGGTCTCTTGACTCTTG,9.041108703613281
ERY,kmer,reg,k_AAATTTTAAATTTTCCTGCAC,9.032174682617187
ERY,kmer,reg,k_ATTTATCTTAGTTGAGCAAGA,9.023805236816406
ERY,kmer,clf,k_AGCAGTTTGATCATTTGGATC,8.903741455078125
ERY,kmer,reg,k_CCTCAACCCCTTCAAGTTCCA,8.8177734375
ERY,kmer,reg,k_AGTTGTTCTCACGCGCTCCTA,8.789102172851562
ERY,kmer,reg,k_AAAACTAAAAGGACTTAGCTC,8.699933624267578
ERY,kmer,reg,k_AAGAATACGAGGCTCTTCCCC,8.65064697265625
ERY,kmer,reg,k_ATTTTCCAAAAGTCGTCCAAG,8.429981231689453
ERY,kmer,clf,k_ATGAGGATTGACCTTATAGAC,8.393091011047364
ERY,kmer,reg,k_AAGCAAGCCAAGCTGACCATA,8.286360168457032
ERY,kmer,clf,k_ACGTACAGCATGTGGTCGAAA,8.257843017578125
ERY,kmer,reg,k_CGAACTTATGAAGAAATTGCG,8.243576049804688
ERY,kmer,reg,k_AAAAAAGAAAGAAGGAAAACA,8.173594665527343
ERY,kmer,reg,k_AAAACCATTTTCAAGTTTTCA,8.139681243896485
ERY,kmer,reg,k_AAAATAGCTGATCCACCTTGC,8.134068298339844
ERY,kmer,reg,k_AAGCAAGTCTGATTTGCCTGA,8.033446168899536
ERY,kmer,reg,k_AATCAAAGACAGAGTCGTATC,7.976401281356812
ERY,kmer,reg,k_ATCCGTCCGGTAGTTAGCAAT,7.976400756835938
ERY,kmer,reg,k_AAAAAAAGCCACCGAATGCGG,7.943924903869629
ERY,kmer,reg,k_AACATCTATGAAGCAACCAAA,7.909532165527343
ERY,combined,reg,k_AGGCTGTTGAACCGTTACATA,732.16015625
ERY,combined,reg,k_AATTGGAGCTGAACCTTGGAA,654.7023803710938
ERY,combined,reg,k_ACTTTGTTTGGCGTGATATCC,642.8890351772308
ERY,combined,reg,k_ATGCAATGCCTAGCATCAAGG,470.20771484375
ERY,combined,reg,k_ACTTCTGTTATGATGCAAGTC,456.8408203125
ERY,combined,reg,k_AGAGATTCTTTCATAGCTGAA,414.52039602845906
ERY,combined,reg,k_AATAGATACTTAAATAATAGC,407.0263893127441
ERY,combined,reg,k_AATCTCTCAATCTTCAATCTC,405.7177978515625
ERY,combined,reg,k_AAAACATCTACTGTTTTGAAA,301.2323486328125
ERY,combined,reg,k_AACGATAAGACAGGGATTTTG,258.27451477050784
ERY,combined,reg,k_AAACTGCTCGGAAATCTCAAA,248.5964111328125
ERY,combined,reg,k_CTGACTTGCATCATAACAGAA,243.362451171875
ERY,combined,reg,k_AAATAAGACTTAGAAGCAAAC,221.50625
ERY,combined,reg,k_AAAAATCCGACCAAGCCATAC,220.8750244140625
ERY,combined,reg,k_AATGTAGATAAAACATCTACT,218.0978515625
ERY,combined,reg,k_ATGTAGCCCTCAAGTCTGGTA,202.6197998046875
ERY,combined,reg,k_CCCTATTTAGTAGCCAATTCA,165.23236083984375
ERY,combined,reg,k_AATGCCTAGCATCAAGGATAT,162.61903076171876
ERY,combined,reg,k_TATGAGGATTGACCTTATAGA,153.75269775390623
ERY,combined,reg,k_TAAACAAAGTATAAATTTCTA,115.07846069335938
ERY,combined,reg,k_AAAGCGTCCATAAAGAACTCA,99.37919921875
ERY,combined,reg,k_ACTGTTTTGAAACAGACTAAA,96.34606323242187
ERY,combined,reg,k_AGCAGTTTGATCATTTGGATC,91.48815095424652
ERY,combined,reg,k_AAAGAATATGGCGTTGAAGAA,87.21480102539063
ERY,combined,reg,k_AAAAAAAGGATATCTGTCAAC,84.303076171875
ERY,combined,reg,k_AAAAATGCTGACCTTGCGGAC,80.28532252311707
ERY,combined,reg,k_AAACGACTGTTGAACCGAGCA,70.78157758712769
ERY,combined,reg,k_ACGTGCTATTATTTAAGTATC,69.1474750518799
ERY,combined,reg,k_AGTAGCCAATTCAGCAATAAT,68.78338317871095
ERY,combined,reg,k_ATGAGGATTGACCTTATAGAC,66.5103775024414
ERY,combined,reg,k_AGAGATCAGTCATCGTATAAG,63.05079061985016
ERY,combined,reg,k_AAAACGCTTAGTAAAAGAAAC,62.74984875917435
ERY,combined,reg,k_CTCTACTGTGCAGAAGCAAGA,58.674139404296874
ERY,combined,reg,k_CCTGATTTTATCTTGTATGTA,57.31727714538574
ERY,combined,reg,k_ACATTACGCATTTGGAATACC,55.95827026367188
ERY,combined,reg,k_GTACCAGACTTGAGGGCTACA,53.6849609375
ERY,combined,reg,k_CTTCTGTTATGATGCAAGTCA,53.03880615234375
ERY,combined,reg,k_AAAAGAAACCTCGTGTCTATA,51.4048828125
ERY,combined,reg,k_ACTTGAACAAAAAATGGGAGA,49.94230422973632
ERY,combined,reg,k_ACGTAAGAGCATATTTGTAAA,48.45865097045898
ERY,combined,reg,k_ATAGATGTAATCACTTCAGGA,48.168218994140624
ERY,combined,reg,k_ACATTTGTGTAGACATCCATC,46.091433715820315
ERY,combined,reg,k_AATTGAAAGGTCGTGGGTGTC,43.33458251953125
ERY,combined,reg,k_AAAAAATTGGAGATTCCTTTA,42.619065856933595
ERY,combined,clf,k_AATGCTCAGGCTGTTGAACCG,41.25565185546875
ERY,combined,clf,k_AATTGGAGCTGAACCTTGGAA,40.25814666748047
ERY,combined,reg,k_AAGTTTTCAGCATCTGGGATT,40.22145385742188
ERY,combined,reg,k_AGGGCTGTGATAATCTCAAAC,39.969287109375
ERY,combined,reg,k_AAAGAATATCACGCCAAACAA,39.353865866363044
ERY,combined,clf,k_AGTAGCCAATTCAGCAATAAT,37.77570686340332
ERY,combined,reg,k_AAAATATAATTGGTAGAACCA,37.501217651367185
ERY,combined,reg,k_AAAACACTTGTCTACGATTAC,37.47928085327148
ERY,combined,clf,k_AAACCACGAGTGCCGATTTTG,36.663638305664065
ERY,combined,reg,k_AACATCTTCCGCAGTACCGCC,36.0278076171875
ERY,combined,reg,k_AAATAGATACTTAAATAATAG,35.658610159158705
ERY,combined,reg,k_ATCGTCTGGGTAATATTGTAC,33.97106018066406
ERY,combined,reg,k_AAAGCAAGTCTTCTTTTCTAT,33.232931518554686
ERY,combined,reg,k_CCAAATGCGTAATGTAGATAA,33.154458618164064
ERY,combined,reg,k_CAAACGACTGTTGAACCGAGC,32.48949489593506
ERY,combined,reg,k_AGAATCAGGTAGCGTCCCAAA,32.4016357421875
ERY,combined,clf,k_AAACATCTACTGTTTTGAAAC,32.26741333007813
ERY,combined,reg,k_AAATAATAGCACGTAAGAGCA,31.644066619873044
ERY,combined,reg,k_AAGAAGTGGGAGAGATCAGTC,30.749863553047177
ERY,combined,reg,k_AACTGGTACGCAAAGAGGAAA,29.853387451171876
ERY,combined,reg,k_AAAGAATGGGCTATTAGAATG,29.22530517578125
ERY,combined,reg,k_AAGATGTTTTCGACCACATGC,28.901345825195314
ERY,combined,reg,k_AAACATTCGCAGCTGGAGACG,28.133074951171874
ERY,combined,reg,k_AACAGAACATCAGGTTCTACT,26.931568145751953
ERY,combined,reg,k_ATATTCACAGCTAGCATAACA,26.45185546875
ERY,combined,clf,k_AATGTAGATAAAACATCTACT,26.327719116210936
ERY,combined,reg,k_ACTTCTGTTTCTTTTACTAAG,24.9634521484375
ERY,combined,clf,k_ACTGTTTTGAAACAGACTAAA,24.764981079101563
ERY,combined,reg,k_AAAAATTAAAACTGAATACTC,24.708245849609376
ERY,combined,reg,k_AAATGCGTAATGTAGATAAAA,24.54996337890625
ERY,combined,reg,k_AATTTCCCCTGTTTTAGCACT,24.51372528076172
ERY,combined,reg,k_AACCATAGGCATACAAAGCAT,23.670745849609375
ERY,combined,reg,k_AACCAGTAGAATCAAAAGAGG,23.42236785888672
ERY,combined,clf,k_CCCTATTTAGTAGCCAATTCA,23.349522495269774
ERY,combined,reg,k_AAGCGGTCGCCAATTTACAGG,22.952294921875
ERY,combined,reg,k_AATATTTTAGCATCCACGGTG,22.739837646484375
ERY,combined,reg,k_AAGAACGGAAGAACCAAGATG,22.70539093017578
ERY,combined,reg,k_ATTGTCAACAACCGCTTCCCA,22.682098388671875
ERY,combined,reg,k_AAAAAATTATTTTGAAGCAAG,22.65699157714844
ERY,combined,reg,k_ATGGATGTCTACACAAATGTA,22.223361206054687
ERY,combined,reg,t_serotype_35F,21.772554779052733
ERY,combined,reg,k_AACTGGGATGGATGTCTACAC,21.6601318359375
ERY,combined,reg,k_AAAAACCAATTGAAGTTGGTG,20.469398498535156
ERY,combined,reg,k_AGAAATTTATACTTTGTTTAT,20.26327394247055
ERY,combined,reg,k_AAAATGCAGTTATGGAAGGGA,20.20327912569046
ERY,combined,reg,k_AAGTGCTGTCAGACAAGGTCG,19.909080505371094
ERY,combined,reg,k_ACTGACTTGGTTGAGCGCAAA,19.78221740722656
ERY,combined,reg,k_AGCTGAAACGGTCTGAGAATC,19.760828179121017
ERY,combined,reg,t_ST_347,19.75272216796875
ERY,combined,reg,k_AAAACCTTCGTCTCTCAACTA,19.659837341308595
ERY,combined,reg,k_AACAGTCGTTTGCAGCAGAGG,19.587469339370728
ERY,combined,clf,k_AAAACATCTACTGTTTTGAAA,19.457215881347658
ERY,combined,reg,t_serotype_10A,19.23798999786377
ERY,combined,clf,k_AAACTGCTCGGAAATCTCAAA,18.596835327148437
ERY,combined,reg,k_ATCTTTTCAGCAAAGATGCAG,18.285719299316405
ERY,combined,reg,k_AAAATGTAGCCCTCAAGTCTG,18.117105102539064
ERY,combined,reg,k_AAAAGGAGTTTTTCTTTCTTA,17.913658142089844
ERY,combined,reg,k_AAAGAGGAAAAGGAATGTATG,17.89885711669922
ERY,combined,reg,k_AAGCGTTTTGTTGCTTGAAGA,17.777239990234374
ERY,combined,reg,k_AAAGCCTGATTGAGGTCTTCA,17.61785125732422
ERY,combined,reg,k_TTTATCACGGAAGTGCAAAAA,17.389715576171874
ERY,combined,reg,k_CCCTGTTTATCACGGAAGTGC,17.345401668548586
ERY,combined,clf,k_AATAGATACTTAAATAATAGC,17.300256056338547
ERY,combined,reg,k_AATAAACAAAGTATAAATTTC,16.979443359375
ERY,combined,reg,k_AAAAACATTCCCGTAGTGCTT,16.261500549316406
ERY,combined,reg,k_TGCCCCCCAAAAGTTAGACAA,16.164810180664062
ERY,combined,clf,k_TATGAGGATTGACCTTATAGA,16.05475206375122
ERY,combined,reg,k_AATTTGTTCACGGGGTAGATG,15.823825454711915
ERY,combined,clf,k_AAAAATCCGACCAAGCCATAC,15.775932312011719
ERY,combined,reg,k_CCCTTCTCGTTTGTGAGGAGG,15.5706862449646
ERY,combined,reg,k_AAAAACAAACTGGCTTTAAAG,15.251780700683593
ERY,combined,reg,k_CCCTTGCCATTGGTCCCTCCG,15.044462585449219
ERY,combined,reg,k_AATAATTACAACGATGCACCC,15.041238164901733
ERY,combined,reg,k_ACAGTTATTTTCTTTAATATC,15.018841552734376
ERY,combined,clf,k_AGAATTTCCCCTGTTTTAGCA,14.650581979751585
ERY,combined,reg,k_AAGAGTATAATACTAGACTAA,14.584248352050782
ERY,combined,reg,k_AAAATGGGCGTTTGGAGTATA,14.4344482421875
ERY,combined,reg,k_AAAAAGGGAAATTATCGTTTT,13.984261074662209
ERY,combined,reg,k_AACTACATTCCTCTAAAGTAT,13.914144897460938
ERY,combined,reg,k_AACTTCAGCTCCAGCATCTAT,13.81832275390625
ERY,combined,reg,k_AGGTTGGTTTTTTCTTCTCTA,13.658837890625
ERY,combined,reg,k_AAAAGATGTCTCGAGTCTAAT,13.648291015625
ERY,combined,reg,k_AACACCGTTCAAAATCAGGTA,13.565919494628906
ERY,combined,reg,k_ACCGTTTCAGCTAAAGAATAT,13.470182442665099
ERY,combined,reg,k_AATGCGTAATGTAGATAAAAC,13.340672302246094
ERY,combined,reg,k_AGTTATGATCTTTTCAGCAAA,13.142831420898437
ERY,combined,reg,k_AAAAAGGAAAACGAGAAGAGG,12.670005798339844
ERY,combined,reg,k_CGCAGCCCATGATAACTTGAC,12.5555908203125
ERY,combined,reg,k_AAGAGACCATTGTCATCACGG,12.385749816894531
ERY,combined,reg,k_CTCAAATAAATCATCTGCCAC,12.368973541259766
ERY,combined,reg,k_AACTTGACTTTAGGTTTAAAT,12.284992980957032
ERY,combined,reg,k_AAGACCTGATAATTTTCAAGC,11.986573791503906
ERY,combined,reg,k_ATTTCCCAGTAAGATTCGAAG,11.947494506835938
ERY,combined,reg,k_ATAGGTCGGGAGACACTTACC,11.769241333007812
ERY,combined,reg,k_ATAGATTGAAATAAGATATGA,11.661460876464844
ERY,combined,reg,k_AAAGATATCTTCCTCAGGTAC,11.582384300231933
ERY,combined,reg,k_AAAATCTAGGTGTAGGGAGTC,11.531912994384765
ERY,combined,reg,k_ATATTGCTTCCTAAAAAGGCG,11.299810791015625
ERY,combined,reg,k_AAGTAGTGAAAAAATGGCTGC,11.29228515625
ERY,combined,reg,t_ST_3135,11.267510032653808
ERY,combined,reg,k_AAAGGCATTGGTATAGGTCCG,11.046975708007812
ERY,combined,reg,k_AGAGCAGTCTGCCTACTACCA,10.876809692382812
ERY,combined,reg,k_AATGGAAGGTTATACACCAGG,10.862105560302734
ERY,combined,clf,k_GTTTGATCATTTGGATCATAA,10.822502899169923
ERY,combined,reg,k_GAGCTTGCGAGAGCAGTCTGC,10.796107482910156
ERY,combined,reg,k_AAGCCAGCATTGTCCTTCAAG,10.78754119873047
ERY,combined,reg,k_AGTTATTGGGAGTTGGTAGAG,10.715483093261719
ERY,combined,reg,k_CGACTATTGCTTTTTTGAAAA,10.636146545410156
ERY,combined,reg,k_CTCTAAAATCAAAGGCCAAAC,10.626514434814453
ERY,combined,reg,k_AACGAATATATCGCCTAAAGC,10.520751953125
ERY,combined,reg,k_AATTCATGAGATAAGATTTTA,10.5104248046875
ERY,combined,reg,k_CCCTTCTGATGTAGTTTATCC,10.38576431274414
ERY,combined,reg,k_AACCACGTTAGCTTTATCCAC,10.352745819091798
ERY,combined,reg,k_CCTGCTCATACTTTCCATCAG,10.299890899658203
ERY,combined,reg,k_GGATTTCTAAGTATTTAGTAA,10.246997979283332
ERY,combined,reg,t_serotype_23A,10.153914070129394
ERY,combined,reg,k_ACATAGTTCCATATAGAGGGT,10.01642074584961
ERY,combined,reg,k_AAATCATGATGCTAGGCACGG,9.923703002929688
ERY,combined,reg,k_AAGGAAACGACAGCCTATATG,9.90908203125
ERY,combined,reg,k_ACGAATCCTATCTTCAAAACG,9.816766357421875
ERY,combined,reg,k_AAGAACGTTTTGCGGATTATC,9.7872802734375
ERY,combined,reg,k_ATATTCTGTTAATGGATGAGC,9.75116548538208
ERY,combined,reg,k_AAAATTTTTCCCACAAATAGG,9.728127670288085
ERY,combined,reg,k_AAAAACGGATTCACAAACTTC,9.690218457579613
ERY,combined,reg,k_ATCTATAAAGAAGGTTAAACG,9.652667999267578
ERY,combined,reg,k_AGATAGTCATTTGCTAGCCCA,9.570452880859374
ERY,combined,reg,k_AAACAGAAAGAGAGCTTTAGT,9.552753448486328
ERY,combined,reg,k_AAAATCAACACTAATCTCTTA,9.503406524658203
ERY,combined,reg,k_AAAAAGGCGGTTCCACCATTC,9.46729736328125
ERY,combined,reg,k_CCCTTGCTGTACCCAAGTACA,9.466354370117188
ERY,combined,reg,k_AAACTATTGGCACTCAAGGCC,9.39180679321289
ERY,combined,reg,k_ATTCTCTATCTGGTGCAAACC,9.2154052734375
ERY,combined,reg,k_AAAGAGGAAATCACTATATCC,9.1285400390625
ERY,combined,reg,k_AAAAAAATACCCCCTACATTT,9.109298706054688
ERY,combined,reg,k_CTGCAGCAATATTGTTGGCAA,9.088371276855469
ERY,combined,reg,k_AAAAAAACTCCTATCAGATAA,8.89847964644432
ERY,combined,reg,t_serotype_35B,8.895564889907837
ERY,combined,clf,k_AATATTCATTATGGAGGTGTG,8.889324188232422
ERY,combined,reg,k_AAATTTCTTGATCATCCTTAC,8.8736328125
ERY,combined,clf,k_ACATTTGTGTAGACATCCATC,8.830703353881836
ERY,combined,reg,t_ST_9788,8.705483436584473
ERY,combined,reg,k_AAAAAACAGATTCACAAACTT,8.676476627588272
ERY,combined,reg,k_AAGTCAATATCTATGAAGCAA,8.65990104675293
ERY,combined,reg,k_AAAAATTATTAAGAGATCAAA,8.547293853759765
ERY,combined,reg,k_AAAATTTAAAATTTGTTGATT,8.515322875976562
ERY,combined,reg,k_AGGAAAAGGACTTCTTATACT,8.44191246032715
ERY,combined,reg,k_AAGCATAACGACGGTCTGTGT,8.427220153808594
ERY,combined,reg,k_AAAGGACATTCCCATCATCAT,8.422850036621094
ERY,combined,reg,k_AAAGAAGCGTGTCCTTAGTGC,8.36475830078125
ERY,combined,clf,k_AAGCCAACTGTAACTGTTCCT,8.316451263427734
ERY,combined,reg,k_AAGAATTTTTACCTGCCAGCA,8.279441833496094
ERY,combined,reg,k_ACAACTGGGATGGATGTCTAC,8.220375061035156
ERY,combined,reg,k_AACCTTCGTTTCACGTGCACG,8.193865394592287
ERY,combined,reg,k_AGCAACTATTGCAAATGATGG,8.17913522720337
ERY,combined,reg,k_AAACGTTTAGTCGCTTGAAGA,8.166455078125
ERY,combined,reg,k_AGATGGATATTCTTCTAGTGA,8.0677001953125
CLI,kmer,reg,k_AATGCCTAGCATCAAGGATAT,642.034375
CLI,kmer,reg,k_AGGCTGTTGAACCGTTACATA,426.5672241210937
CLI,kmer,reg,k_ATGCAATGCCTAGCATCAAGG,425.6349609375
CLI,kmer,reg,k_AATTGGAGCTGAACCTTGGAA,330.21943359375
CLI,kmer,reg,k_TATGAGGATTGACCTTATAGA,304.1640907287598
CLI,kmer,reg,k_AGAGATTCTTTCATAGCTGAA,279.907470703125
CLI,kmer,reg,k_AAAACATCTACTGTTTTGAAA,251.8352294921875
CLI,kmer,reg,k_AAAAATCCGACCAAGCCATAC,248.16909213066103
CLI,kmer,reg,k_CTGTTGAACCGTTACATACAA,217.6806396484375
CLI,kmer,reg,k_AGTAGCCAATTCAGCAATAAT,188.17304801940918
CLI,kmer,reg,k_AATTTCCCCTGTTTTAGCACT,185.40774974822997
CLI,kmer,reg,k_GTTTGATCATTTGGATCATAA,181.59224853515624
CLI,kmer,reg,k_ATGTAGCCCTCAAGTCTGGTA,158.27530517578126
CLI,kmer,reg,k_AAACATCTACTGTTTTGAAAC,151.29195556640624
CLI,kmer,reg,k_ACTGTTTTGAAACAGACTAAA,141.954296875
CLI,kmer,reg,k_ATGAGGATTGACCTTATAGAC,136.23421325683594
CLI,kmer,reg,k_AGCAGTTTGATCATTTGGATC,135.70741408467293
CLI,kmer,reg,k_AATGTAGATAAAACATCTACT,125.28277587890625
CLI,kmer,reg,k_AACGATAAGACAGGGATTTTG,116.96156616210936
CLI,kmer,reg,k_CCCTATTTAGTAGCCAATTCA,95.64160957336426
CLI,kmer,reg,k_CCAAATGCGTAATGTAGATAA,81.38270263671875
CLI,kmer,reg,k_TAAACAAAGTATAAATTTCTA,77.92731018066405
CLI,kmer,reg,k_GTACCAGACTTGAGGGCTACA,74.49476928710938
CLI,kmer,reg,k_AAACAACTATCATAGAAAAGG,71.9635498046875
CLI,kmer,reg,k_AAAATATAATTGGTAGAACCA,71.32030944824218
CLI,kmer,reg,k_AAATCAAGGGAATTCATCGTG,63.59922618865967
CLI,kmer,reg,k_AAAAGAAACCTCGTGTCTATA,50.15464477539062
CLI,kmer,reg,k_AAACGACTGTTGAACCGAGCA,49.348518419265744
CLI,kmer,reg,k_CCTGATTTTATCTTGTATGTA,49.33940391540528
CLI,kmer,reg,k_AAGGCGGCGACCATCAGCTCA,46.9892822265625
CLI,kmer,reg,k_AACTGGGATGGATGTCTACAC,46.62427711486817
CLI,kmer,reg,k_AATAGATACTTAAATAATAGC,44.122434043884276
CLI,kmer,reg,k_AAGCCAACTGTAACTGTTCCT,43.642147827148435
CLI,kmer,clf,k_AATGCCTAGCATCAAGGATAT,43.10654296875
CLI,kmer,reg,k_AAAAAATTGGAGATTCCTTTA,42.952843284606935
CLI,kmer,reg,k_ATAGATGTAATCACTTCAGGA,42.08753967285156
CLI,kmer,reg,k_AAGTCTGGATGACAAACCACC,37.80484313964844
CLI,kmer,reg,k_AAAGAAGTGAAAGTATCTTCC,33.30809631347656
CLI,kmer,reg,k_CTTGCTTCTGCACAGTAGAGC,32.3417724609375
CLI,kmer,reg,k_AAAGACTATGCAGGAAAAAAT,31.736325073242188
CLI,kmer,reg,k_AACTGAGATTCATGATGCCAT,31.728622436523438
CLI,kmer,reg,k_AATAATTACAACGATGCACCC,31.425365185737608
CLI,kmer,reg,k_AAATAATAGCACGTAAGAGCA,31.26813850402832
CLI,kmer,clf,k_AAACATCTACTGTTTTGAAAC,30.609661865234376
CLI,kmer,reg,k_AACATTCTTTGGTGACCACTC,30.305950927734376
CLI,kmer,reg,k_AAAACTAGCCTTATCAGGAAC,30.266796875
CLI,kmer,reg,k_ACGGAATGCGTCAGAAAGTCT,29.577294921875
CLI,kmer,reg,k_AAGATACTTTCACTTCTTTCC,29.107211303710937
CLI,kmer,reg,k_AGCGAGAGCAGAGGAAGCTGG,29.100843811035155
CLI,kmer,clf,k_ATGCAATGCCTAGCATCAAGG,28.2235595703125
CLI,kmer,reg,k_ACATTACGCATTTGGAATACC,28.0069091796875
CLI,kmer,reg,k_AAAGCTATCTTCTGGCTCAAC,27.812725830078126
CLI,kmer,reg,k_AATAATAGCACGTAAGAGCAT,27.58922424316406
CLI,kmer,reg,k_AAAGACATAGTCCGTAGAAAT,26.836544799804688
CLI,kmer,reg,k_AACAGTCGTTTGCAGCAGAGG,26.37409362792969
CLI,kmer,clf,k_CTGTTGAACCGTTACATACAA,25.000729370117188
CLI,kmer,reg,k_AACATTTTCAGTCAGACACCT,24.272232055664062
CLI,kmer,reg,k_AAAGCGTCCATAAAGAACTCA,24.193173217773438
CLI,kmer,reg,k_ATGCCTATGGTTATGCATAAA,24.039024353027344
CLI,kmer,reg,k_GCTGGAATGCGTTTTTCTTCC,23.53520812988281
CLI,kmer,reg,k_AAAAGTTAATAACTTATCCTC,23.37459716796875
CLI,kmer,reg,k_AATGATAAAGTATAAAGCTAG,23.24287109375
CLI,kmer,reg,k_AAATGACATAGTCCCAATCCA,22.9966552734375
CLI,kmer,reg,k_AAATCTCAAAAAGAAATTGTG,22.42492218017578
CLI,kmer,reg,k_AAGACTATTTTTATCCTACAG,21.811764526367188
CLI,kmer,reg,k_ACCAAACAAGTCTATTAATAC,21.64832763671875
CLI,kmer,reg,k_AAAGCTTTTGTAACCAACATT,21.31910400390625
CLI,kmer,reg,k_AAGCGTCGCTCTGAAATGGAA,21.15367736816406
CLI,kmer,reg,k_AAAGACATCAATGTAGAAAAT,20.906365966796876
CLI,kmer,reg,k_AATAAACAAAGTATAAATTTC,20.81765251159668
CLI,kmer,reg,k_ACGTAAGAGCATATTTGTAAA,20.614178276062013
CLI,kmer,reg,k_AAAAATGTGATAAAAATTTCA,20.59491882324219
CLI,kmer,clf,k_AAAAATCCGACCAAGCCATAC,20.481976318359376
CLI,kmer,reg,k_AAAGAAATGATAGATAGCAAG,20.084152221679688
CLI,kmer,clf,k_ACATTTGTGTAGACATCCATC,20.062268447875976
CLI,kmer,clf,k_AGAGATTCTTTCATAGCTGAA,19.627639770507812
CLI,kmer,reg,k_AAAGAAGGCATTCAAGCGGGC,19.616519165039062
CLI,kmer,reg,k_GGAGTTGGACCACTGGCATAC,19.518603515625
CLI,kmer,reg,k_ACCTAGGGCCAAACTTCCCAC,19.15795436501503
CLI,kmer,clf,k_AAAACATCTACTGTTTTGAAA,18.453834533691406
CLI,kmer,reg,k_ATCTAGTTGATAGGAAGGGAA,18.276918029785158
CLI,kmer,clf,k_AGTAGCCAATTCAGCAATAAT,18.274420833587648
CLI,kmer,reg,k_AAAAAATTGACGAGCTTTGAT,17.793598937988282
CLI,kmer,reg,k_AAAAAACAATATAGGGATTGA,17.728665924072267
CLI,kmer,reg,k_AAGATTTTGTCTTTGAGAAAG,17.599302673339842
CLI,kmer,reg,k_AAAATGCAGTTATGGAAGGGA,17.55693359375
CLI,kmer,reg,k_AACAGGAAGAATGTATCTCCG,17.54302520751953
CLI,kmer,reg,k_AGCCAAGTCAAATACATCATA,17.259539794921874
CLI,kmer,reg,k_ACCCACTATTTTACGAATCCT,17.1424072265625
CLI,kmer,reg,k_AAATAGATACTTAAATAATAG,17.04972620010376
CLI,kmer,clf,k_CCCTATTTAGTAGCCAATTCA,16.9500919342041
CLI,kmer,reg,k_AATTGAAACAAGAGCAGGACA,16.879421997070313
CLI,kmer,reg,k_ACACCCGCAAAGGTCGCATCA,16.75347137451172
CLI,kmer,reg,k_AACTCCAGCAGGGTTTACCTT,16.741535949707032
CLI,kmer,reg,k_AAATGCGTAATGTAGATAAAA,16.709075927734375
CLI,kmer,clf,k_CCTGATTTTATCTTGTATGTA,16.473171043395997
CLI,kmer,reg,k_AACTATAGAAGAAAATAATTC,16.43518981933594
CLI,kmer,reg,k_AAACTCTTTCTCACGGAATGC,16.420004272460936
CLI,kmer,reg,k_AAGTATCAAATCAAAGGTATT,16.37667236328125
CLI,kmer,reg,k_AAATAAGACTTAGAAGCAAAC,16.230488586425782
CLI,kmer,reg,k_AAACCAAAAATGCAAGTCCTG,16.013882446289063
CLI,kmer,reg,k_AAACTGTCATTTCCACAATAC,15.91121826171875
CLI,kmer,reg,k_AAACATACAAACACCAAGCTA,15.558453369140626
CLI,kmer,reg,k_AAAAAAGGATATTGACGAGCA,15.423407173156738
CLI,kmer,reg,k_AAAAATTCATCCCACGTCAGA,15.41985626220703
CLI,kmer,reg,k_AAAACACTTGTCTACGATTAC,15.164300537109375
CLI,kmer,reg,k_ATCGTCTGGGTAATATTGTAC,15.123716735839844
CLI,kmer,reg,k_ACATTTGTGTAGACATCCATC,15.04587278366089
CLI,kmer,reg,k_AAATGGGCATCTGGATATGAT,14.847739434242248
CLI,kmer,reg,k_AAAAAACAAGTTTAGATCCTC,14.80396918207407
CLI,kmer,reg,k_AACATGAGTAATATAAGAGCC,14.726728820800782
CLI,kmer,reg,k_CTTTATCAGGAGGACAGTACA,14.699196499586106
CLI,kmer,clf,k_AAGCCAACTGTAACTGTTCCT,14.604560852050781
CLI,kmer,reg,k_AAAATGGGCGTTTGGAGTATA,14.419321823120118
CLI,kmer,reg,k_AAGGGTTTTGCGCAGCTCACG,14.371670532226563
CLI,kmer,reg,k_AAGAAGTCCAAGGGACTGTGT,14.34208565056324
CLI,kmer,reg,k_AGAGATCAGTCATCGTATAAG,14.292918702960014
CLI,kmer,reg,k_AAGTCGTGCAACATAATCCCC,14.186383056640626
CLI,kmer,reg,k_ACAAAATCGATCAGGACAGTC,14.12440185546875
CLI,kmer,reg,k_AAATTCTCCCAACTGAATACC,14.100537109375
CLI,kmer,reg,k_AAGAAGAAACAGGCTATAACC,14.0571533203125
CLI,kmer,reg,k_ACACCATGAAGATTTTGACAG,14.01734619140625
CLI,kmer,reg,k_AATGATGGCCGCCTTATTTCC,14.0020516872406
CLI,kmer,reg,k_AGCTCGAAATGAGGTGCAAAA,13.921446228027344
CLI,kmer,reg,k_AATAGGAAATGGTGTCTTAGT,13.81157989501953
CLI,kmer,reg,k_ACCATGAACCGTTGTATTGGA,13.796127319335938
CLI,kmer,clf,k_ATGTAGCCCTCAAGTCTGGTA,13.74544677734375
CLI,kmer,reg,k_AACCCTATGAAGAAGTGGGAG,13.683843964338303
CLI,kmer,reg,k_TCCCCCCTTTTTTAATACAAA,13.66513671875
CLI,kmer,reg,k_ATGCTATAAATTCTATCATGC,13.514907836914062
CLI,kmer,reg,k_ACTATAAAGAAGTAAAGGAGG,13.511638641357422
CLI,kmer,reg,k_AAATTGACAACCGCTAAAGTC,13.423880004882813
CLI,kmer,reg,k_ATGTTAATTGTGGATTTTCTA,13.12203369140625
CLI,kmer,reg,k_AAGGTTGTGGATGTAAACGTC,13.007009148597717
CLI,kmer,reg,k_AAAACCAACAATGACAAGTCA,12.857196044921874
CLI,kmer,reg,k_AAGTAATTTTTCCAAAATACA,12.825982666015625
CLI,kmer,reg,k_AAAAAAATAGAAAGATTTGTG,12.726499938964842
CLI,kmer,reg,k_ATTCCAGATTCATACTCAATG,12.604545307159423
CLI,kmer,clf,k_AATTTCCCCTGTTTTAGCACT,12.541631427407266
CLI,kmer,reg,k_AACAGGAGCTGATGAGGCCTT,12.526786804199219
CLI,kmer,reg,k_ACGTGCTATTATTTAAGTATC,12.483464807271957
CLI,kmer,reg,k_AAAAAAACAGTCGTCACGGAT,12.4410338640213
CLI,kmer,reg,k_GATGAAAATCACGGTAAAGAC,12.4061279296875
CLI,kmer,reg,k_AAAGGCAGGCTTGATTCTACG,12.316978454589844
CLI,kmer,clf,k_AAAATATAATTGGTAGAACCA,12.255399894714355
CLI,kmer,reg,k_AAAATTCCAAGAAAAGAGCAA,12.12303466796875
CLI,kmer,reg,k_AAACAACTTCTGTTATGATGC,11.94391098022461
CLI,kmer,reg,k_AAAAGAAGTTATGGAAATAAG,11.904339599609376
CLI,kmer,reg,k_AAAAAGTCAAGGAGTTTCAAT,11.872171783447266
CLI,kmer,clf,k_AAATAAGACTTAGAAGCAAAC,11.844811248779298
CLI,kmer,clf,k_AGGCTGTTGAACCGTTACATA,11.737242889404296
CLI,kmer,reg,k_CTACACAAATGTAGACCAAGA,11.735079574584962
CLI,kmer,reg,k_CTATCTGCAACCTCAAAACCA,11.644753634929657
CLI,kmer,reg,k_ATGGATGTCTACACAAATGTA,11.489126586914063
CLI,kmer,reg,k_AACCCAAAAGGGCATAAAAAT,11.328337860107421
CLI,kmer,reg,k_AAAAAATACTCCGTATCATTT,11.093735504150391
CLI,kmer,reg,k_AAAATCAAAAAAGGCAGTTGT,11.027317810058594
CLI,kmer,reg,k_AAAAATAGAAGAAAAAGAACA,10.949883270263673
CLI,kmer,reg,k_AACTTCACAGAAGAAACGCTG,10.771982777118684
CLI,kmer,reg,k_AAAGTCCTTGCACATAGACTT,10.771185302734375
CLI,kmer,reg,k_ACGACGATGTGATTTTTGATG,10.648086547851562
CLI,kmer,clf,k_ACTGTTTTGAAACAGACTAAA,10.62283706665039
CLI,kmer,reg,k_AAAATTTTTCTGAAGATGTTC,10.598190307617188
CLI,kmer,reg,k_CTCTAAAATCAAAGGCCAAAC,10.583057403564453
CLI,kmer,reg,k_CTGAGGTTTTGAAGGATTTGC,10.581851196289062
CLI,kmer,reg,k_AAAAAACTCCTTTTTTAAAAG,10.543712843954562
CLI,kmer,reg,k_AAAAATTTGCTTCCCACCGAT,10.515532684326171
CLI,kmer,reg,k_AGAAATTTATACTTTGTTTAT,10.484345841407775
CLI,kmer,reg,k_ACACCGCCAGCCACCAAAGCG,10.445588684082031
CLI,kmer,reg,k_AGCGGCAAATTTGGGTCAGGA,10.419161224365235
CLI,kmer,reg,k_ACATAATGAAGTAAAAAAGGA,10.361811476945878
CLI,kmer,clf,k_AACTGGGATGGATGTCTACAC,10.062516403198241
CLI,kmer,reg,k_AATCAAGATGGTAAGGAAGCA,10.052989959716797
CLI,kmer,reg,k_CTGCCAAGCTCTCTTTTCAAA,10.013434600830077
CLI,kmer,reg,k_CTAGCAAAATATCCTCTGACA,9.887681579589843
CLI,kmer,reg,k_AAGGTATTATTATCAATAGCA,9.851120567321777
CLI,kmer,reg,k_AGTAAACCTCAAAATAGGGAA,9.781963348388672
CLI,kmer,reg,k_AAGTTATGGCCTGTGGTGACG,9.710479736328125
CLI,kmer,reg,k_AAAGGCATGATAGAAGGCGTA,9.610544586181641
CLI,kmer,reg,k_CTAGCAATGTTTTAGAAGTCC,9.602887725830078
CLI,kmer,reg,k_ACCTATAACCATGCGCTATCT,9.559237837791443
CLI,kmer,reg,k_AGGCTATCAATGATGCTAGCC,9.525896453857422
CLI,kmer,reg,k_AAAACAATTTCAGGAAAAATA,9.510589599609375
CLI,kmer,reg,k_AACCAAATCATGATAGTCATA,9.406732177734375
CLI,kmer,reg,k_AACAGTATCTGATCCAAAAAT,9.321242523193359
CLI,kmer,reg,k_ATGTATGGCTGGAAAAAAGAG,9.277471923828125
CLI,kmer,reg,k_ACCCTCTGCATCCACAACCGG,9.255279088020325
CLI,kmer,reg,k_AAAAATTTGACAGACCACGGT,9.16517333984375
CLI,kmer,reg,k_AACAGAATATCAGGTTCTACT,9.0654052734375
CLI,kmer,clf,k_AATGTAGATAAAACATCTACT,9.017455291748046
CLI,kmer,clf,k_AAAGAATATGGCGTTGAAGAA,8.937168884277344
CLI,kmer,reg,k_AAAAATGCTGACCTTGCGGAC,8.833621537685394
CLI,kmer,reg,k_AAAAAAAGGACTAAAGAAAAC,8.76240224838257
CLI,kmer,reg,k_ATATTCTGTTAATGGATGAGC,8.733097743988036
CLI,kmer,reg,k_ATAGCCACTCCCATAGCCGAG,8.649199676513671
CLI,kmer,reg,k_AACTCAGTTCCTCCGTCACAT,8.640106749534606
CLI,kmer,reg,k_ATTTAAACGATCAAGAATGGG,8.629865264892578
CLI,kmer,reg,k_AAAACAAAAACGAGATTTTGA,8.528832113742828
CLI,kmer,reg,k_AACCGTCTGACACCACTTGTA,8.404541015625
CLI,kmer,reg,k_AAAAAAGCCAAAGCAGAAAAG,8.402108764648437
CLI,combined,reg,k_AGGCTGTTGAACCGTTACATA,772.3539794921876
CLI,combined,reg,k_ATGCAATGCCTAGCATCAAGG,518.003466796875
CLI,combined,reg,k_AGAGATTCTTTCATAGCTGAA,433.565673828125
CLI,combined,reg,k_AAAGAGACTTCTGTAGAAGAA,403.938720703125
CLI,combined,reg,k_GTTTGATCATTTGGATCATAA,331.2978271484375
CLI,combined,reg,k_AATTTCCCCTGTTTTAGCACT,273.2145082473755
CLI,combined,reg,k_TATGAGGATTGACCTTATAGA,267.8074188232422
CLI,combined,reg,k_AAACTGCTCGGAAATCTCAAA,265.394384765625
CLI,combined,reg,k_CCCTATTTAGTAGCCAATTCA,247.4541259765625
CLI,combined,reg,k_AATTGGAGCTGAACCTTGGAA,224.5022216796875
CLI,combined,reg,k_ATGTAGCCCTCAAGTCTGGTA,214.1856689453125
CLI,combined,reg,k_AAGCCAGGTAGCATCTCCCAT,205.270654296875
CLI,combined,reg,k_AAAAATCCGACCAAGCCATAC,202.3434814453125
CLI,combined,reg,k_AATGTAGATAAAACATCTACT,173.42950439453125
CLI,combined,reg,k_AGCAGTTTGATCATTTGGATC,172.16593017578126
CLI,combined,reg,k_AAATAAGACTTAGAAGCAAAC,156.72052001953125
CLI,combined,reg,k_CTGTTGAACCGTTACATACAA,149.65150146484376
CLI,combined,reg,k_AAGCCAACTGTAACTGTTCCT,145.8392822265625
CLI,combined,reg,k_AAAACATCTACTGTTTTGAAA,145.1820556640625
CLI,combined,reg,k_AACGATAAGACAGGGATTTTG,118.33634643554689
CLI,combined,reg,k_AAAGAGGAAAAGGAATGTATG,110.641650390625
CLI,combined,reg,k_ATGAGGATTGACCTTATAGAC,103.2800724029541
CLI,combined,reg,k_AATAATAGCACGTAAGAGCAT,98.24682922363282
CLI,combined,reg,k_ACTTGAACAAAAAATGGGAGA,90.6133544921875
CLI,combined,reg,k_AAAAATGCTGACCTTGCGGAC,85.47501873970032
CLI,combined,reg,k_CCCTGTTTATCACGGAAGTGC,84.96701974868775
CLI,combined,reg,k_ACTGTTTTGAAACAGACTAAA,81.66091918945312
CLI,combined,reg,k_AAAAGAAACCTCGTGTCTATA,75.81471557617188
CLI,combined,reg,k_AACTGGGATGGATGTCTACAC,75.28583602905275
CLI,combined,reg,k_AAAATGTAGCCCTCAAGTCTG,67.11171875
CLI,combined,reg,k_AAACGACTGTTGAACCGAGCA,58.62364559173584
CLI,combined,reg,k_AAAGCGTCCATAAAGAACTCA,57.58026123046875
CLI,combined,reg,k_TTTATCACGGAAGTGCAAAAA,53.9493408203125
CLI,combined,reg,k_AAATGCGTAATGTAGATAAAA,53.85732421875
CLI,combined,reg,k_AAAATATAATTGGTAGAACCA,53.34136390686035
CLI,combined,reg,k_AGAGATCAGTCATCGTATAAG,52.37451457977295
CLI,combined,reg,k_TAAACAAAGTATAAATTTCTA,50.0574966430664
CLI,combined,reg,k_AATAAACAAAGTATAAATTTC,48.85462136268616
CLI,combined,reg,k_GTACCAGACTTGAGGGCTACA,48.352377319335936
CLI,combined,reg,k_AATTGAAAGGTCGTGGGTGTC,48.199713134765624
CLI,combined,reg,k_AGAAATTTATACTTTGTTTAT,47.59764242172241
CLI,combined,reg,k_ACATTTGTGTAGACATCCATC,47.109204864501955
CLI,combined,reg,k_CCAAATGCGTAATGTAGATAA,45.75466651916504
CLI,combined,reg,k_AAAGTCTGGATGACAAACCAC,45.28267211914063
CLI,combined,reg,k_ACGTAAGAGCATATTTGTAAA,44.11389083862305
CLI,combined,reg,k_ATCGTCTGGGTAATATTGTAC,42.177310180664065
CLI,combined,reg,k_ATCTCCCATTTTTTGTTCAAG,41.883114624023435
CLI,combined,reg,k_AACCCTATGAAGAAGTGGGAG,36.49452639818191
CLI,combined,clf,k_ATGCAATGCCTAGCATCAAGG,35.590521240234374
CLI,combined,reg,k_AACCATAGGCATACAAAGCAT,34.31242370605469
CLI,combined,reg,k_AAGACTTTCTGACGCATTCCG,33.127587890625
CLI,combined,reg,k_AACAATGACAAGTCGGTAGCG,32.73840866088867
CLI,combined,reg,k_ACGTGCTATTATTTAAGTATC,32.69140539169312
CLI,combined,reg,k_ACATTACGCATTTGGAATACC,31.695880126953124
CLI,combined,reg,k_AGTAGCCAATTCAGCAATAAT,31.587447738647462
CLI,combined,reg,k_AACATTCTTTGGTGACCATTC,28.927227783203126
CLI,combined,reg,k_AGAGAACGAATATATCGCCTA,28.922698974609375
CLI,combined,reg,k_AAGATACTTTCACTTCTTTCC,28.81951904296875
CLI,combined,reg,k_CGGGCTCTACTGTGCAGAAGC,28.040731811523436
CLI,combined,clf,k_CCCTATTTAGTAGCCAATTCA,26.80273094177246
CLI,combined,reg,k_AAAGAATATGGCGTTGAAGAA,25.33214111328125
CLI,combined,reg,k_AATAGATACTTAAATAATAGC,24.67979316711426
CLI,combined,reg,k_AAAACACTTGTCTACGATTAC,24.503480911254883
CLI,combined,reg,k_GCTGGAATGCGTTTTTCTTCC,24.39080944955349
CLI,combined,reg,k_AAAGGTAAACCCTGCTGGAGT,23.846385192871093
CLI,combined,reg,k_ACTATTGGCCGTGTACCAGAG,23.25684814453125
CLI,combined,reg,t_ST_347,23.23116683959961
CLI,combined,reg,k_ACATTTGGGGTGCTTTAGGCT,22.919325256347655
CLI,combined,reg,k_AAAGATGCTTCTTACCAGGAA,22.48643295764923
CLI,combined,reg,k_ATAGATGTAATCACTTCAGGA,22.31185302734375
CLI,combined,reg,k_AAACAAGTCTATTAATACTCA,22.17865753173828
CLI,combined,clf,k_AATTTCCCCTGTTTTAGCACT,22.019004535675048
CLI,combined,reg,k_AAAAAATTGGAGATTCCTTTA,21.921825408935547
CLI,combined,reg,k_ACGAATCCTATCTTCAAAACG,21.7418701171875
CLI,combined,clf,k_AATTGGAGCTGAACCTTGGAA,21.298561096191406
CLI,combined,reg,k_AAATAATAGCACGTAAGAGCA,20.644830322265626
CLI,combined,reg,k_CAAACGACTGTTGAACCGAGC,20.622535181045528
CLI,combined,clf,k_AAACTGCTCGGAAATCTCAAA,20.54424591064453
CLI,combined,reg,k_AAGTTATGGCCTGTGGTGACG,20.501858520507813
CLI,combined,reg,k_AAAGCAAGTCTTCTTTTCTAT,19.542591857910157
CLI,combined,reg,k_AATTGAAACAAGAGCAGGACA,19.373416137695312
CLI,combined,reg,k_AAAGAAGGCATTCAAGCGGGC,19.222239685058593
CLI,combined,reg,k_AATAATTACAACGATGCACCC,18.463774108886717
CLI,combined,reg,k_GAAACTAGAATAGTACATATA,18.411152648925782
CLI,combined,reg,k_ACTTGAGGGCTACATTTTGCC,18.10624656677246
CLI,combined,reg,k_AAAAATTGGTATCTTCTAAGT,17.96775665283203
CLI,combined,reg,k_AAAGAAATCAACTTCTTTTAG,17.890182495117188
CLI,combined,reg,k_ACTTGAGGATCAGCCTTTTCA,17.858819580078126
CLI,combined,reg,k_ACTTTGTTTGGCGTGATATCC,17.668210601806642
CLI,combined,reg,k_AAAATGCAGTTATGGAAGGGA,17.52005844116211
CLI,combined,reg,k_ATTATTCAGGTATTCAGTTGG,17.3844970703125
CLI,combined,clf,k_AAACCGGATCCGTCCCTACCA,17.38248701095581
CLI,combined,reg,k_AACCAATGTCTTTGTCCCAGG,16.980645751953126
CLI,combined,reg,k_AAACCAGTTATCCTCGCAGTT,16.840119934082033
CLI,combined,reg,k_AAGGAAATAAACTGGATGGAT,16.561093139648438
CLI,combined,reg,t_ST_7751,16.46733703613281
CLI,combined,reg,k_AAACTAGCTCGTTGGACCTAC,16.14066443443298
CLI,combined,reg,k_ACATTGAGTTAAGACATGGTG,16.124588668346405
CLI,combined,reg,k_AATGCGACGGGAGATGAGGAA,16.073213171958923
CLI,combined,reg,t_serotype_34,15.870634269714357
CLI,combined,reg,k_ACTCAGAAGAATTACCAGAGG,15.788137817382813
CLI,combined,reg,k_AAAGTGTGAACTCTGGCCCCA,15.576457214355468
CLI,combined,clf,k_AAAGAGACTTCTGTAGAAGAA,15.292822605371475
CLI,combined,reg,k_AACAGTCGTTTGCAGCAGAGG,15.208623576164246
CLI,combined,reg,k_AAAACTTGACAAAGACGGAAA,15.122128295898438
CLI,combined,clf,k_CTGTTGAACCGTTACATACAA,14.907928466796875
CLI,combined,reg,k_ACAAGGCTATCGAGCCGAGGG,14.8186767578125
CLI,combined,clf,k_AAATAAGACTTAGAAGCAAAC,14.80533447265625
CLI,combined,reg,k_AATTCCAAGCCTGAGGAACGA,14.737789916992188
CLI,combined,reg,k_AAAAATGGTTTTGGTTTTGTC,14.718879699707031
CLI,combined,reg,k_AAAAAAAGGTCACTGGACTTT,14.477613067626953
CLI,combined,clf,k_AGGCTGTTGAACCGTTACATA,14.440636086463929
CLI,combined,reg,k_AAAGAGTGACTGCAATTCTGG,14.420645141601563
CLI,combined,reg,k_AAGATAGATATATTACTATAA,14.31219861507416
CLI,combined,reg,k_ATTGACAGGACCCAGTGAGCG,14.052748107910157
CLI,combined,reg,k_AATAGGAAATGGTGTCTTAGT,14.007565307617188
CLI,combined,reg,k_AAAAAAAGGATATCTGTCAAC,13.994570922851562
CLI,combined,reg,k_ACTTGACCATCTAAATACTAC,13.48135986328125
CLI,combined,reg,t_ST_3135,13.428907775878907
CLI,combined,reg,k_ACGGTGTTCCTTTTTGTAAAA,13.411842727661133
CLI,combined,clf,k_ACATTTGTGTAGACATCCATC,13.338209819793702
CLI,combined,reg,k_AAAAAAGTGATATAATCGTAT,13.274336242675782
CLI,combined,reg,k_AAATTCTCCCAACTGAATACC,13.166845703125
CLI,combined,clf,k_AAAATATAATTGGTAGAACCA,13.053563332557678
CLI,combined,clf,k_AAAACATCTACTGTTTTGAAA,12.991448974609375
CLI,combined,reg,k_ACGATGAAAATTCAAGACCTA,12.962989807128906
CLI,combined,reg,k_AAAAGTGCCAACAGGAAGAAT,12.8877685546875
CLI,combined,reg,k_CTCCCCCTACAACTAGAAAAC,12.853556823730468
CLI,combined,reg,k_AGCTGAGACTAAGAAAAAAGC,12.616746520996093
CLI,combined,reg,k_ATCTTCTATCTTTTCTATGAG,12.608149072527885
CLI,combined,reg,k_AAAGCGTCCTTCACATCCTTT,12.44010819196701
CLI,combined,reg,k_GATTCTACTTCATAACTTGAA,12.409854888916016
CLI,combined,reg,t_serotype_23A,12.33674659729004
CLI,combined,reg,k_ATGATGGCCGCCTTATTTCCA,12.314999389648438
CLI,combined,reg,k_AAAAGAAAGGGGTTTCATTGC,12.101792907714843
CLI,combined,reg,k_AACAGAATATCAGGTTCTACT,12.093656539916992
CLI,combined,reg,k_ATTTTTAGATGACTTTCTCAA,12.091507148742675
CLI,combined,reg,k_AAAGTCCTTGCACATAGACTT,11.94043140411377
CLI,combined,reg,k_AAAATTATCAGGTCTTTGTAT,11.925202941894531
CLI,combined,reg,k_CACACAAAATAAAAAAATTTC,11.842337799072265
CLI,combined,reg,k_AGTTGCATCTTGGCAAGAGCA,11.657917022705078
CLI,combined,reg,k_AAAAAATTCAAACCAAATATC,11.646973419189454
CLI,combined,reg,k_ATCATAATAATCTGCAAAAAA,11.628685760498048
CLI,combined,reg,k_ATATTTACAGGGCTATGACGC,11.628122711181641
CLI,combined,reg,k_AAAAACACTTGCCAAGGACTG,11.608835601806641
CLI,combined,reg,k_ATCAAAGCGATTCGCAAGGAA,11.546842956542969
CLI,combined,reg,k_AAACCCCTACAGCTGGCTCTG,11.53130874633789
CLI,combined,reg,k_CGTCCTTCACATCCTTTACAA,11.478295135498048
CLI,combined,reg,k_ACTTGAAAACGGGAGAGTTGA,11.44715576171875
CLI,combined,reg,k_ACCGTTTCAGCTAAAGAATAT,11.4234130859375
CLI,combined,reg,k_ACCCTCTTCAATCAAATGCCC,11.357895660400391
CLI,combined,reg,k_AAGCTCTCTTTTCAAATTCCT,11.30345458984375
CLI,combined,reg,k_AAAAAATCTTGCTACAATAGA,11.281275939941406
CLI,combined,reg,k_AAGGTATTATTATCAATAGCA,11.27248420715332
CLI,combined,clf,k_AAAAATCCGACCAAGCCATAC,11.171334984898568
CLI,combined,reg,k_AATAAGCTGAAAGGCCTTGGG,11.041087341308593
CLI,combined,reg,k_AAATCTTCTTGAGGTAGATTG,10.959492492675782
CLI,combined,reg,k_CTCCTATCCCATCCTTTTATC,10.935973364114762
CLI,combined,reg,k_AAAAAACGGATTCACAAACTT,10.783407592773438
CLI,combined,clf,k_ATGTAGCCCTCAAGTCTGGTA,10.736563110351563
CLI,combined,reg,k_ACATTTGGCTCGCTACGATAA,10.711519622802735
CLI,combined,reg,k_AAACTAGAATAGTACATATAG,10.665709495544434
CLI,combined,reg,k_AAAAAAAGGGGATTTCTCTAA,10.532131457328795
CLI,combined,reg,k_AAGTCTGGATGACAAACCACC,10.516485595703125
CLI,combined,reg,k_AAAATCTGGTGTCCTATTATC,10.49448660314083
CLI,combined,reg,k_GTTTTGACTTTAACTGACCAA,10.38360137939453
CLI,combined,reg,k_AATTCACTCGGTGCAAGGAAG,10.354592895507812
CLI,combined,reg,k_AAAAAGAGAAAGGCTAAGGCT,10.278123474121093
CLI,combined,clf,k_AGCAGTTTGATCATTTGGATC,10.27288360595703
CLI,combined,reg,k_CAATACGACCAACCGCCTTCA,10.271998596191406
CLI,combined,reg,k_AAACATTTTGTGAAGATTGTT,10.148626708984375
CLI,combined,reg,k_AAACATCAATGGTTAGACATG,10.143084716796874
CLI,combined,clf,k_GTTTGATCATTTGGATCATAA,10.0328857421875
CLI,combined,clf,k_AATGTAGATAAAACATCTACT,10.007415771484375
CLI,combined,reg,k_AAATCGCTCTATGACTGACTT,9.985150146484376
CLI,combined,reg,k_AAAAAAGTTCGAACACTCAAA,9.970365142822265
CLI,combined,reg,k_GAAAACTCTCTATGTTCAAAC,9.895823669433593
CLI,combined,clf,k_AAAGAATATGGCGTTGAAGAA,9.825532531738281
CLI,combined,reg,k_AAAAATCATCACCTTGGAAAA,9.790606689453124
CLI,combined,reg,k_ACAACTGGGATGGATGTCTAC,9.740220642089843
CLI,combined,reg,k_AAGCGTCGCTCTGAAATGGAA,9.737928771972657
CLI,combined,reg,k_AGGATCAGGTTCAAGTTTTAA,9.657903289794922
CLI,combined,reg,t_ST_9788,9.653393942117692
CLI,combined,reg,k_AATTTTTCCAAAATACAGCAC,9.637685942649842
CLI,combined,reg,k_CGCCGATACAAATGCAGACAA,9.557677459716796
CLI,combined,reg,k_AATTTGGAAGAGGCTAGAGCT,9.42490234375
CLI,combined,reg,k_ACGGCAAGGCGACACTGACGA,9.316519165039063
CLI,combined,reg,k_AATGGTGGGCATGTCCAGAAT,9.303070068359375
CLI,combined,reg,k_ATGGCGTTGGCGAATTTGAAC,9.28057861328125
CLI,combined,reg,k_AAATCACAAGTCGAACAGCTA,9.235466766357423
CLI,combined,reg,k_ATGGATGTCTACACAAATGTA,9.21495361328125
CLI,combined,clf,k_AAGCCAACTGTAACTGTTCCT,9.195687866210937
CLI,combined,reg,k_AAAGGATCCACCTTTGATCCT,9.175977325439453
CLI,combined,reg,k_AATCAGCGACCAGGAAATGGA,9.152828216552734
CLI,combined,reg,k_AAACCGTTGGGGGCTTTGTCC,9.134129333496094
CLI,combined,reg,k_ACCGTATTTGAAGAAAATACG,9.099996948242188
CLI,combined,reg,k_AAAATGTAGCAGTTAAATCCG,8.958362197875976
CLI,combined,reg,k_AAAGGAGACCAGATGAATCGT,8.947098582983017
CLI,combined,clf,k_ACAACTGGGATGGATGTCTAC,8.920844268798827
CLI,combined,reg,k_AAAATAGTGCGTTTTGAAGTT,8.910688781738282
LVX,kmer,reg,k_AACAAAAAGAGCAACTGATAT,1.9910102844238282
LVX,kmer,reg,k_AAGGTTGCTTCTCTAGCCTCT,1.7553431093692777
LVX,kmer,reg,k_AAAAAATCTTGCTACAATAGA,1.5204376220703124
LVX,kmer,reg,k_AACAGAGCCATTTGCTTGCTT,1.5030473709106444
LVX,kmer,reg,k_AAACTAGCTACGGGCTGCTCA,1.4636086001992226
LVX,kmer,reg,k_CTTGCAGACACATCAACTAGC,1.4558607012033462
LVX,kmer,reg,k_GGCTTATAGCTCTGGGATAAA,1.4282497406005858
LVX,kmer,reg,k_AAAATCGATCAGGACAGTCAA,1.3018760681152344
LVX,kmer,reg,k_AAAAAGAAGACTTGGACAAAC,1.2705045700073243
LVX,kmer,reg,k_AGGGCCAAACTTCCCACATCA,1.2380332946777344
LVX,kmer,reg,k_AGCTGGCTTTCACCAGGACCA,1.2038222312927247
LVX,kmer,reg,k_AAGTGTAATCGCTGTTCGGCA,1.1769076347351075
LVX,kmer,reg,k_AAAAACCTTCTCCTTCGCCAG,1.1546634674072265
LVX,kmer,reg,k_ACCAACTCAGAAAATACCTGA,1.128007698059082
LVX,kmer,reg,k_AAAAATACGCCAATAAGAGAT,1.0877087593078614
LVX,kmer,reg,k_AAAGCCGTCTTGATGACCTTA,1.0735528945922852
LVX,kmer,reg,k_ACTTGTCCTTGGTCCCCTCAC,1.008090877532959
LVX,kmer,reg,k_ACTGAAATCCCTTGTCCAAAT,0.9919429779052734
LVX,kmer,reg,k_AAGTGGCAGAGGAGGTCAAGA,0.9318048477172851
LVX,kmer,reg,k_AAAAGAAAATTGCAGTTAGAT,0.9015659332275391
LVX,kmer,reg,k_AAATGGAGAATTCTTGCACAT,0.8915182113647461
LVX,kmer,reg,k_AGAAGAAGGGACCAATCTTGC,0.8675251841545105
LVX,kmer,reg,k_AATGGATGGCATCTTTAATCA,0.8580362319946289
LVX,kmer,reg,k_AAGGGTAACCAATTACTAGGC,0.8563154220581055
LVX,kmer,reg,k_AAACAGAAACTCATATTGACT,0.8331308364868164
LVX,kmer,reg,k_AAACGTCCCTTGACCACACTG,0.8327995523810385
LVX,kmer,reg,k_AACCTTACGAAAACGTCTACT,0.8327377319335938
LVX,kmer,reg,k_ATGTAGATAAAACATCTACTG,0.8104162216186523
LVX,kmer,reg,k_ACCAATCTTGCACCAAACCAA,0.8066542625427247
LVX,kmer,reg,k_AAATAATTGATCAAATACCCT,0.8025692939758301
LVX,kmer,reg,k_AAGGCTACAGAACGGTTGGCG,0.7917795181274414
LVX,kmer,reg,k_AATGGCGATTATTTCAACAAT,0.7775766849517822
LVX,kmer,reg,k_ACTTCTGTAGAAGAAGGGACC,0.7731274127960206
LVX,kmer,reg,k_AAATTATTACATTCTCATTAT,0.7713966369628906
LVX,kmer,reg,k_AAAAAATGGTACATGTGAACG,0.7652130603790284
LVX,kmer,reg,k_AAGAGCTCCACCTCCATATAC,0.7614149369299411
LVX,kmer,reg,k_AAAAAAACAATAAAGTAAAGT,0.7604892730712891
LVX,kmer,reg,k_AGGATCTGCTTTACCCTAGAA,0.7553146429359913
LVX,kmer,reg,k_AAATAGGTTATAATTGCAATT,0.752684497833252
LVX,kmer,reg,k_ACAGTTTATGATGCTAGTCAC,0.7470231533050538
LVX,kmer,reg,k_AAAAAACGCATAGTATAGGAT,0.7451763987541199
LVX,kmer,reg,k_AAACAGAAACTCATATTGGCT,0.7284491539001465
LVX,kmer,reg,k_AAAACCATTCTTAAGTTGATA,0.7233958691358565
LVX,kmer,reg,k_AAATTTTTAACGACTTTAAAG,0.7228565216064453
LVX,kmer,reg,k_AAGATTTGCTCCAACAACACG,0.7211923599243164
LVX,kmer,reg,k_AAAAAGAAGATTTGGACAAAC,0.7104501724243164
LVX,kmer,reg,k_AAAACAATCTCGTCTGGAATA,0.7066451072692871
LVX,kmer,reg,k_ACTGCTTTGAGGACCTTAGAC,0.6984637260437012
LVX,kmer,reg,k_AAGAGTTGGGCCATCGAGATA,0.6911978244781494
LVX,kmer,reg,k_ACCTGCCCTAGGCTAGATAGA,0.6891209602355957
LVX,kmer,reg,k_AATGTGCCATAGGCTGCTGTC,0.6859243392944336
LVX,kmer,reg,k_AAGGGTTTCAAGTCTTTGTAG,0.6740213394165039
LVX,kmer,reg,k_ATCTATCATAGTCTCAATCGG,0.6730071067810058
LVX,kmer,reg,k_CAACTCCTGCTGTCAATCTAG,0.6626975059509277
LVX,kmer,reg,k_AGGAACATATGCCTCAGATCA,0.6608457684516906
LVX,kmer,reg,k_AAATCAAAAAAGGGGAAGTTG,0.6603631019592285
LVX,kmer,reg,k_CCAAATGCGTAATGTAGATAA,0.6571372628211976
LVX,kmer,reg,k_AAGCCAGCAGCCGAAGCTAAT,0.6530290603637695
LVX,kmer,reg,k_AAACGTCCGTTGATATCGTCA,0.6449287891387939
LVX,kmer,reg,k_AAAAAGAAAGGTCTAACCTTT,0.6435356140136719
LVX,kmer,reg,k_AAAAGACTTGAGCGAAAAGAG,0.629048764705658
LVX,kmer,reg,k_GCTAATATTTTTTTAAAAAAA,0.6285513877868653
LVX,kmer,reg,k_AAACTAGTTTCAGGCTCAAAC,0.6252729892730713
LVX,kmer,reg,k_AAAAACTTCAACCATTCTACA,0.6251530170440673
LVX,kmer,reg,k_AACCATTCTACAATAAAGAGT,0.6196240425109864
LVX,kmer,reg,k_ATTATCTATCGGTGAACCCAA,0.6165939331054687
LVX,kmer,reg,k_AATTTGAAGACTTGGATCTAT,0.6142016410827636
LVX,kmer,reg,k_ACAGCAGATATACTGGACTGA,0.5985538482666015
LVX,kmer,reg,k_AAACGCAACCATGCGGTAGAA,0.597721004486084
LVX,kmer,reg,k_GAGGAAATCGGATTTTTAACA,0.5927288055419921
LVX,kmer,reg,k_ACATGGTAGATAGCAACCAAT,0.5825793266296386
LVX,kmer,reg,k_ACAAAATCGATCAGGACAGTC,0.5819458127021789
LVX,kmer,reg,k_ATTTTCATTGAGTATAACTCA,0.5781780242919922
LVX,kmer,reg,k_ACCTACGGTAAGGTGAAGCTG,0.5773305892944336
LVX,kmer,reg,k_AAAAAAGAACGACAAAAGATT,0.5768512725830078
LVX,kmer,reg,k_AAATGGAACAGGTCAAACAGA,0.5757514476776123
LVX,kmer,reg,k_AAAGACAAGTATGAAATGTGG,0.5715899467468262
LVX,kmer,reg,k_AAAACCTGTATCAGTCACAAC,0.567650032043457
LVX,kmer,reg,k_AAATACTCTTCGTGAAGCAAA,0.5606333255767822
LVX,kmer,reg,k_AACGCACGACTTTTGAAGAGA,0.5547130107879639
LVX,kmer,reg,k_CCGATTTTAACCAAATCCAAA,0.5486515998840332
LVX,kmer,reg,k_CACCAATAAAGTAAGGCCTGA,0.5449195384979248
LVX,kmer,reg,k_AAAGAAGTCTAGAAAGAGGAA,0.5236455917358398
LVX,kmer,reg,k_CCCAGGACATAATCTCAGGAA,0.5209883034229279
LVX,kmer,reg,k_AGAATGTAATAATTTATCTAC,0.5174360811710358
LVX,kmer,reg,k_AAAAAATGAAGAGCCATATCG,0.5171971648931504
LVX,kmer,reg,k_AAAACATTTTAAACGTTTCTA,0.5133992552757263
LVX,kmer,reg,k_AAAGCGCTAATATTTTTTTAA,0.5131457805633545
LVX,kmer,reg,k_AAGACTTGTTCTTAGAAATCC,0.5123665809631348
LVX,kmer,reg,k_AACCGTCGCTTGATTGAGCGG,0.5035771369934082
LVX,kmer,reg,k_AAACACCTAGCGAGGATTTAA,0.49456334114074707
LVX,kmer,reg,k_AAAAACCAGCAGATGCTTTGA,0.4937143325805664
LVX,kmer,reg,k_AAGGGACCAATCTTGCACCAA,0.48898362517356875
LVX,kmer,reg,k_ACATTTTTCTATTTTGGAAAG,0.4881138801574707
LVX,kmer,reg,k_CGTTAATCTGAGACTGGTTAG,0.48523147106170655
LVX,kmer,reg,k_AAAAGCGCTGAATAAACAAAG,0.48475630283355714
LVX,kmer,reg,k_AAAGCAAATTGGTTGAAGATG,0.4837032794952393
LVX,kmer,reg,k_AAATCGATTATTCAAAGAAAA,0.48218212127685545
LVX,kmer,reg,k_AAGTCAATATCTATGAAGCAA,0.47987049669027326
LVX,kmer,reg,k_AATAGAACGTAAATAAGGATA,0.47951455116271974
LVX,kmer,reg,k_ACGGGATTTTGTGGTACGACA,0.47798771858215333
LVX,kmer,reg,k_AAGGAAACTAAACTCTCGGAG,0.47273348867893217
LVX,kmer,reg,k_ACTCAAGTTTACAGAAGATGC,0.4714263916015625
LVX,kmer,reg,k_AAAGGAGACCAGATGAATCGT,0.46885755807161333
LVX,kmer,reg,k_AAAATAAAGAGCAGGGTATTC,0.46443190574646
LVX,kmer,reg,k_AAAACTACCTCTTATTTACCT,0.4630292892456055
LVX,kmer,reg,k_AAGGCCGCAGGAGCGAAAATC,0.46139960289001464
LVX,kmer,reg,k_AACCTCAGGTAAATCAACACC,0.4603464603424072
LVX,kmer,reg,k_AATGCATATCAAAGGTCAGAT,0.4550957679748535
LVX,kmer,reg,k_AAGCATTCTTTAAACGCCAAG,0.4541791439056396
LVX,kmer,reg,k_AAGCAGCCAAACGAGCTTGTG,0.44928708076477053
LVX,kmer,reg,k_AATGGTCTCTTGACTCTTGCT,0.4483860969543457
LVX,kmer,reg,k_AAAAAAGAGAGCCAAAACTCT,0.4479380130767822
LVX,kmer,reg,k_AAATAGCACGTTGGTCAGCCC,0.44399557188153266
LVX,kmer,reg,k_ACGACCTTGGTAATGCCAGTA,0.4419945240020752
LVX,kmer,reg,k_AATACCATACTTAGCCGCATA,0.43863769471645353
LVX,kmer,reg,k_CTTGACTTACAAGTCTGACGA,0.4382208824157715
LVX,kmer,reg,k_AAATTTATATTCTTCGAAAAT,0.4361241817474365
LVX,kmer,reg,k_ATACATACGTTTTTTTGACAT,0.434095573425293
LVX,kmer,reg,k_AAAAAGATAAATTAACCCATG,0.4336496159434319
LVX,kmer,reg,k_AAAAAACAATTGACTAAACAA,0.4308608531951904
LVX,kmer,reg,k_AAAGTTTATACCCAAACTCTT,0.4297374732792377
LVX,kmer,reg,k_CTCATAGTTTATCATACACAA,0.4294903755187988
LVX,kmer,reg,k_ATTGAGATGGCAACGTCTCTC,0.4290888786315918
LVX,kmer,reg,k_AATCTTGTCTGAGCCCTCAGG,0.4289707183837891
LVX,kmer,reg,k_AAAATGTGGTGGATTTGGCCA,0.4261760711669922
LVX,kmer,reg,k_AAAATGGGCTGATGAAGTAGA,0.42337942123413086
LVX,kmer,reg,k_AATACCAACTTTTTCACCTGT,0.42294511795043943
LVX,kmer,reg,k_AACCCTCAAGGTTGGGAAAAA,0.4225915908813477
LVX,kmer,reg,k_AAAAAACAATAACTGTTTGCA,0.41988115361891687
LVX,kmer,reg,k_AACATTCTTGGCATAGAAAGA,0.4192331969738006
LVX,kmer,reg,k_CCTTAGGTCTTATGGGGCAAA,0.41166019439697266
LVX,kmer,reg,k_AAATCTCCTACAAGTAAGTTG,0.41155068278312684
LVX,kmer,reg,k_TTCTTTAGTTTGGTGTTGAAA,0.41057648658752444
LVX,kmer,reg,k_AAAAAAAGCGAACAAGCTAGT,0.4079596519470215
LVX,kmer,reg,k_AGTATAAATGTTAGCTTACAA,0.4050877094268799
LVX,kmer,reg,k_AAACGGTCTAGTTTTAAATCA,0.4027881145477295
LVX,kmer,reg,k_AAGTGGCAGAAGAGGTCAAGA,0.4012931272387505
LVX,kmer,reg,k_CATATATACGGCAAGGCAACG,0.40108137130737304
LVX,kmer,reg,k_AAACGAACATTCTTGCTCAGT,0.40060402601957323
LVX,kmer,reg,k_AAAGCAGCTTTATAATGTTAT,0.3994447708129883
LVX,kmer,reg,k_AACACCTTGCGCTCCCAGCTC,0.3980497419834137
LVX,kmer,reg,k_AGACCCTCACAAGCCACATCT,0.3934972286224365
LVX,kmer,reg,k_ACCGTAAAGGGTAACTCGTAG,0.38954839706420896
LVX,kmer,reg,k_ATCCCCTTGGCAGAACCACCG,0.38907365798950194
LVX,kmer,reg,k_AAGAAGACAAGACCTTGGCGA,0.38871195912361145
LVX,kmer,reg,k_AAAAGCATAGCCGTTTTTTGA,0.3879116058349609
LVX,kmer,reg,k_ATCAAGCGCTTCAATACAGCC,0.38282413482666017
LVX,kmer,reg,k_AAAAATATGCGAACCACGAAG,0.37892746925354004
LVX,kmer,reg,k_AAGATAGATATGAGGCAGGGA,0.3777453303337097
LVX,kmer,reg,k_AAGTTGGAACGTTTCATTATT,0.3774125099182129
LVX,kmer,reg,k_AGGGCTGCAAAATTTTGGGCA,0.3756242275238037
LVX,kmer,reg,k_AAGAGAAACAAAGTGTCAAAG,0.37554011344909666
LVX,kmer,reg,k_TCTTCCGTTTTTTTAGGAAAA,0.374236536026001
LVX,kmer,reg,k_AGATAGACCTGCCCTAGGCTA,0.3722170114517212
LVX,kmer,reg,k_AGGTTCTATGATATATATATA,0.3715531587600708
LVX,kmer,reg,k_CTAGCAATGTTTTAGAAGTCC,0.3709144592285156
LVX,kmer,reg,k_AAAACAAAAATAGGTAGTAAT,0.36762752532958987
LVX,kmer,reg,k_AAGAATCTCTCAATCTTCAAT,0.367588472366333
LVX,kmer,reg,k_ATCTTTGGAAGCCGAGAAAAA,0.3656571865081787
LVX,kmer,reg,k_AAAGCGTTTTTCACACTTGCA,0.3651444911956787
LVX,kmer,reg,k_AGATAGGCCCTCACTTGGCTC,0.3649909973144531
LVX,kmer,reg,k_AAAGAAGTAGCAAACTCACCA,0.36432641893625256
LVX,kmer,reg,k_AAAACTGTGTCCTCTATTCGT,0.36183929443359375
LVX,kmer,reg,k_AAACGCTGAGTCAGCGAAACA,0.3597530383616686
LVX,kmer,reg,k_AAAGCCACAATTAAGAAATAT,0.35948761701583865
LVX,kmer,reg,k_AAATAAGAACAGTACAAATCG,0.35905990600585935
LVX,kmer,reg,k_AAAAAATGCACGTGTTAGTCT,0.3589355945587158
LVX,kmer,reg,k_AAGTTTAGATTAAAAAATAAC,0.3559222601354122
LVX,kmer,reg,k_AAACCGCAATATTCAGTTTGG,0.355690598487854
LVX,kmer,reg,k_AACAGTCTTATGAAAATAATC,0.3541449308395386
LVX,kmer,reg,k_AACTTTAAATATTGAAGTAGC,0.3521440505981445
LVX,kmer,reg,k_AAAATTTCAGTAACACTTTCA,0.3502638816833496
LVX,kmer,reg,k_ACCATAACCAGTCGGGAAAAT,0.3482217855751515
LVX,kmer,reg,k_AAACAAATATGCCGATTGAGA,0.3472809553146362
LVX,kmer,reg,k_ATGTCAGGGATTAAACATGAC,0.34616219326853753
LVX,kmer,reg,k_AAATGTCAAAAGCCCGTTCTC,0.34457323551177976
LVX,kmer,reg,k_AAATCGCAGATGATTCTGTCT,0.3433259963989258
LVX,kmer,reg,k_ATATTTTTGTTTTTTATCAAA,0.3392799377441406
LVX,kmer,reg,k_ACTTCTATCGGAAAACTAGCC,0.33699028491973876
LVX,kmer,reg,k_CTGGCAATAGCCTCTTCACCA,0.3363521099090576
LVX,kmer,reg,k_AAACGTCCGTTGATATCGTCC,0.3361266374588013
LVX,kmer,reg,k_ACATTTCTTGCGGTATCATGG,0.3353691577911377
LVX,kmer,reg,k_AGCCTGCTTGGCTAGGGGCAA,0.3345834732055664
LVX,kmer,reg,k_CACTGAAAAACTGATCAAACG,0.3328454256057739
LVX,kmer,reg,k_ACTGACTCAGTAAACCGGAGC,0.3304295063018799
LVX,kmer,reg,k_AACAGGAACTTCTGGTAGTGG,0.32542564868927004
LVX,kmer,reg,k_AATGGTGCAAAAGCTGCAACA,0.32462363243103026
LVX,kmer,reg,k_ATCTCAGAGCTATAAGCCCAA,0.3244164943695068
LVX,kmer,reg,k_AAAGAATAACACACTTATGTT,0.32354385256767276
LVX,kmer,reg,k_CTCTCAATCTTCAATCTCCAG,0.32286629676818845
LVX,kmer,reg,k_AACCAAGACACTCCTTACGAA,0.32158942222595216
LVX,kmer,reg,k_TAAATGATCCACTTCTCCCAA,0.3208531141281128
LVX,kmer,reg,k_CTTATTTTACCTTATGTGCAC,0.3199316024780273
LVX,kmer,reg,k_AAAAGGAGATTTAGGCGTATC,0.31988750100135804
LVX,kmer,reg,k_AGATGATTCTGTCTGGCCCAG,0.31925258636474607
LVX,kmer,reg,k_AAAGAGTCTGGAACAAAATAG,0.31822106838226316
LVX,kmer,reg,k_AATATGTTTCTGAACTGCAAG,0.3163710653781891
LVX,kmer,reg,k_AAAAAGCAGAAGAAGCTAAAC,0.3126352578401566
LVX,kmer,reg,k_AACCATTTGGTGAAGGCGGTT,0.3118928104639053
LVX,combined,reg,k_AAACTCAGGTGGAGATTGCCA,1.6963603973388672
LVX,combined,reg,t_ST_90,1.58862361907959
LVX,combined,reg,k_AAAGACAAGTATGAAATGTGG,1.2631050109863282
LVX,combined,reg,t_ST_11161,1.2173824787139893
LVX,combined,reg,k_ACCTGCCCTAGGCTAGATAGA,1.1242719650268556
LVX,combined,reg,k_ACAAAATCGATCAGGACAGTC,1.0996418952941895
LVX,combined,reg,k_GCCCAAATCATCAGCCAGCGC,1.0856573104858398
LVX,combined,reg,k_AAAACGGTCTATTAGGGTCAC,1.0320770263671875
LVX,combined,reg,k_CAGACCAATACCCTCGAATCC,0.9876134872436524
LVX,combined,reg,k_AAAGGTAACCAATTTCACGTC,0.9567970275878906
LVX,combined,reg,k_AACTCAGCGATGGAAGTCGTA,0.9523853302001953
LVX,combined,reg,k_AAACTCATTACCAATTAAAAC,0.9510744094848633
LVX,combined,reg,k_AACAGTCATCGCATCAAGTGG,0.9458500862121582
LVX,combined,reg,k_AATACCCTCGAATCCGCAACC,0.9418331146240234
LVX,combined,reg,k_ATTTTACAAAATGCACTATAA,0.9210733413696289
LVX,combined,reg,k_ACAAACCAATGTTTTGGAAGA,0.9167535781860352
LVX,combined,reg,k_AAACTGTTGCAGGACAAACAG,0.8937743186950684
LVX,combined,reg,k_AACTAGAATAGTACACTTCTA,0.8894529812037945
LVX,combined,reg,k_AAAGACAGCCTGGGGACAACG,0.8869192719459533
LVX,combined,reg,k_AATGGATGGCATCTTTAATCA,0.882723617553711
LVX,combined,reg,k_CTGCTGACTCTACGTCAGGCA,0.8675004959106445
LVX,combined,reg,k_AAACCTCATCCTGTAAAAATG,0.8599226951599122
LVX,combined,reg,k_AAGACGACGCTCATCAAGGCT,0.8579360961914062
LVX,combined,reg,k_AGCTACGGGCTGCTCAAAACA,0.8461982727050781
LVX,combined,reg,k_AAGGTTGCTTCTCTAGCCTCT,0.8393404006958007
LVX,combined,reg,k_AAACCCGTTTACAAGATATTC,0.8068784713745117
LVX,combined,reg,k_AAAAACCAGCAGATGCTTTGA,0.8055424690246582
LVX,combined,reg,k_ATCACTTCTGGTTTAACGAAC,0.8047263145446777
LVX,combined,reg,k_AAAGCGCTAATATTTTTTTAA,0.7984124183654785
LVX,combined,reg,k_AAACAATCAGCGGCTGGACTC,0.7923959255218507
LVX,combined,reg,k_AATTTATTTAATATATTAAAA,0.7854118347167969
LVX,combined,reg,k_AAGGGACCAATCTTGCACCAA,0.7806421160697937
LVX,combined,reg,k_AAGTCATGCCATCCGCATCAT,0.7803531169891358
LVX,combined,reg,k_AAGCTGGCGATATCGAAGCCA,0.7602061271667481
LVX,combined,reg,k_AACCACATTTCATACTTGTCC,0.7563396453857422
LVX,combined,reg,k_AAAGATTATGTCTTGGGATGA,0.7415488243103028
LVX,combined,reg,k_AAATACATTGAAAACAATCTC,0.7248780250549316
LVX,combined,reg,k_CAATACACCAATTACTGATGG,0.722079873085022
LVX,combined,reg,t_serotype_10C,0.7122167110443116
LVX,combined,reg,k_AGAATGTAATAATTTATCTAC,0.697132158279419
LVX,combined,reg,k_AAAATTATGACTTCAGTTGTT,0.6951188087463379
LVX,combined,reg,k_AAGGTCTTTATGGGTGATGTG,0.6753763675689697
LVX,combined,reg,k_GTAATGTAGATAAAACATCTA,0.6748747825622559
LVX,combined,reg,k_AAAAAGGACCAAATGTATGAA,0.6689622700214386
LVX,combined,reg,k_AAATATGAAGGAACTGGTTAT,0.6680973529815674
LVX,combined,reg,t_ST_16130,0.650136935710907
LVX,combined,reg,k_ACTTCTGTAGAAGAAGGGACC,0.6392604827880859
LVX,combined,reg,k_AATAGTATCATTCATGCGATT,0.6356381416320801
LVX,combined,reg,k_AAATCAAAAAAGGGGAAGTTG,0.6168760776519775
LVX,combined,reg,k_ATAGAAATTGGTTACAGGCCG,0.6103627204895019
LVX,combined,reg,k_AATACCGATGACCGCGCCATC,0.6052776336669922
LVX,combined,reg,k_AAACAAAGCTAAACCTGTAGT,0.5997377872467041
LVX,combined,reg,k_AGAACTTGGACAAGCACCTGG,0.5983188629150391
LVX,combined,reg,k_AAAAATCAAAGAACAAACTAG,0.5965947151184082
LVX,combined,reg,k_AAGATTGGATAGTTGCTTGAT,0.5929859161376954
LVX,combined,reg,k_ACCAAACAAGTCTATTAATAC,0.5924942970275879
LVX,combined,reg,k_ACATAATATATTGAATCTATA,0.5922002255916595
LVX,combined,reg,k_AAACCTCAAACCCAAATATAA,0.587601349502802
LVX,combined,reg,k_AAGGAATTGAGCCAAACTCAT,0.582763385772705
LVX,combined,reg,t_ST_6791,0.5817431807518005
LVX,combined,reg,k_AAATCGTATTCAAAATTAGCT,0.5812079429626464
LVX,combined,reg,k_AACAACTTCCCCTTTTTTGAT,0.5762458801269531
LVX,combined,reg,k_AAACGTCCGTTGATATCGTCA,0.5752494812011719
LVX,combined,reg,k_CCCAGGACATAATCTCAGGAA,0.5737419664859772
LVX,combined,reg,k_ACATTTCTTGCGGTGTCATGG,0.5707114696502685
LVX,combined,reg,k_ACCTACCATGGCTTCCACAAG,0.5670482635498046
LVX,combined,reg,k_AGCAAACGCAATATCGGGCTG,0.5622540473937988
LVX,combined,reg,k_AAATGGAACAGGTCAAACAGA,0.5620307445526123
LVX,combined,reg,k_AAACAGGAACAAGAAGTGGTT,0.5475448608398438
LVX,combined,reg,k_CTCAAAACCGTGTTTTGAGCA,0.5390373706817627
LVX,combined,reg,k_AAATCACCAGGTGAAATATCC,0.5387317657470703
LVX,combined,reg,k_AGGATCTGCTTTACCCTAGAA,0.5381582975387573
LVX,combined,reg,k_CCGATTTTAACCAAATCCAAA,0.5344269752502442
LVX,combined,reg,k_AGGCTTTGGTACCAAGTTTAG,0.5295005798339844
LVX,combined,reg,k_AAAGTCCTTTTCAAGATTATG,0.5290700435638428
LVX,combined,reg,t_serotype_15A,0.5240092709660531
LVX,combined,reg,k_AAGCAGGAACTGGCCTTGGCT,0.5215807914733886
LVX,combined,reg,k_ATGATACACATCATGACAATA,0.5166216373443604
LVX,combined,reg,k_AACTTCAGCCTGCAAATTCGT,0.5163072109222412
LVX,combined,reg,k_AAAATAAAGATTAGAACTATG,0.5134205341339111
LVX,combined,reg,k_CCTTGACAGGTAGTTTGGATA,0.5113369941711425
LVX,combined,reg,k_AAACGTCCGTTGATATCGTCC,0.5088114261627197
LVX,combined,reg,k_AAGATTACCGTATACTATTCG,0.49700330495834355
LVX,combined,reg,k_AAGAGGTCAAGACCAGTGGCG,0.49426779747009275
LVX,combined,reg,k_ACATTTTTCTATTTTGGAAAG,0.4930752754211426
LVX,combined,reg,k_AAGAATAATACTCTTCAAACC,0.49250068664550783
LVX,combined,reg,k_AATTGAGTACTTTTATCAAGC,0.49053960293531423
LVX,combined,reg,k_AAATAAAATTTTAGAGGTAAG,0.47727508544921876
LVX,combined,reg,k_AAAATCAAGCTATTAAGGAAG,0.4767348289489746
LVX,combined,reg,k_AAAATCAATTGCAAAAGACCC,0.4763979911804199
LVX,combined,reg,t_ST_-,0.47236584424972533
LVX,combined,reg,k_AAACTGGACAAGATCGTTCAA,0.4709671974182129
LVX,combined,reg,k_AATGTCTGAATTGGAAAAACG,0.46639442443847656
LVX,combined,reg,k_AACAATCATTTCTATATACAT,0.46634635925292967
LVX,combined,reg,k_CTAAAACACTCGACTTTTCAC,0.46037635803222654
LVX,combined,reg,k_AACTTGGAATCTCATCTGAGT,0.45980401039123536
LVX,combined,reg,k_ACCTGAAATCGCTTTCCAAAA,0.457547664642334
LVX,combined,reg,k_AACCGCCACTGGTCTTGACCT,0.45552473068237304
LVX,combined,reg,k_ATGGTGACGAAAAACCAGCGG,0.45465788841247556
LVX,combined,reg,k_AAAGAGACTTCTGTAGAAGAA,0.4440750598907471
LVX,combined,reg,k_AAAAAACAATAAAGTAAAGTA,0.44252567291259765
LVX,combined,reg,k_AAAGGTAAATTGACCATTATT,0.44185566902160645
LVX,combined,reg,k_AAATCTTGACTTACAAGTCTG,0.43902020454406737
LVX,combined,reg,k_ATTCTATGTAATATATTAAAG,0.43025927543640136
LVX,combined,reg,k_TCTTCCGTTTTTTTAGGAAAA,0.42713117599487305
LVX,combined,reg,k_ATGTCACGTAAGGGTAACAGC,0.426593017578125
LVX,combined,reg,k_CAAATATTATAGAGCCATAAA,0.42409745156764983
LVX,combined,reg,k_AAAACAAAAAGCTGTGGTTAG,0.4237326145172119
LVX,combined,reg,k_AAAAAAAGTCAACCGGCTCCT,0.4201157569885254
LVX,combined,reg,k_ATAATACTTTCCGTATGTGGG,0.4159381866455078
LVX,combined,reg,k_ACAGCCAGTTCATCGTCGTAA,0.4157038688659668
LVX,combined,reg,k_AAACACGCACTCTGGATTGCC,0.4140488751232624
LVX,combined,reg,k_AGCGAAACTTATAAAAAGTGA,0.41330156326293943
LVX,combined,reg,k_ATAGAATGAATAGTGTAAACG,0.41038084030151367
LVX,combined,reg,k_AAAAAGGGATGTTAATTGTGG,0.40734062194824217
LVX,combined,reg,k_AACAACCAAGTCCACAATCGA,0.4038362979888916
LVX,combined,reg,k_AAAAAAACTTGATACTATGCG,0.39832950840354897
LVX,combined,reg,k_AAACTATTGCAGGACAAACAG,0.3959306478500366
LVX,combined,reg,k_AAAAATCTTCCTCCCAAAAGA,0.390807580947876
LVX,combined,reg,k_AAAAATCCGATTTCCTCCTGT,0.390177321434021
LVX,combined,reg,t_serotype_16F,0.38176905512809756
LVX,combined,reg,k_AAAAACCTTGGTGCAAGATGC,0.3781704053282738
LVX,combined,reg,k_GGCTTATAGCTCTGGGATAAA,0.3773586511611938
LVX,combined,reg,k_AAAAAAAGCTAAGCTTGAGAA,0.3762483209371567
LVX,combined,reg,t_serotype_NVT,0.3742610156536102
LVX,combined,reg,k_ATTATTTGTCTAACTTTTGGG,0.37223334312438966
LVX,combined,reg,k_CAGCAAGAGAATCCAGGAGTA,0.37200601100921626
LVX,combined,reg,k_AAAAAAGAAACTACCTAAAAC,0.36762752532958987
LVX,combined,reg,k_AAGAGGAAATCCAAGACACAG,0.3675148248672485
LVX,combined,reg,k_CCTTTTTCCAGAAGTTTTAGA,0.36740663051605227
LVX,combined,reg,k_TTCAAAATCTTGCGCAATAAA,0.3666258402168751
LVX,combined,reg,k_ACACTTGCAAAAATCCGCTAC,0.36624047756195066
LVX,combined,reg,k_AAAGCGGTGGACCTCATCTTG,0.3615711212158203
LVX,combined,reg,k_AGTTTGTAACTCTCTTTTTTG,0.36124405860900877
LVX,combined,reg,k_ACTCGCTATGGCCTGCTCCAC,0.35774457454681396
LVX,combined,reg,k_AAATCTGAATTTTTCTACCCT,0.35771420001983645
LVX,combined,reg,k_AAGACTTGTTCTTAGAAATCC,0.35510735511779784
LVX,combined,reg,k_AGCCCGTTCTCCAAGAAAAGA,0.35498433113098143
LVX,combined,reg,t_ST_880,0.3531085252761841
LVX,combined,reg,k_AACCCACCACGAACGAGCGGT,0.3461932450532913
LVX,combined,reg,k_AACAAGTCAACTAAACTATAC,0.34565243721008304
LVX,combined,reg,k_AGGACATCCAATTATTTGTTC,0.34500460624694823
LVX,combined,reg,k_AAATCGATTAGGAATTTAAAG,0.3408287525177002
LVX,combined,reg,k_AACACTTGGAAATCGCATCAA,0.3382686138153076
LVX,combined,reg,k_ATCCTTGCCAAAGTAAAAACG,0.33688665032386783
LVX,combined,reg,k_ATGTCAGGGATTAAACATGAC,0.33473503589630127
LVX,combined,reg,k_AAAACCTTTCCCATCTACAGT,0.33265913724899293
LVX,combined,reg,k_AGCCTTGTGCAATACAGAACT,0.3318972587585449
LVX,combined,reg,k_AAGCCACCGCCAGAACTTCCA,0.3318307876586914
LVX,combined,reg,k_AACACTCCAAGAACAAACTGG,0.33122453689575193
LVX,combined,reg,k_AAACCACCGACTTGGTTGCAG,0.3311511993408203
LVX,combined,reg,k_ACATCAGCAAATAATTTTTCC,0.330181884765625
LVX,combined,reg,k_AAGCATTCTTTAAACGCCAAG,0.3301079273223877
LVX,combined,reg,k_AAAAACATCTTTCATTTCACT,0.32991533279418944
LVX,combined,reg,k_ACAGTAGGGCTTAATAAAGCC,0.3284090757369995
LVX,combined,reg,k_AAAGAACTTTCATCTAAATAC,0.3284070730209351
LVX,combined,reg,k_ACTTCGCTCCATCATCGAAGA,0.3277716636657715
LVX,combined,reg,k_GTAGTACCATGAGCCATTGTA,0.32736422419548034
LVX,combined,reg,k_AAAATTCTCTGTATCCCAAAA,0.32715520858764646
LVX,combined,reg,k_AGATAAAAGGATGGGATAGGA,0.3262274920940399
LVX,combined,reg,k_AAACTCAGATGGATGCCTTTC,0.32530216574668885
LVX,combined,reg,k_AACCTGAGTTGCCTGTCGAGG,0.3230992078781128
LVX,combined,reg,k_AAGAGTTCTCCTTCTAGGTCG,0.3220212459564209
LVX,combined,reg,k_CATGTTCTTATTTCATTTTAC,0.32149105072021483
LVX,combined,reg,k_AATTCTCTCTCTCTGTGGCAA,0.3205799341201782
LVX,combined,reg,k_AAAAGCATCCATCTGGGTTTC,0.31790504455566404
LVX,combined,reg,t_ST_876,0.31712483167648314
LVX,combined,reg,k_AGTATTGAGTCCAGCCGCTGA,0.31588921546936033
LVX,combined,reg,k_GGGTCACACACTGCTTGTCCA,0.3147576332092285
LVX,combined,reg,k_GTTTATCATACACAAAGTGGA,0.31446797847747804
LVX,combined,reg,k_GATATGAAAACAGGATGGCAA,0.31286284923553465
LVX,combined,reg,k_AAAGTCTCGCCATCAAGAGTT,0.3112869501113892
LVX,combined,reg,k_AAATACAACAGGAAAAGTCTT,0.3083353161811829
LVX,combined,reg,k_AAAGTGAGGAAATCCATGCAA,0.3062304496765137
LVX,combined,reg,k_ACGAGTTCCGACATTAGAGAA,0.30530800819396975
LVX,combined,reg,k_ATCGTCAGACTTGTAAGTCAA,0.3049429655075073
LVX,combined,reg,k_AAAATATGAGCATCCCCAAGT,0.3036481857299805
LVX,combined,reg,k_AAACAGCTGCAACTTCAGCCT,0.3010085701942444
LVX,combined,reg,k_ACTTTTCGAAAATCTTTTTAC,0.2993725538253784
LVX,combined,reg,k_AGATAGGCCCTCACTTGGCTC,0.29899346828460693
LVX,combined,reg,k_AAAACAGGTCCCTATGAATGT,0.29818024635314944
LVX,combined,reg,k_ACTACATCTGAAAACCAACTC,0.2966773927211761
LVX,combined,reg,k_AAGAGGGAGAATTTTACCCTT,0.2964697599411011
LVX,combined,reg,k_AAACTTTTATCCCACTCACTA,0.29459179341793057
LVX,combined,reg,k_AAGCTTATCCAAGTCAATCCA,0.29444146156311035
LVX,combined,reg,k_CTAATAATTTTTGGTCTGGCA,0.2927295684814453
LVX,combined,reg,k_CGAATCTTTTGATACAAACGA,0.292462420463562
LVX,combined,reg,k_ACCACTTATGAAGCAACCTCT,0.2919793128967285
LVX,combined,reg,k_AATAAAGTCAGAATTTCTGTC,0.2918293341994286
LVX,combined,reg,t_serotype_15B,0.2899126410484314
LVX,combined,reg,k_ATCTCAGAGCTATAAGCCCAA,0.2894117832183838
LVX,combined,reg,k_AAAATGAATTTGATTTACGAA,0.28852024078369143
LVX,combined,reg,k_AACTTCTAAAATATAGTAAAA,0.2883594185113907
LVX,combined,reg,k_ACATGTATGGCTGGAAAAAAG,0.2882615000009537
LVX,combined,reg,k_AAAATCCCTCTGGAACCTATC,0.28664498329162597
LVX,combined,reg,k_AAAAACGTCCAACCCCAGTTC,0.2861477851867676
LVX,combined,reg,k_AAGACATAATCTCAGGCAGAT,0.2856762625277043
LVX,combined,reg,k_AAGAAGGGACCAATCTTGCAC,0.2815846562385559
LVX,combined,reg,k_AAAAGAAACAAAGTGTCAAAG,0.2813318967819214
LVX,combined,reg,k_AAAGCTCCTTTACATGAGTCA,0.2808065891265869
MFX,kmer,reg,k_ACATTTGGGGTGCTTTAGGCT,4.710007160902023
MFX,kmer,reg,k_AGAAAAGTATGAATAAGCTAG,4.1485343933105465
MFX,kmer,reg,k_ACTCCTCGACTTTTGAGATAG,3.0263166427612305
MFX,kmer,reg,k_AACTAGGAAACCATCTCCAAC,2.975164222717285
MFX,kmer,reg,k_ATGTAGATAAAACATCTACTG,2.7641944885253906
MFX,kmer,reg,k_CGATGCCTTGGTTCTCATTGC,2.469459819793701
MFX,kmer,reg,k_AGATTTCTATTAGTAACAATA,2.38810880407691
MFX,kmer,reg,k_CCAAATGCGTAATGTAGATAA,2.1308555603027344
MFX,kmer,reg,k_AGCATCCCTTCTGTATAGTCA,2.0548391342163086
MFX,kmer,reg,k_AACTTTTTCCTCGTTTCGAGA,1.9750701904296875
MFX,kmer,reg,k_AAACATTCCCTATCCATATAA,1.9414911270141602
MFX,kmer,reg,k_AAGAACCTTTCAAGCAAGCCC,1.7855033874511719
MFX,kmer,reg,k_AAGGAGATTGCCCTTTTCATC,1.7717668533325195
MFX,kmer,reg,k_AGCCTTTTTCAAGTCATTGCC,1.7001020073890685
MFX,kmer,reg,k_AACCATCCTATTTTGACCAAA,1.64124755859375
MFX,kmer,reg,k_GCAGACACATCAACTAGCACC,1.5759430170059203
MFX,kmer,reg,k_AAAACCAGCTCCACAAACACC,1.5177949905395507
MFX,kmer,reg,k_AGATGTATCGAGCGGAGTGGA,1.5022418975830079
MFX,kmer,reg,k_AACCAATCTAATGACCCACGT,1.475074577331543
MFX,kmer,reg,k_CTCTCAATCTTCAAACAACAG,1.4628659248352052
MFX,kmer,reg,k_ACGAGTTTGAAAATGTCGACG,1.4617677688598634
MFX,kmer,reg,k_AAGCCGAGTTTGATTGAAGTG,1.4309968948364258
MFX,kmer,reg,k_AACCTTCTGACTATACAGAAG,1.4206908226013184
MFX,kmer,reg,k_AAGCCAAGGCCTATATCGAAA,1.4125701904296875
MFX,kmer,reg,k_CTACCAGAACTGAGAAACCAA,1.383237648010254
MFX,kmer,reg,k_ATGGTTGTGCTGGTTTTTCAG,1.306046962738037
MFX,kmer,reg,k_ATTCCTTCCCAAAAACATTGC,1.2966869354248047
MFX,kmer,reg,k_AAATGATGTTAAAAACCTAAC,1.288454532623291
MFX,kmer,reg,k_ATTCCTGCATGGTTTGATGTG,1.287603759765625
MFX,kmer,reg,k_ACAGCTATAGTCGCAAAGATA,1.2837782859802247
MFX,kmer,reg,k_AAAAAACTTGGAAATCCATCA,1.2610468447208405
MFX,kmer,reg,k_AAAGCGTTTTTCACACTTGCA,1.2594862937927247
MFX,kmer,reg,k_AGTCATACTGGAAGACTAGAT,1.2259090423583983
MFX,kmer,reg,k_AAGCGTGGATTGGAAGTAACT,1.2065784454345703
MFX,kmer,reg,k_ATTTTGATGGTTGAAGTGAAG,1.195961856842041
MFX,kmer,reg,k_ACTGCTTTGAGGACCTTAGAC,1.1734375
MFX,kmer,reg,k_AAAGCCATGGATCAGGTTGCC,1.1722227096557618
MFX,kmer,reg,k_AAACCTAAAGTCAAGTTGGAA,1.1453135490417479
MFX,kmer,reg,k_AACTTGATTCAAGAGGGCAAC,1.1147188186645507
MFX,kmer,reg,k_AAATCGCAGATGATTCTGTCT,1.1018946409225463
MFX,kmer,reg,k_AACTACATCGGATTTGACATA,1.0980445861816406
MFX,kmer,reg,k_AACACAATATGATAGAACACA,1.0951747655868531
MFX,kmer,reg,k_AGCAACCAAAACAGAAGTAAT,1.0850550651550293
MFX,kmer,reg,k_AAAATATTTATATTATATGGA,1.0834190368652343
MFX,kmer,reg,k_CTGCTGGCTATGTCACCTACC,1.08149653673172
MFX,kmer,reg,k_AAACCCTGCAACTTTTCCCAG,1.0796658515930175
MFX,kmer,reg,k_TTATTTCATTTTACTATAAAA,1.0792548663914205
MFX,kmer,reg,k_ATCAATGATGATAAAGGAATG,1.0792194172739982
MFX,kmer,reg,k_AATCTTCATAGCATCACCACT,1.078245258331299
MFX,kmer,reg,k_AGCACATAGCGCAGATAACCA,1.0771903038024901
MFX,kmer,reg,k_AAAAACCAGCACAACCATCTA,1.0750090599060058
MFX,kmer,reg,k_ATTATATATAGTAAAATGAAA,1.0746211051940917
MFX,kmer,reg,k_ATTTTTTGAAAAGGATTTTAG,1.0708253860473633
MFX,kmer,reg,k_AAAAAACTTGTGTTCTCGTCT,1.040132999420166
MFX,kmer,reg,k_AAATAGGTCTGATCCTTGCCA,1.0094779074192046
MFX,kmer,reg,k_AAATCAAGGGTGGCTATGTGA,1.0058820635080339
MFX,kmer,reg,k_AAAGCAGCTTCCTGAAGGCAG,0.9993879318237304
MFX,kmer,reg,k_AATAGCTCCACCAATACAGGT,0.9992881774902344
MFX,kmer,reg,k_ACTCCCAAGACCTTCACGCGC,0.9958322525024415
MFX,kmer,reg,k_AACTGACAGTAGAGCAAGTAG,0.9944694519042969
MFX,kmer,reg,k_AACCACCACTGGTCTTGACCT,0.988878619670868
MFX,kmer,reg,k_AACCACTCCATTCCCATAGGG,0.9840192794799805
MFX,kmer,reg,k_GCCCCCTTTTAAATGTCAAAA,0.9806309700012207
MFX,kmer,reg,k_GGGGGACCTTTTTAGTCGGTA,0.9763626098632813
MFX,kmer,reg,k_AAGACTCACGAGAGAAACCAG,0.9742746353149414
MFX,kmer,reg,k_AAAAGGATTTTAACTACAGGG,0.9733052268624306
MFX,kmer,reg,k_ACTGAGAGTACTACCTGGGAA,0.9704239726066589
MFX,kmer,reg,k_AAGCAAACGCCCCTTGACCAC,0.9667570076882839
MFX,kmer,reg,k_AAAACGGTTGGGGTTAAATGT,0.960383415222168
MFX,kmer,reg,k_AAAAAAGAACGACAAAAGATT,0.9573413491249084
MFX,kmer,reg,k_ATGATGAAATGAAATAAAATC,0.9462846755981446
MFX,kmer,reg,k_ACTCATGTCATTGACAATGGC,0.9455831527709961
MFX,kmer,reg,k_CTCATTGCCTATAATCAAAAA,0.945134973526001
MFX,kmer,reg,k_AACGAATGGTGCTAAGGTCAT,0.9450592041015625
MFX,kmer,reg,k_AAAGAAAGCTTGATTGAAGGC,0.9400660514831543
MFX,kmer,reg,k_ATTATATCATTGATTAGTCTG,0.9299730204045773
MFX,kmer,reg,k_AGAATAGCATGGTAAAATTTA,0.926025390625
MFX,kmer,reg,k_AAAACTTGAAACACTTAGCCT,0.9242559432983398
MFX,kmer,reg,k_AAATCCAGCCTGTTCCAGCAA,0.9098898410797118
MFX,kmer,reg,k_AAAAGACACCTTCACTCTATC,0.9085775375366211
MFX,kmer,reg,k_ACATTTTTCTATTTTGGAAAG,0.9081185340881348
MFX,kmer,reg,k_CTTGAAAATCTCCTAGAATCC,0.905012845993042
MFX,kmer,reg,k_AATTATCAGTACGGCTAGTAT,0.8999508857727051
MFX,kmer,reg,k_GACTTCATCAGTTCTATCTAC,0.8980506896972656
MFX,kmer,reg,k_AAAAAAGTATGAATAAGCTAG,0.8959240436553955
MFX,kmer,reg,k_AAAGGTTCAATAGATGTAGAA,0.8903242588043213
MFX,kmer,reg,k_AAAGCTGTGGGACTCCAGATT,0.8888749092817306
MFX,kmer,reg,k_AAACACCTTTTTCTGCAGCAG,0.8835792541503906
MFX,kmer,reg,k_AGTTGACCAAACAGCAACTAC,0.8813410758972168
MFX,kmer,reg,k_ACCCAATCTTTTTGCAACATC,0.8654671669006346
MFX,kmer,reg,k_AAAACCTACAATCAGGTCAAA,0.853497314453125
MFX,kmer,reg,k_ATGTCGTTCTCAGCAAGAAGG,0.8473243713378906
MFX,kmer,reg,k_AAAAGCGACTTCCTTATCCGT,0.8469490051269531
MFX,kmer,reg,k_AAAACGCAATTCAAAAAGGGA,0.8457924842834472
MFX,kmer,reg,k_AACCATTCAGTCCCGTCAAGA,0.8457046508789062
MFX,kmer,reg,k_CATGGATGCCTTGAAAGCAAC,0.8418421745300293
MFX,kmer,reg,k_AAGCCTTGCAGACACATCAAC,0.8357243061065673
MFX,kmer,reg,k_CAGCAGCAAATTTTTCCGCAA,0.8352713584899902
MFX,kmer,reg,k_ACTTTCAGCAGCCTCAAGATC,0.833464241027832
MFX,kmer,reg,k_AAATTACGAGATGATCAATGT,0.8324933171272277
MFX,kmer,reg,k_TTCATTGCCTATAATCAAAAA,0.8316553682088852
MFX,kmer,reg,k_AAACATTGCCCAATGCAGCTA,0.8253715515136719
MFX,kmer,reg,k_AAAGAAGAATTTAATAAAGAT,0.8220135688781738
MFX,kmer,reg,k_AATGTGCCATAGGCTGCTGTC,0.8209856033325196
MFX,kmer,reg,k_AAATCAGAGGAAGGAAGCTTG,0.8201148033142089
MFX,kmer,reg,k_AATGCGGTCAGGTCGCTTAGC,0.808106768131256
MFX,kmer,reg,k_CCCACGGCACAAGATTTCCTC,0.8072249412536621
MFX,kmer,reg,k_AATTGCCCCCAGCACGGTCAA,0.8045125484466553
MFX,kmer,reg,k_AATTAGTTTAATACTCATAAA,0.8040573120117187
MFX,kmer,reg,k_ATCGATGGCAAAGATATAAAA,0.8008988618850709
MFX,kmer,reg,k_ACTTGTAAGAATGTCACAGAT,0.7981573104858398
MFX,kmer,reg,k_AGCGCACTTTTATGCTTATCC,0.7973463058471679
MFX,kmer,reg,k_AAAATTACTCGTGCAGATGGT,0.7917889595031739
MFX,kmer,reg,k_AAACAGCCATACGACCTGCAA,0.7913491249084472
MFX,kmer,reg,k_AAATGGAACATCAGGTTACGA,0.7819268584251404
MFX,kmer,reg,k_AAGGCTACAGAACGGTTGGCA,0.7788633346557617
MFX,kmer,reg,k_CCATGAGTTAGGGACTGACGG,0.7786177158355713
MFX,kmer,reg,k_AGCGTTGGAAGAATGGATACA,0.7754274368286133
MFX,kmer,reg,k_AATACACCAATTACTGATGGA,0.7729753255844116
MFX,kmer,reg,k_ACTTGGGCAATCATTTGAAAG,0.770920991897583
MFX,kmer,reg,k_AAGCAAGTCCGAGAAGAACAT,0.7688871383666993
MFX,kmer,reg,k_AATGTATTATATATAGTAAAA,0.7666381359100342
MFX,kmer,reg,k_CTTGCAGACACATCAACTAGC,0.7623497366905213
MFX,kmer,reg,k_AAAATATCCTCCTTTTCATTA,0.7619794845581055
MFX,kmer,reg,k_GAGCAGTTTAAAAAAGATACA,0.7546556472778321
MFX,kmer,reg,k_AAGGCAGCAGATAAAGTAGCC,0.7536347866058349
MFX,kmer,reg,k_AGTTTGTTTAGCATATTGAGG,0.7530439853668213
MFX,kmer,reg,k_TAAATATAGTAAAATGAAATA,0.7516464233398438
MFX,kmer,reg,k_CTGCGAGCTGGGTGGTTGACC,0.749543571472168
MFX,kmer,reg,k_AAAGTAATCGATGCGGGGATG,0.7486464023590088
MFX,kmer,reg,k_ATAGACATAAGAAGTCGTCGC,0.746184679865837
MFX,kmer,reg,k_CCCAAGATACCACCGATAAAC,0.7406785488128662
MFX,kmer,reg,k_AAGTGTATGAGAAGTGATTAG,0.7396091938018798
MFX,kmer,reg,k_AGTAAAACATTGAACCAAGAG,0.7389106273651123
MFX,kmer,reg,k_AATTATAATAAAATGAAATAA,0.7375117123126984
MFX,kmer,reg,k_AAAAATAGGGATTTTTCACTT,0.7328901052474975
MFX,kmer,reg,k_ACTTTGTGTATGATAAACTAT,0.7327322483062744
MFX,kmer,reg,k_AACCAATATTGATGTCAAGAA,0.7319909572601319
MFX,kmer,reg,k_AAACAGAAACTCATATTGACT,0.7309548377990722
MFX,kmer,reg,k_AAAAAGATTGTATAATAGGGA,0.7287549018859864
MFX,kmer,reg,k_ATCTATCATAGTCTCAATCGG,0.7269860744476319
MFX,kmer,reg,k_ACCAGTCGCACGATAGTGAGC,0.7249683380126953
MFX,kmer,reg,k_AAAGTATTTCTTAAGGGTTGC,0.7224370002746583
MFX,kmer,reg,k_AAAAGCTCGAGCCTCATAGCT,0.7213340759277344
MFX,kmer,reg,k_AAAAGAGTTAGCTAAAGCTAG,0.7205751419067383
MFX,kmer,reg,k_AAACTTTACGGTGAAGGTAAG,0.7176137924194336
MFX,kmer,reg,k_AAATCAGGTAGTTAAAGATTA,0.7166004657745362
MFX,kmer,reg,k_AACTGGTCACGCCATCCATAC,0.711738109588623
MFX,kmer,reg,k_AAAACGCTTAGTAAAAGAAAC,0.7076156616210938
MFX,kmer,reg,k_ACCTCAACAGTCTCTTTTGGG,0.7018888130784036
MFX,kmer,reg,k_CTATCAAGGTTTTTGAACACC,0.7008037567138672
MFX,kmer,reg,k_ATTTTCGAAGAGTATAAAGAG,0.6980789065361024
MFX,kmer,reg,k_AAAAAGTCCCAATTAAATTTT,0.6970027923583985
MFX,kmer,reg,k_AATTACCTTTATTTCTATGAT,0.6956303402781487
MFX,kmer,reg,k_AATCTTTTTGCAACATCGACC,0.694883918762207
MFX,kmer,reg,k_AACCTTTCGACCGATTCGCAT,0.6943000793457031
MFX,kmer,reg,k_AGCTAAATCCACTTTGATGAG,0.6925558090209961
MFX,kmer,reg,k_AGTCTTATCCACAACCTCAAA,0.6917401313781738
MFX,kmer,reg,k_ACACTATTCTAACGCCAAACT,0.6820435523986816
MFX,kmer,reg,k_AGAAAAAACAGCAAAATCAAA,0.6820065975189209
MFX,kmer,reg,k_AAAATTCACTTCAGTTACTTG,0.6772263169288636
MFX,kmer,reg,k_AAAAAGTCCACAGGACTTTTT,0.6759178161621093
MFX,kmer,reg,k_AATTCCTTGGCTGTCACCGCA,0.6754201471805572
MFX,kmer,reg,k_AAAAATCTTAGTCAATAATCC,0.6726392269134521
MFX,kmer,reg,k_AACCAACTCTTGATCAACATA,0.6700241282582283
MFX,kmer,reg,k_AAAAGGATTGAACTCCGCGAT,0.6693670511245727
MFX,kmer,reg,k_AACCATTCTACAATAAAGAGT,0.6651147842407227
MFX,kmer,reg,k_AACACCAAAAGCAAAGCAATG,0.6633466720581055
MFX,kmer,reg,k_CATTAGCTTTTTCAAAAAGAC,0.6627383232116699
MFX,kmer,reg,k_ACCTACCATGGCTTCCACAAG,0.6620660305023194
MFX,kmer,reg,k_AGGGAAGTTGTTGTCATCCTA,0.6610789120197296
MFX,kmer,reg,k_AATCTACGAATGCGAATCAAG,0.6582455337047577
MFX,kmer,reg,k_AAAGGTAAATTGACCATTATT,0.6558834075927734
MFX,kmer,reg,k_AACCAAGAAACCAGCTATATA,0.6553054809570312
MFX,kmer,reg,k_AAGAGTTGATTGAGCATAATC,0.654003095626831
MFX,kmer,reg,k_CGAAACGAAGAAACGAAGAAG,0.652735710144043
MFX,kmer,reg,k_AAAACATCCTGCGATAGGATA,0.6474337369203567
MFX,kmer,reg,k_GACCAGCTAACACCTCAAAAC,0.6457603454589844
MFX,kmer,reg,k_AACTCATACTCAATGAAAATC,0.6429052352905273
MFX,kmer,reg,k_AAAATCACCAAGGCCGTACCT,0.6351012229919434
MFX,kmer,reg,k_AGCTATTCAGAAGACTTGAAA,0.6343926906585693
MFX,kmer,reg,k_ATGTGAATTTATCAAATGAAG,0.6330170631408691
MFX,kmer,reg,k_ATCCAGCGTATAGAGGAGAAC,0.6320799827575684
MFX,kmer,reg,k_AATCCAGCACTTCAAAACATG,0.6315179824829101
MFX,kmer,reg,k_AAAGGAGACTGCTGAGACCCT,0.628999662399292
MFX,kmer,reg,k_GAAGAGTTAGCTGACTTTGAA,0.6268750980496406
MFX,kmer,reg,k_AAGTGATAGGAGTCTTAATAT,0.6267197608947754
MFX,kmer,reg,k_CACATCGTAATTGATAGAAGA,0.6263579368591309
MFX,kmer,reg,k_AGTGGTCCCAACAACTGACAT,0.6198637008666992
MFX,kmer,reg,k_AATACAAGGCTATCAAGCGAT,0.6196297645568848
MFX,kmer,reg,k_AATGATATCAGATGCATTGAA,0.6194813251495361
MFX,kmer,reg,k_CCTGACATGTACTTCCAAATC,0.6120171338319779
MFX,kmer,reg,k_ACTCACGACATCTGCTAGAAT,0.6025801181793213
MFX,kmer,reg,k_AATACCAGCCATTGTTAAACC,0.6024845361709594
MFX,kmer,reg,k_AAAATAGGATGGTTGTGGTTG,0.601357889175415
MFX,kmer,reg,k_AAGATCCCTTACCTCGAAACA,0.60109543800354
MFX,kmer,reg,k_ACCCCCCCAAGACAATAGACA,0.5980811893939971
MFX,kmer,reg,k_AAATGAAAGCCAGTATGCTGA,0.5979875564575196
MFX,kmer,reg,k_CTCTGTATCCACACCAAGCCC,0.5972291469573975
MFX,kmer,reg,k_ACTTTTTTGAATTTCGAAAAA,0.5969328880310059
MFX,combined,reg,k_ACTTTTTTGAATTTCGAAAAA,6.024637150764464
MFX,combined,reg,k_CGATGCCTTGGTTCTCATTGC,2.967501163482666
MFX,combined,reg,k_CCAAATGCGTAATGTAGATAA,2.6762453377246858
MFX,combined,reg,k_AAATCTCATACAGCAGTAACT,2.275188462436199
MFX,combined,reg,k_AACTTTTTCCTCGTTTCGAGA,2.2438313007354735
MFX,combined,reg,k_AACTAGGAAACCATCTCCAAC,2.1969407081604
MFX,combined,reg,k_AACCTTCTGACTATACAGAAG,2.1473684310913086
MFX,combined,reg,k_AACCGCAATCTCTGGATGGAA,2.0127099990844726
MFX,combined,reg,k_AAAGACCTTGGCAGGCTTATG,1.9647840976715087
MFX,combined,reg,k_ATCCCTTGACTGAGGAAATAA,1.9214662313461304
MFX,combined,reg,k_AAAAAGATTGTATAATAGGGA,1.881323254108429
MFX,combined,reg,k_ATGTAGATAAAACATCTACTG,1.8551420211791991
MFX,combined,reg,k_AAATTTGATACAGAGTCTGAG,1.81011962890625
MFX,combined,reg,k_CTACCAGAACTGAGAAACCAA,1.7810312271118165
MFX,combined,reg,k_CAGCCTTTTTCAAGTCATTGC,1.7491687774658202
MFX,combined,reg,t_ST_11161,1.7275471210479736
MFX,combined,reg,k_AACTTCAGGCACAGGTCTCGC,1.7259792327880858
MFX,combined,reg,k_ACATTACGCATTTGGAATACC,1.6086217880249023
MFX,combined,reg,k_AAAAACAAGTTTAGATCCTCA,1.5905093193054198
MFX,combined,reg,k_AGCGACTTCCTTATCCGTGAC,1.5763715744018554
MFX,combined,reg,k_CTTGCAGACACATCAACTAGC,1.5711173057556151
MFX,combined,reg,k_ACATTTGGGGTGCTTTAGGCT,1.5445225298404692
MFX,combined,reg,k_AAAAAAATTCCCAAAAATCTA,1.5396023452281953
MFX,combined,reg,k_AGCATCCCTTCTGTATAGTCA,1.502964687347412
MFX,combined,reg,k_AAGCCGAGTTTGATTGAAGTG,1.4309968948364258
MFX,combined,reg,k_AAAACAGTCTAATATTCAGAC,1.41907958984375
MFX,combined,reg,t_serotype_10C,1.4184630632400512
MFX,combined,reg,t_ST_16130,1.395125460624695
MFX,combined,reg,k_CCTATCCATATAATATAAATA,1.3943899154663086
MFX,combined,reg,k_ACTATAGCTGTGATGCTAACC,1.3789844989776612
MFX,combined,reg,k_AATATGCAATGTTTTTGGGAA,1.3715127944946288
MFX,combined,reg,k_AAAATCTAGAGTTTCCAACCC,1.3635853767395019
MFX,combined,reg,k_CTCATTGCCTATAATCAAAAA,1.3457240104675292
MFX,combined,reg,k_AACCCCGTTTGACCATTCTTC,1.3383476257324218
MFX,combined,reg,k_AAAAAACTTGGAAATCCATCA,1.335634744167328
MFX,combined,reg,k_ACATAATATATTGAATCTATA,1.3283708572387696
MFX,combined,reg,k_AAAGACTTATCACAATCCCTC,1.3135762214660645
MFX,combined,reg,k_AAAGCGTTTTTCACACTTGCA,1.312466812133789
MFX,combined,reg,k_AATTTTAACAACAGCCTCACT,1.2941449165344239
MFX,combined,reg,k_AAAAATCGCATAAATCACTAG,1.2299485206604004
MFX,combined,reg,k_TTATTTCATTTTACTATAAAA,1.2122049421072008
MFX,combined,reg,k_AGACCCTCACAAGCCACATCT,1.2035324096679687
MFX,combined,reg,k_CAGCTTCTTTTACGGCCGCGA,1.1782358169555665
MFX,combined,reg,k_GTTTTGAGATTGTGGATAGAA,1.127206516265869
MFX,combined,reg,k_AACGAACTTTTCTTGTATTCT,1.1070838928222657
MFX,combined,reg,k_CGGGAAGTAGCTATGTTGAGA,1.0975658416748046
MFX,combined,reg,k_AAACATTCCCTATCCATATAA,1.0967117309570313
MFX,combined,reg,k_CAATGACACTTGTAGGGGCGA,1.0852447509765626
MFX,combined,reg,k_ACACTTGCAAAAATCCGCTAC,1.0686034202575683
MFX,combined,reg,k_AAACCAGAAGTCGTCCAAAAA,1.0638148546218873
MFX,combined,reg,k_CACCTATACTATTCGCAAAGA,1.0611233711242676
MFX,combined,reg,k_AAATCCTATACCAAGCTCAGC,1.0596992462873458
MFX,combined,reg,t_ST_876,1.0586252450942992
MFX,combined,reg,k_AATAATATTTAAAATGAACAG,1.0402052879333497
MFX,combined,reg,k_CTGCTGGCTATGTCACCTACC,1.022386360168457
MFX,combined,reg,k_AAGCCAATACCCTGAGTGTAA,1.0195777893066407
MFX,combined,reg,k_AAGCCTTGCAGACACATCAAC,1.0147064208984375
MFX,combined,reg,k_AAGGATATAGTGGGTATCGTC,1.014652633666992
MFX,combined,reg,k_AAAGATTCCTTCAACACAAAC,0.9914694786071777
MFX,combined,reg,k_AATGCAATTAGATTTTCAAAC,0.9881789565086364
MFX,combined,reg,k_AAAAATCGTAGAACACTATTA,0.9863012313842774
MFX,combined,reg,k_AATACAAAGGAAGAAGGACTA,0.9855484008789063
MFX,combined,reg,k_AAACTAGCTGCGGGCTGCTCA,0.975018310546875
MFX,combined,reg,k_AAAAGCGACTTCCTTATCCGT,0.9586167335510254
MFX,combined,reg,k_AAAAGAGCAAGATTGGCTGCA,0.9584892272949219
MFX,combined,reg,k_AAAAAAGTATGAATAAGCTAG,0.9547788619995117
MFX,combined,reg,k_CGTCCTACGTACTGGCGCAAA,0.9365856170654296
MFX,combined,reg,k_AAGATAAGCATCAACCATACG,0.9330003738403321
MFX,combined,reg,k_AAGAACCTTTCAAGCAAGCCC,0.9315986275672913
MFX,combined,reg,k_CTTTGATGGCATTTATGGTTC,0.9201890289783479
MFX,combined,reg,k_AAATCGCTTTCCAAAATAGAA,0.9105831146240234
MFX,combined,reg,k_AAGACCATTGTCATCACGGTC,0.9037097930908203
MFX,combined,reg,k_AAAACATTCTTACAAATTGAT,0.9026890754699707
MFX,combined,reg,k_AAAGGTAAATTGACCATTATT,0.8962404012680054
MFX,combined,reg,k_AATCAATCAATGGAAAATAAA,0.8926101684570312
MFX,combined,reg,k_AAAGTTTCTTCTTCATCAACA,0.8869994163513184
MFX,combined,reg,k_AACATTTGTCGCATCCTAGAA,0.8859905242919922
MFX,combined,reg,k_AATGCTAAACTTATCCAAAAA,0.8799700856208802
MFX,combined,reg,k_AAAAACTGAAAAACCAGCACA,0.8778691291809082
MFX,combined,reg,k_AACCCTTCCTTAGTAAAACAT,0.8713612914085389
MFX,combined,reg,k_AAATAATTGATCAAATACCCT,0.8703051567077636
MFX,combined,reg,k_AAGAGCGACAACATCACCAAC,0.8677326202392578
MFX,combined,reg,k_AATTCTCAAGATTTAAAAGGG,0.8658207297325134
MFX,combined,reg,k_AGGTTCCGCAGGTTCAACACC,0.8610997200012207
MFX,combined,reg,k_CCAATCTCTGCAGGTATTAGA,0.8530757904052735
MFX,combined,reg,k_AAAGCGATCTTGAACCGACTC,0.8428358718752861
MFX,combined,reg,k_AAGCCAAGGCCTATATCGAAA,0.8391705513000488
MFX,combined,reg,k_CATGGATGCCTTGAAAGCAAC,0.8315799713134766
MFX,combined,reg,k_AACCTCGTAATGCTCAAAAAT,0.830965805053711
MFX,combined,reg,k_AACTTGATTCAAGAGGGCAAC,0.8216026306152344
MFX,combined,reg,k_ATAAAGACTTGGTTCCCAATA,0.8210788011550902
MFX,combined,reg,k_AAAGAAGAATTTAATAAAGAT,0.8197020530700683
MFX,combined,reg,k_AAACATGTCTATAGAACTGGT,0.8148869037628174
MFX,combined,reg,k_AAATAAAGATTTTTTTAAAAC,0.810981273651123
MFX,combined,reg,k_ATGTCAGGGATTAAACATGAC,0.8059370994567872
MFX,combined,reg,k_AGATTTCTATTAGTAACAATA,0.7997508883476256
MFX,combined,reg,k_ACTTCTGTTTCTTTTACTAAG,0.7961643218994141
MFX,combined,reg,k_AGATCATGGTGAGCAGAAAGA,0.7916621342301369
MFX,combined,reg,k_AAAAGACACCTTCACTCTATC,0.7913417816162109
MFX,combined,reg,k_ATTTTGATGGTTGAAGTGAAG,0.7906135559082031
MFX,combined,reg,k_AAGACTACATACATGAAAAGA,0.7839485883712769
MFX,combined,reg,k_AAAGATATCTTCCTCAGGTAC,0.7785883963108062
MFX,combined,reg,k_AAAAGTTTATACCCAAACTCT,0.7749596357345581
MFX,combined,reg,k_AGATGTATCGAGCGGAGTGGA,0.7748656272888184
MFX,combined,reg,k_CATTCGAGGAAATACAAAGGA,0.7745706558227539
MFX,combined,reg,k_AAAAGGATGTCAAAGCTCTCG,0.762798623740673
MFX,combined,reg,k_AACACAACTGTAGATAGCTAT,0.7622027486562729
MFX,combined,reg,k_AAAAATGAGGGCAGTCCATCT,0.7537380993366242
MFX,combined,reg,k_AAATCACCAGGTGAAATATCC,0.7533060491085052
MFX,combined,reg,k_ACAGAAATCCCTAATGTCCGA,0.7393524169921875
MFX,combined,reg,k_AGCTACTCCTCGACTTTTGAG,0.7358285427093506
MFX,combined,reg,k_AAAAATAAGAAAACATGAGAG,0.7316725343465805
MFX,combined,reg,k_GTATCTTTTTTAAACTGCTCA,0.7258872509002685
MFX,combined,reg,k_ACCAAGCCTTGCAGACACATC,0.7235785484313965
MFX,combined,reg,k_AATCACCGTAGCTATCGGTCA,0.7205681383609771
MFX,combined,reg,k_ATTTTCGAAGAGTATAAAGAG,0.7205626726150512
MFX,combined,reg,k_AAACTTTACGGTGAAGGTAAG,0.7176137924194336
MFX,combined,reg,k_AAAACTTCAAGATGGGAAACA,0.715139627456665
MFX,combined,reg,k_AACACCCACGGTGGTATTGCG,0.7131997108459472
MFX,combined,reg,k_AACCAAGAAACCAGCTATATA,0.711375617980957
MFX,combined,reg,k_AATACCCTCGAATCCGCAACC,0.7052555084228516
MFX,combined,reg,k_CGGAAGTAACTACAATTTTAA,0.7032493591308594
MFX,combined,reg,k_CTTTTTCAACCATATCGTGGC,0.7018602371215821
MFX,combined,reg,k_AAAAACTCGTTCAATACTATG,0.7001865029335022
MFX,combined,reg,k_AAAGGAATGGCTATCGGTGCT,0.7000785827636719
MFX,combined,reg,k_GCAGACACATCAACTAGCACC,0.6973097324371338
MFX,combined,reg,k_AAAGATTATAGAGAGCCAGTA,0.6959971427917481
MFX,combined,reg,k_AACTCCATAAATGCCCGCATG,0.6948590710759163
MFX,combined,reg,k_AATTTCACATATTTCAGCGCC,0.6927450180053711
MFX,combined,reg,k_CATCCCATCAAAGGTCACACG,0.6911550521850586
MFX,combined,reg,k_ATAAGAATTGGCACAAAAGCG,0.6900759667158127
MFX,combined,reg,k_AACGGTTTCAGGTGCAGCTCT,0.6893348693847656
MFX,combined,reg,k_AAGCTGTTGTTCATTAAATCA,0.6886249542236328
MFX,combined,reg,k_AAGGTTTACGACCCAAGTCAA,0.685659646987915
MFX,combined,reg,k_AAACCATACTTCAAAAAAGTC,0.685252046585083
MFX,combined,reg,k_AATTCCTTGGCTGTCACCGCA,0.6838140785694122
MFX,combined,reg,k_AGAAATCACCCATCTTACTCA,0.6831581592559814
MFX,combined,reg,k_AAACCAATGCCAAGGTTGAGG,0.6828920483589171
MFX,combined,reg,k_AGAGCTTGTTTTTTAATTTCG,0.6782190799713135
MFX,combined,reg,k_AAATATCCTACCGAGGACAAA,0.6748774528503418
MFX,combined,reg,k_AAAAACCAGTCAAGAAGAAAC,0.6704762935638428
MFX,combined,reg,k_AACTTTATCCGTCGGAGCCAA,0.6690482020378112
MFX,combined,reg,k_AACAAGGAAGAGAAGGAAGAA,0.6687826156616211
MFX,combined,reg,k_ACAGTAGGGCTTAATAAAGCC,0.6615726470947265
MFX,combined,reg,k_AGTTGACTTACAAGATTAGAC,0.661251163482666
MFX,combined,reg,k_CGTTTTTTAATTTTAGAGACC,0.6611740112304687
MFX,combined,reg,k_AACTTCATTTGGATAAACTGT,0.6602267265319824
MFX,combined,reg,k_AAAAAAAGGATTAGATTATTG,0.6596212387084961
MFX,combined,reg,k_AAATCCGTGTGGCAGAAGTCA,0.6530678749084473
MFX,combined,reg,k_AAGGTTAGAAGAAATCAAGAC,0.6497537612915039
MFX,combined,reg,k_AAAGGCTTGAGGCAGGATTTG,0.6473816305398941
MFX,combined,reg,k_AGCAGGCAAGAAACTAGCACG,0.6467725604772568
MFX,combined,reg,k_AAGCGCAAGGTCAAGGTATTG,0.6445931434631348
MFX,combined,reg,k_ATAGACATAAGAAGTCGTCGC,0.641057825088501
MFX,combined,reg,k_AGATATTCTCGCATTTTGGGA,0.6407348155975342
MFX,combined,reg,t_serotype_15B,0.6401969060301781
MFX,combined,reg,k_AAATAGCAGATGTTTTTCAAA,0.6400208950042725
MFX,combined,reg,k_ATCAAGGGATCTCTTGACACG,0.6399918079376221
MFX,combined,reg,k_AAAAAAACCTCATTTTCTATT,0.6383481502532959
MFX,combined,reg,k_ATCTCATTAAATATGAAATAA,0.6358508586883544
MFX,combined,reg,k_AAATTGCGACCCTCTATGTTC,0.6348659515380859
MFX,combined,reg,k_ACTGGCTACGTAGCTCCAGAT,0.6313201904296875
MFX,combined,reg,k_AAAATACAGTCCACAAGATAT,0.6267528533935547
MFX,combined,reg,k_AAAAAGAGCCAAAACTTATGG,0.6231154441833496
MFX,combined,reg,k_AGAATACATATTATGAATTTG,0.6226617813110351
MFX,combined,reg,k_AAACCGAGTAGGAGCTAAGAC,0.6185787200927735
MFX,combined,reg,k_AAACTTGGCTCAAAATATCCA,0.6177587509155273
MFX,combined,reg,k_AAGAGTTGCTGGAAAAGATGG,0.6122540950775146
MFX,combined,reg,k_AAAGAAAGATTACTAAGAGAT,0.6092667520046235
MFX,combined,reg,k_AGCCAAGGCCAGTTCCTGCCT,0.6066591739654541
MFX,combined,reg,k_CAGTAGATCTCTCGAATAAGG,0.6048186779022217
MFX,combined,reg,k_AAGGGATTTCTCTGGACGATG,0.6036788940429687
MFX,combined,reg,k_AACACAATATGATAGAACACA,0.6020772755146027
MFX,combined,reg,k_AAGAAGAATCACCAGAGGAAT,0.5976685523986817
MFX,combined,reg,k_AAAATCACTGGCCGCCTGACG,0.5965041637420654
MFX,combined,reg,k_ATTCTAACGCCAAACTGGAAG,0.5955064177513123
MFX,combined,reg,k_AACTGATCCTGCCCATGTAGC,0.5951030731201172
MFX,combined,reg,k_AATCTTGATCAGGAGCAAGTG,0.5946266174316406
MFX,combined,reg,k_AACCCTTATACTTACTATAAA,0.5935355946421623
MFX,combined,reg,k_AAAATACGGGCAATATCGCGC,0.5911660194396973
MFX,combined,reg,k_AATTGTTTCAGCAAGACCGTC,0.5901875019073486
MFX,combined,reg,k_ATACCTTATTTCAGGCTTATA,0.5858879089355469
MFX,combined,reg,k_TAAACCAGATAAGGACCAAGA,0.5854837417602539
MFX,combined,reg,k_ACATTTGACCGTGCTGGGGGC,0.5851326704025268
MFX,combined,reg,k_CCGACATGTTCTTTGTTATAC,0.580172348022461
MFX,combined,reg,k_AAAAGTCCTGTGGACTTTTTC,0.5779893293976783
MFX,combined,reg,k_ACTACAAGCAAATAGTAGGGG,0.5775784969329834
MFX,combined,reg,k_AAAAAGACGACTTCATTGACG,0.5770986557006836
MFX,combined,reg,k_ACAATCCTTTGCTCATCAAGG,0.5757845878601074
MFX,combined,reg,k_ATTATTGCAAGCAACATGGGC,0.5755043983459472
MFX,combined,reg,k_ACGGCTCATACCACGAACGGC,0.5735244750976562
MFX,combined,reg,k_AGATAGACCTGCCCTAGGCTA,0.5712574481964111
MFX,combined,reg,k_AAAAGGAAGAACCCCTTGAAC,0.5685937881469727
MFX,combined,reg,k_AAGTTGACCGATCTATCGGCG,0.5676161766052246
MFX,combined,reg,k_AAGGGGCGGAGGGATTCGTCT,0.5657358646392823
MFX,combined,reg,k_AAAAATAGAAGAAAAAGAACA,0.5655065536499023
MFX,combined,reg,k_AATAGCCCTGAGCGAGACTAC,0.5651729583740235
MFX,combined,reg,k_ACTGTCTTCAATCGCAACACC,0.5611793041229248
MFX,combined,reg,k_AAGACATTAATTCCCTCAACA,0.5605079650878906
MFX,combined,reg,k_AACATTTCATCTGGAGCTACG,0.5571630477905274
SXT,kmer,reg,k_AACAGACTGGACGTCCTGAAA,457.2939453125
SXT,kmer,reg,k_AAGAAAAGAATCTCTACATTA,454.44585571289065
SXT,kmer,reg,k_CTCAAAAAGAGACAAGTCAAG,295.1363189697266
SXT,kmer,reg,k_ATTTTGACGCGTAATCCGGAA,291.2310729980469
SXT,kmer,reg,k_AAGCTCTGTCTCAGGATTGAC,269.2591850280762
SXT,kmer,reg,k_GAGGCTAGAAGCTCTCATGGC,220.111962890625
SXT,kmer,reg,k_AATCGATCTCAGAAGCGAGGC,212.70179443359376
SXT,kmer,reg,k_ATGGGGTTGCTACTTTTCAGG,202.51412353515627
SXT,kmer,reg,k_AAAAATTTGCTTCCCACCGAT,188.74954223632812
SXT,kmer,reg,k_AAAAGAATCTCTACATTATCG,182.17987365722655
SXT,kmer,reg,k_GCTTCTGAGATCGATTCCCCA,156.6129150390625
SXT,kmer,reg,k_ACCTTGATGAAGTGATTGTCA,119.57440185546875
SXT,kmer,reg,k_AGTGATCAAAGCGATTCGCAA,89.67865600585938
SXT,kmer,reg,k_AGGATATTTTCTGGTGCAATA,82.33529624938964
SXT,kmer,reg,k_AAGGAGCCAGTATGCTCGATA,78.06178588867188
SXT,kmer,reg,k_AGAAGGAGCCAGTATGCTCGA,72.27532348632812
SXT,kmer,reg,k_AGCCAGTATGCTCGATATCGG,67.52128295898437
SXT,kmer,reg,k_AGGCTAGAAGCTCTCATGGCA,66.32796020507813
SXT,kmer,reg,k_GCTTTCTTTGAACGAGCACTA,63.580613708496095
SXT,kmer,reg,k_AACGTTTGGAAATGTCGATCT,62.0043701171875
SXT,kmer,reg,k_AGATCGATTCCCCATTGATGC,60.684914398193364
SXT,kmer,reg,k_AATGTCCGACTCATAATCACC,58.81829071044922
SXT,kmer,reg,k_ACCAGTCAAGAACAGACTGGA,50.8768575668335
SXT,kmer,reg,k_CACCAGAAAATATCCTGTTGG,38.75108032226562
SXT,kmer,reg,k_AACTGTCTTTGCATGATTGGC,36.850732421875
SXT,kmer,reg,k_AAAATCCTTGAGGGAGTGACC,35.36278076171875
SXT,kmer,clf,k_AGATCGATTCCCCATTGATGC,35.060568237304686
SXT,kmer,reg,k_ATATGTTGGACTTGCTGGGAG,35.04169921875
SXT,kmer,reg,k_AGTGCTCGTTCAAAGAAAGCC,33.88508987426758
SXT,kmer,clf,k_AAGAAAAGAATCTCTACATTA,32.852387237548825
SXT,kmer,reg,k_AAGCTGGTATTGCACCAGAAA,29.735980224609374
SXT,kmer,reg,k_AATCTAGTCAATGATATCACT,29.609545898437503
SXT,kmer,reg,k_ATCAAAGCGATTCGCAAGGAA,27.942343139648436
SXT,kmer,reg,k_AACAAACAGAAAGCAATCCCA,27.813965797424316
SXT,kmer,clf,k_ACAATCACTTCATCAAGGTAA,27.158130073547362
SXT,kmer,reg,k_ACTAGTACTCAATGCGAATGA,25.45746612548828
SXT,kmer,reg,k_AAAAGTCGGAGCAGCATGTTG,24.79449462890625
SXT,kmer,reg,k_AAATCGGGACACGGCTTCGGC,24.406753158569334
SXT,kmer,reg,k_ATAAATCAACCATTTTGGATG,24.091456604003906
SXT,kmer,reg,k_AAGATATAAGGTTCCACCTAT,23.690280151367187
SXT,kmer,reg,k_ACTTTGAAACATTGCCAATCG,23.662434387207032
SXT,kmer,reg,k_ACAAACAATCTCTATCAACAA,23.522814941406253
SXT,kmer,reg,k_CCCGGCCGAGTCGATTCTCCG,23.32665100097656
SXT,kmer,clf,k_AATCGATCTCAGAAGCGAGGC,22.93072967529297
SXT,kmer,reg,k_AAACCAAGCTCTGTCTCAGGA,21.215719604492186
SXT,kmer,reg,k_AAGGCAGGTATTATCAAACAA,20.451785278320312
SXT,kmer,clf,k_AACAGACTGGACGTCCTGAAA,19.093873909115793
SXT,kmer,reg,k_CTGCTGGTGCCAATCTAGTCA,18.428424453735353
SXT,kmer,clf,k_AAACAGAAAGCAATCCCATTA,17.60543285012245
SXT,kmer,reg,k_CCAGTGTTAGGAGCTTTAATA,17.3324951171875
SXT,kmer,reg,k_CAAAAGGAACCAGTTTTTTTC,16.862442016601562
SXT,kmer,reg,k_AAATGGTGCTGGCTTGTCTTC,16.631063842773436
SXT,kmer,reg,k_GAAGAGTTAGCTGACTTTGAA,16.57909288406372
SXT,kmer,reg,k_ACCATACTCGCATTGATTAAG,16.56846799850464
SXT,kmer,clf,k_AGCCAGTATGCTCGATATCGG,16.261537170410158
SXT,kmer,reg,k_AACAGGATATTTTCTGGTGCA,16.259799194335937
SXT,kmer,reg,k_AATATGGCTTCTATTGAAAAA,16.228443908691407
SXT,kmer,reg,k_CACCTTGACAGGTAGTTTGGA,16.0854248046875
SXT,kmer,reg,k_CTTGCGAATCGCTTTGATCAC,15.636343383789063
SXT,kmer,reg,k_AAACGCTAGAAGCTGGTGAAG,15.350035095214844
SXT,kmer,reg,k_AATACCAGAATCCATGCCCAC,15.121841430664062
SXT,kmer,clf,k_GCTTCTGAGATCGATTCCCCA,15.050829148292541
SXT,kmer,reg,k_GTCTCAAAAAGAGACAAGTCA,14.942243957519532
SXT,kmer,clf,k_AAGCTCTGTCTCAGGATTGAC,14.738873934745788
SXT,kmer,reg,k_AAGGAGATACCTATTTCCCTG,14.507215118408203
SXT,kmer,reg,k_AAAATATCCTGTTGGATCCAG,14.482289505004882
SXT,kmer,clf,k_AAAAATTTGCTTCCCACCGAT,14.33532295227051
SXT,kmer,reg,k_AAATAGCATCAGATAAGGACA,13.793260192871093
SXT,kmer,reg,k_AGCGGCAGAAGCTGGTATTGC,13.276887512207031
SXT,kmer,reg,k_ACACATAGTAGTAAACACACT,13.274230813980102
SXT,kmer,reg,k_AGCATTCTCTATCTGGTGCAA,13.229678344726562
SXT,kmer,clf,k_AGAAGGAGCCAGTATGCTCGA,13.17047119140625
SXT,kmer,clf,k_ACCTTGATGAAGTGATTGTCA,12.881156122684478
SXT,kmer,reg,k_AGGGAAATAGGTATCTCCTTC,12.864077353477478
SXT,kmer,reg,k_AAGACCTTCTTGAGCCTGAGC,12.725939083099366
SXT,kmer,reg,k_CGACGCCATCGTTTTCTTTCC,12.71126708984375
SXT,kmer,reg,k_CCTAATGTCCGACTCATAATC,11.907501220703125
SXT,kmer,reg,k_AAACAGAAAGCAATCCCATTA,11.6089111328125
SXT,kmer,reg,k_CATTTGCCAGCAGAATTGCAG,11.5589111328125
SXT,kmer,reg,k_AACCTTAGCCGATGTGGAAGC,11.518315887451172
SXT,kmer,reg,k_AAACTTCTGATGACGTACAGT,11.058668518066407
SXT,kmer,reg,k_AAAAAGATGCTAGAAAAGCTA,11.04619903564453
SXT,kmer,reg,k_AGTCCCCCAAATAGGCATGGC,10.713433837890625
SXT,kmer,clf,k_AAGGAGCCAGTATGCTCGATA,10.710325622558594
SXT,kmer,reg,k_AAAAACTGTAAAGAGGGTCGG,10.69879608154297
SXT,kmer,reg,k_CTGTGGGATTCAATGTGCGCA,10.676089477539062
SXT,kmer,reg,k_AAAACGTTCTTGCAAGGTTAC,10.665800476074219
SXT,kmer,reg,k_AACAGGACAAATTAATCAGGA,10.61845703125
SXT,kmer,reg,k_ATAAATTCATGAAAAAAAGAG,10.481522560119629
SXT,kmer,reg,k_AAGATAACAGTTAAGCCCGCA,10.404977416992187
SXT,kmer,reg,k_AGCGAGAGCAGAGGAAGCTGG,10.375837707519532
SXT,kmer,reg,k_CTAGAACTCTTGTGTGAAGAG,10.318585205078126
SXT,kmer,reg,k_AAAGACAGTTATTTGCGGAAT,10.26881103515625
SXT,kmer,reg,k_AAATGCGGTTGATCCGTCCGG,10.25765380859375
SXT,kmer,reg,k_AAAATCATCAAGGGATCTCTT,9.89386053085327
SXT,kmer,reg,k_AATACGGGTATCAACTGGTAC,9.816165161132812
SXT,kmer,reg,k_AAAAATCGTACATTTCCTTGG,9.71773681640625
SXT,kmer,reg,k_AAGACTACTTAATCGAACATT,9.707374954223633
SXT,kmer,clf,k_ATATGTTGGACTTGCTGGGAG,9.643265533447266
SXT,kmer,reg,k_ACCTGCATAAAAGTAAGGCAG,9.639288330078125
SXT,kmer,reg,k_ACAAATTGGAGCAAGCAAGGC,9.6173583984375
SXT,kmer,clf,k_AAGCTGGTATTGCACCAGAAA,9.58160858154297
SXT,kmer,reg,k_AGTTTGAGATGGGGATTGCCA,9.503482055664062
SXT,kmer,reg,k_CGCTAATATTTTTTTAAAAAA,9.23495101928711
SXT,kmer,reg,k_AAACAGAAATCCCTAATGTCC,9.2192715883255
SXT,kmer,reg,k_AAACATTGACAGCACCTGGAA,9.194381713867188
SXT,kmer,reg,k_AACATGAGGGAAAAAGAACTA,9.150546264648437
SXT,kmer,reg,k_AAATCCAAAAGAAAATGGAAA,9.01728515625
SXT,kmer,reg,k_CTCGCATTTTCTCTGGAAGCA,8.989688110351562
SXT,kmer,reg,k_ACGACCTTGGTAATGCCAGTA,8.988540649414062
SXT,kmer,reg,k_ATGGCCTTACGTTTGTATGGG,8.971466064453125
SXT,kmer,reg,k_AATACTCCAGAGCTTGGACCG,8.949681091308594
SXT,kmer,reg,k_ACATTCCTTGAAGAAGGAGAT,8.9100341796875
SXT,kmer,clf,k_AGTGATCAAAGCGATTCGCAA,8.881459808349609
SXT,kmer,clf,k_AAAATCCTTGAGGGAGTGACC,8.853280639648437
SXT,kmer,clf,k_GCTTTCTTTGAACGAGCACTA,8.792547798156738
SXT,kmer,reg,k_AATCAGGGCGGGCAAAGTAGA,8.779437255859374
SXT,kmer,reg,k_AAAGATAAATTAACCCATGCG,8.638252449035644
SXT,kmer,reg,k_AAAAATCTGCAAGATACCCGG,8.63500871658325
SXT,kmer,reg,k_ACAAAGGAGATAGGTGATGAA,8.352001190185547
SXT,kmer,reg,k_ACATTTGGGGTGCTTTAGGCT,8.340577697753906
SXT,kmer,reg,k_AAGATGGTCGAGAGCTAGCAA,8.285224914550781
SXT,kmer,reg,k_GCTCAAGAAAAGAATCTCTAC,8.277023315429688
SXT,kmer,reg,k_ATTCCTGGATCCAACAGGATA,8.26883783340454
SXT,kmer,reg,k_ATATCATTGACTAGATTGGCA,8.252677917480469
SXT,kmer,reg,k_AATTTTTGCAGCTCTGGAACG,8.23238525390625
SXT,kmer,reg,k_AGCAATAACACGGTCTTCGCC,8.18376874923706
SXT,kmer,reg,k_AAGTTGGGGCAATCATGGTAG,8.126065063476563
SXT,kmer,clf,k_ACTTTGAAACATTGCCAATCG,8.016458129882812
SXT,kmer,reg,k_ACCGCTGTGATAGGGAATGAA,7.999127197265625
SXT,kmer,reg,k_AAGGCCGTAGAAGTTGTAGCT,7.972863006591797
SXT,kmer,reg,k_ACTCTTTGAGAGAAGTAGCTG,7.971354675292969
SXT,kmer,reg,k_CTTTGAGAGAAGTAGCTGCTC,7.9491455078125
SXT,kmer,reg,k_AACAGTGTCGCCGTCTTCAGC,7.817172622680664
SXT,kmer,reg,k_ACCTTGCAAGAACGTTTTGCG,7.77640380859375
SXT,kmer,reg,k_AAACATTTATGGGAAAGGAAA,7.7026646673679355
SXT,kmer,reg,k_ACCATTATTATTGCGACCCAC,7.648146057128907
SXT,kmer,reg,k_AAATTCACCAACTACAGTTGC,7.553840637207031
SXT,kmer,reg,k_AATCGCTTTGATCACTGGAAC,7.19613037109375
SXT,kmer,reg,k_AACTTATTTTAACTAAGATGC,7.1863203048706055
SXT,kmer,reg,k_CTGCTCTTGCGGTCAATAGAA,7.013758850097656
SXT,kmer,reg,k_ACTGGCTCCTTCTGCTATCAA,6.861421966552735
SXT,kmer,reg,k_AACCTTTGCTCAAAGACAACT,6.830758666992187
SXT,kmer,reg,k_TATAACCGTTCAAAAAGAGAA,6.7384521484375
SXT,kmer,reg,k_AAGTTGATTGACCGTATTGAA,6.66121826171875
SXT,kmer,reg,k_AAAATTTGCTTGAAACTGTCT,6.652581787109375
SXT,kmer,reg,k_AAAAAAGCTGAAATTAAAATT,6.637717437744141
SXT,kmer,reg,k_AAAGGTAAAACCAATATTAGT,6.627406620979309
SXT,kmer,reg,k_AGAGTTGTTTCTTTAAAGTGC,6.566123199462891
SXT,kmer,reg,k_ATTCTGCTCTAGAAAATCATG,6.46431884765625
SXT,kmer,reg,k_AACTAGAAGCGAATAAAGTCC,6.448246765136719
SXT,kmer,reg,k_AGCATGCCCTCGCTTTTCACC,6.446499784290791
SXT,kmer,clf,k_CACCAGAAAATATCCTGTTGG,6.309161758422851
SXT,kmer,reg,k_ACAGACTGGACGTCCTGAAAA,6.298219680786133
SXT,kmer,reg,k_AGGGTGTGATTGGTAAGGAAA,6.269000625610351
SXT,kmer,reg,k_AAAATGCGGTTGATCCGTCCG,6.207958984375
SXT,kmer,clf,k_AAAAGAATCTCTACATTATCG,6.136513137817383
SXT,kmer,reg,k_AACTATGAGCCAGGTTCCACT,6.107000732421875
SXT,kmer,reg,k_CATTGCTTGCTAGCTCTCGAC,6.090704727172851
SXT,kmer,reg,k_CTGGTATCAGGCTCAAGAAAA,6.073774719238282
SXT,kmer,reg,k_CGGATTCTGTTATCGAGGAAG,6.053805160522461
SXT,kmer,reg,k_ACTCTTCTCCATCCGTTTCAT,6.0239208221435545
SXT,kmer,reg,k_ACTTCCCCAGTATTTTCGCTA,5.960934448242187
SXT,kmer,reg,k_AAAAGGATGGTCTGTTTGAGA,5.936106109619141
SXT,kmer,clf,k_GAAAAGCCTTGAGGGAGTGAC,5.932692337036133
SXT,kmer,reg,k_AACTGTAGTGGGTTGAATAAA,5.930359268188476
SXT,kmer,reg,k_ATGGAAAGTAGGCTCTTAATC,5.849214172363281
SXT,kmer,reg,k_AAATGACACGCTCCTCTGTAT,5.833033752441406
SXT,kmer,reg,k_AAGGAAGTAGAAGTATCCCTA,5.757742309570313
SXT,kmer,reg,k_AAAAAATGCTTTGTCTGATTT,5.71451416015625
SXT,kmer,clf,k_AAACCAAGCTCTGTCTCAGGA,5.696662399172784
SXT,kmer,reg,k_AAAAGTTAATTTTGCAACGTT,5.676198577880859
SXT,kmer,reg,k_AAAAAGCGAGGGTGGTTATTT,5.6741943359375
SXT,kmer,reg,k_AAAATCTGCTTAGCAGGATGA,5.67136923968792
SXT,kmer,reg,k_AACAACCATGCCTTCTACACT,5.66593017578125
SXT,kmer,reg,k_AAAAAACCAGAATAACTTATT,5.664638519287109
SXT,kmer,reg,k_AGGATTCTTCTCATCTTTGGC,5.586580181121826
SXT,kmer,clf,k_AGTGCTCGTTCAAAGAAAGCC,5.5591939210891725
SXT,kmer,reg,k_CCCGTTTTGGAAGCAAGCGAC,5.55877685546875
SXT,kmer,clf,k_AACAAACAGAAAGCAATCCCA,5.505888938903809
SXT,kmer,reg,k_ACCAGAAAATATCCTGTTGGA,5.500139808654785
SXT,kmer,reg,k_AAAAATATACAATCTTTTATA,5.4427490234375
SXT,kmer,reg,k_AAAAAATATCATAAAGGTGAG,5.425146484375
SXT,kmer,reg,k_AAATCCAGCAAACTCAAACCG,5.419767372310162
SXT,kmer,reg,k_GACTTTTAAAGAGATGTTAGC,5.370824337005615
SXT,kmer,reg,k_ACGACAAACAATCTCTATCAA,5.367315673828125
SXT,kmer,reg,k_CTGATCATTTACATAACATAA,5.351065063476563
SXT,kmer,reg,k_AAGGCCTCTTTCATTAGGGCA,5.306544494628906
SXT,kmer,reg,k_AAAAAAAGCAGAGTATACCAT,5.269582366943359
SXT,kmer,reg,k_AAACCAAGGCTGGACTGGCAA,5.263923358917236
SXT,kmer,clf,k_AACTGTCTTTGCATGATTGGC,5.242305755615234
SXT,kmer,clf,k_CTGCTGGTGCCAATCTAGTCA,5.230950498580932
SXT,kmer,reg,k_AAAAAGTATACGCTGCCAAAA,5.22953530550003
SXT,kmer,reg,k_AAAGCCAATCAAACTACTATT,5.218983507156372
SXT,kmer,reg,k_ACAGCGAGTAGGCTTAATCAA,5.203948974609375
SXT,kmer,reg,k_AGATAAATCGAAATCAGTAGA,5.143951416015625
SXT,kmer,reg,k_AAACCGTGAGATAAATCAGCT,5.1255212306976325
SXT,kmer,reg,k_ATTTGAACACGAAAACGACTC,5.075095367431641
SXT,kmer,reg,k_AAAGGGAAAATCGATGATCAG,5.050213623046875
SXT,kmer,reg,k_AAAACAAGAGGTGCACCAAAC,5.015898132324219
SXT,combined,reg,k_AAAAGAATCTCTACATTATCG,497.09906005859375
SXT,combined,reg,k_ATGGGGTTGCTACTTTTCAGG,256.3676483154297
SXT,combined,reg,k_AAGAAAAGAATCTCTACATTA,241.57780685424805
SXT,combined,reg,k_AACAGACTGGACGTCCTGAAA,184.7325927734375
SXT,combined,reg,k_ACCAGCTTCTGCCGCTCTCGC,181.38350830078124
SXT,combined,reg,k_AATCGATCTCAGAAGCGAGGC,177.44285888671874
SXT,combined,reg,k_CTCAAAAAGAGACAAGTCAAG,176.1748291015625
SXT,combined,reg,k_GACTATTGCTTTTTTGAAAAA,171.54864501953125
SXT,combined,reg,k_AAAAATTTGCTTCCCACCGAT,167.19660186767578
SXT,combined,reg,k_GCTTCTGAGATCGATTCCCCA,159.85396728515624
SXT,combined,reg,k_ACGTCCAGTCTGTTCTTGACT,141.87006011009217
SXT,combined,reg,k_AAACCAAGCTCTGTCTCAGGA,134.08601264953614
SXT,combined,reg,k_ACCTTGATGAAGTGATTGTCA,130.739794921875
SXT,combined,reg,k_CACCAGAAAATATCCTGTTGG,119.66270751953125
SXT,combined,reg,k_AACAAACAGAAAGCAATCCCA,114.54338989257812
SXT,combined,reg,k_CTTGCGAATCGCTTTGATCAC,91.470166015625
SXT,combined,reg,k_AGCCAGTATGCTCGATATCGG,79.48880004882812
SXT,combined,reg,k_AGAAGGAGCCAGTATGCTCGA,72.647509765625
SXT,combined,reg,k_AAGGAGCCAGTATGCTCGATA,71.11290893554687
SXT,combined,reg,k_ATTTTGACGCGTAATCCGGAA,66.86624755859376
SXT,combined,reg,k_GCTTTCTTTGAACGAGCACTA,45.4314208984375
SXT,combined,reg,k_AAAGACAGTTATTTGCGGAAT,36.64970397949219
SXT,combined,reg,k_ATATCATTGACTAGATTGGCA,35.052632141113286
SXT,combined,reg,k_AAATCCTCTTCACTTGTATCA,33.68331298828125
SXT,combined,reg,k_ACCAGTCAAGAACAGACTGGA,31.793777346611023
SXT,combined,reg,k_AGTGCTCGTTCAAAGAAAGCC,30.941055297851562
SXT,combined,reg,k_AATCTAGTCAATGATATCACT,30.88487548828125
SXT,combined,reg,k_AGAGTTGTTTCTTTAAAGTGC,30.30078556537628
SXT,combined,reg,k_ACTAGTACTCAATGCGAATGA,30.126373291015625
SXT,combined,clf,k_ACCAGCTTCTGCCGCTCTCGC,29.16771240234375
SXT,combined,reg,k_AACGTTTGGAAATGTCGATCT,28.71690139770508
SXT,combined,reg,k_CCTCCATTGGGACTAGTACTC,25.83204040527344
SXT,combined,reg,k_AAGATCGACATTTCCAAACGT,24.249139404296876
SXT,combined,clf,k_AAGCTCTGTCTCAGGATTGAC,23.043733024597167
SXT,combined,reg,k_AAAATATCCTGTTGGATCCAG,21.541661262512207
SXT,combined,reg,k_ATGTAGAGATTCTTTTCTTGA,21.52342071533203
SXT,combined,reg,k_AAGACCACCTAAGAAAGTAGC,20.345806884765626
SXT,combined,reg,k_ATCCTTGAGGGAGTGACCGAT,20.09224853515625
SXT,combined,reg,k_ACAAACAATCTCTATCAACAA,19.32161865234375
SXT,combined,reg,k_AGTGATCAAAGCGATTCGCAA,19.040208435058595
SXT,combined,clf,k_AAGAAAAGAATCTCTACATTA,18.62294292449951
SXT,combined,reg,k_AAAAAGATGCTAGAAAAGCTA,18.44800720214844
SXT,combined,reg,k_CACCTTGACAGGTAGTTTGGA,18.274340820312503
SXT,combined,clf,k_ACCTTGATGAAGTGATTGTCA,18.22968388795853
SXT,combined,clf,k_GCTTCTGAGATCGATTCCCCA,18.053390502929688
SXT,combined,reg,k_ACTTTGAAACATTGCCAATCG,17.697828674316405
SXT,combined,clf,k_AATCGATCTCAGAAGCGAGGC,17.6086236000061
SXT,combined,reg,k_AATAGAAGCCATATTGGGTCT,17.275758361816408
SXT,combined,clf,k_AGAAGGAGCCAGTATGCTCGA,16.750692749023436
SXT,combined,reg,k_ATATGTTGGACTTGCTGGGAG,16.56445770263672
SXT,combined,reg,k_GCTTTTTTGAAAAAGATGCTA,16.125054931640626
SXT,combined,reg,k_AAGATGGTCGAGAGCTAGCAA,16.083204650878905
SXT,combined,reg,k_GAAGAGTTAGCTGACTTTGAA,15.723761051893234
SXT,combined,reg,k_AGCATTCTCTATCTGGTGCAA,15.216952514648439
SXT,combined,reg,k_AAATCGATTAGGAATTTAAAG,15.192428588867188
SXT,combined,reg,k_CCTAATGTCCGACTCATAATC,15.025486373901368
SXT,combined,reg,k_ATTGGTTTGATAGAGGCGGGA,14.994097900390624
SXT,combined,clf,k_AAAAATTTGCTTCCCACCGAT,14.832817077636719
SXT,combined,reg,k_AATGTAGAGATTCTTTTCTTG,14.665142059326172
SXT,combined,reg,k_AAACAGAAAGCAATCCCATTA,14.479443359375
SXT,combined,reg,k_AAATAGTCTGACTTATAATTG,14.33804931640625
SXT,combined,clf,k_AAAAGAATCTCTACATTATCG,14.332793426513671
SXT,combined,reg,k_AAAAAAACGATAGAACTTTTG,13.7752197265625
SXT,combined,reg,k_ACTCTCCATTGATTTCATCGA,13.684033203125
SXT,combined,reg,k_ATTCTGCTCTAGAAAATCATG,13.667274475097656
SXT,combined,reg,k_ATCAGCCAGACGAATGGCAGA,13.6668701171875
SXT,combined,reg,k_ACTGGCTCCTTCTGCTATCAA,13.488212585449219
SXT,combined,reg,k_AAACCGGCAAAGATGATTCCA,13.487193918228149
SXT,combined,reg,k_ACCTGCATAAAAGTAAGGCAG,13.42900390625
SXT,combined,reg,k_ACTATCATGTCAGTATTAGAG,13.428500366210937
SXT,combined,reg,k_ACCAGAAAATATCCTGTTGGA,13.262481689453125
SXT,combined,reg,k_AACGTTTGGAAATGTCTATCT,13.259149456024169
SXT,combined,reg,k_AACGGGTGCTGACGAGGCCTT,12.944898986816407
SXT,combined,reg,k_AAACCTTTCTCGTGGTCACCA,12.940362548828125
SXT,combined,reg,k_AAACCAAGGCTGGACTGGCAA,12.90553512573242
SXT,combined,reg,k_AAACCATAGACGTTTGCAGTG,12.8662841796875
SXT,combined,clf,k_AGCCAGTATGCTCGATATCGG,12.660034942626954
SXT,combined,reg,k_AACAGACCGACTACTCCAGCT,12.56568603515625
SXT,combined,reg,k_AACAGGATATTTTCTGGTGCA,12.562525939941406
SXT,combined,reg,k_AAACGCTAGAAGCTGGTGAAG,12.485159301757813
SXT,combined,reg,k_GTCTCAAAAAGAGACAAGTCA,12.045853424072266
SXT,combined,reg,t_ST_2296,11.97564697265625
SXT,combined,reg,k_ACGACAAACAATCTCTATCAA,11.90570068359375
SXT,combined,clf,k_CACCAGAAAATATCCTGTTGG,11.7020263671875
SXT,combined,reg,k_AGACCTGCATAAAAGTAAGGC,11.70106201171875
SXT,combined,reg,k_AATCGCTTTGATCACTGGAAC,11.469744873046874
SXT,combined,reg,k_AAGCCAATTCCTGGATCCAAC,11.442502593994142
SXT,combined,clf,k_CTGTTGGATCCAGGAATTGGC,11.346297281980513
SXT,combined,reg,k_AATTCTGCTGGCAAATGCCAA,11.19333610534668
SXT,combined,reg,k_ACAGACTGGACGTCCTGAAAA,11.191441345214844
SXT,combined,reg,k_AACTATTGGCTTGGATCATGT,11.008969116210938
SXT,combined,reg,k_GTGGTTAATGTTGGTAAGAAA,10.883834075927734
SXT,combined,clf,k_AAACCAAGCTCTGTCTCAGGA,10.663207507133485
SXT,combined,reg,k_AAAAACCTTGCAGGGCGTATG,10.613763713836669
SXT,combined,reg,k_GACTTGTCTCTTTTTGAGACA,10.540575408935547
SXT,combined,reg,k_AGACGTTGTTGACGTAACTGG,10.505887603759765
SXT,combined,reg,k_AACAGAAGTTGTTTCAAAAAC,10.46065673828125
SXT,combined,reg,k_GCAAACTAGAAAGCTAGGCGC,10.30355224609375
SXT,combined,clf,k_AACAGACTGGACGTCCTGAAA,10.300590538978575
SXT,combined,reg,k_AAGATTTAAAAGGGACAGGTC,10.298117065429688
SXT,combined,reg,k_ATTGCCGTGGTGTGATTGCCA,10.293924713134766
SXT,combined,reg,k_AACGCTCTGCTACAGGTGCTC,10.2661847114563
SXT,combined,reg,k_AAAAAGTATACGCTGCCAAAA,10.264169692993164
SXT,combined,reg,k_AAGGACAATCGTCTGCCTTGG,10.223434448242188
SXT,combined,reg,k_AGCTATACAGGATGTGATGGA,10.122976207733155
SXT,combined,reg,k_AATCGCTTGCGCGACACTCCG,9.961309814453125
SXT,combined,clf,k_CTTGCGAATCGCTTTGATCAC,9.915803527832031
SXT,combined,reg,k_CGGATGAATTATAAAACCACG,9.734174346923828
SXT,combined,reg,k_AAACCACTGTAGATATCACCA,9.72419548034668
SXT,combined,reg,k_CCCATCAAAGGTCACACGCCC,9.675933837890625
SXT,combined,reg,k_AGCGGCAGAAGCTGGTATTGC,9.378031158447266
SXT,combined,reg,k_AGTCCCCCAAATAGGCATGGC,9.350635528564453
SXT,combined,reg,k_AAAGCGATGCAGATATAGAAA,9.266709899902343
SXT,combined,reg,k_AAGATAGCACTAAACCGACTG,9.03790283203125
SXT,combined,reg,k_AAAATCATCAAGGGATCTCTT,9.036841130256652
SXT,combined,reg,k_AAGATATAAGGTTCCACCTAT,8.72781753540039
SXT,combined,reg,k_CTCGCATTTTCTCTGGAAGCA,8.723611450195312
SXT,combined,clf,k_AAACAGAAAGCAATCCCATTA,8.699896693229675
SXT,combined,reg,k_AAGCTGGTATTGCACCAGAAA,8.589251232147216
SXT,combined,reg,k_CTCAGAATATCAAATGGAACC,8.577046966552734
SXT,combined,reg,k_AAAATGAACTGACTGTTATCC,8.561000061035156
SXT,combined,reg,k_AAAATAATTTCATACTTTTCT,8.414437866210937
SXT,combined,reg,k_ACCCGAGCATGAATGTGAGTG,8.170913314819336
SXT,combined,reg,k_ACTTGACTCTTCCAAGTATCA,8.15403060913086
SXT,combined,reg,k_AAAGCCAATTCCTGGATCCAA,7.992867851257325
SXT,combined,reg,k_ACCATACTCGCATTGATTAAG,7.9229888916015625
SXT,combined,reg,k_AACCACGAAAGAGCCACTTCT,7.913473510742188
SXT,combined,reg,k_AAAATGGGCTGACAGACATTG,7.845425128936768
SXT,combined,reg,k_AACCTTGCAAGAACGTTTTGC,7.748907470703125
SXT,combined,reg,k_AAAATCAAGGATTTTGAAGAT,7.663902282714844
SXT,combined,reg,k_AAAAGGCTGAACTGATTTGCA,7.610079956054688
SXT,combined,reg,k_ACAAAGGAGATAGGTGATGAA,7.609608459472657
SXT,combined,reg,k_ACTCTTCCAAGTATCAATAGA,7.536714172363281
SXT,combined,reg,k_AATATCCTGTTGGATCCAGGA,7.427283668518067
SXT,combined,clf,k_AACCTTGCAAGAACGTTTTGC,7.33712158203125
SXT,combined,reg,k_AACATTCTTGCCAAACTTGAA,7.31107177734375
SXT,combined,reg,k_TATAGTCAGGCTTCTCATGAA,7.2795166015625
SXT,combined,reg,k_CTCTTTTTGAACGGTTATAAA,7.157861328125
SXT,combined,reg,k_AATACTCCAGAGCTTGGACCG,7.153144836425781
SXT,combined,clf,k_AAGGAGCCAGTATGCTCGATA,7.132234954833985
SXT,combined,reg,k_AATGGTGGTCGTGTCATCGCT,7.080593109130859
SXT,combined,reg,k_CCTGTAGATAAGACTGACGAA,6.846374607086182
SXT,combined,reg,k_AAAAAGATAAATTAACCCATG,6.831796741485595
SXT,combined,reg,k_ATATTATTTCTCTATTTTACC,6.77257194519043
SXT,combined,reg,k_AAAGTCCCGCTAATAAATATT,6.73947422504425
SXT,combined,reg,k_AAAGCTTCTCTCTTTTCCATA,6.686150360107422
SXT,combined,reg,k_AAACAGAAATCCCTAATGTCC,6.623195648193359
SXT,combined,reg,t_serotype_18C,6.610112237930299
SXT,combined,reg,k_AAATAGCTGTCTTTGCATGAT,6.603011131286621
SXT,combined,clf,k_ACAATCACTTCATCAAGGTAA,6.505953025817871
SXT,combined,reg,k_ACTTCCCCAGTATTTTCGCTA,6.455891418457031
SXT,combined,reg,k_ATTCCTGGATCCAACAGGATA,6.416208982467651
SXT,combined,reg,k_ACTTCCAGAGAAAATGCGAGA,6.363339233398437
SXT,combined,reg,k_AATATGGCTTCTATTGAAAAA,6.35380859375
SXT,combined,reg,k_AAGGCCTACGCCCACAATACA,6.343295669555664
SXT,combined,reg,k_AGAGCCATAGAGATAGCTGCC,6.341055297851563
SXT,combined,reg,k_AATATCTATGAAGCAACCAAA,6.33691177368164
SXT,combined,reg,k_AGGATATTTTCTGGTGCAATA,6.328380966186524
SXT,combined,reg,k_AACAACCATGCCTTCTGCACT,6.318927001953125
SXT,combined,reg,k_AAGACAATTAAGGCTAAGAAA,6.292817687988281
SXT,combined,reg,k_AAGGATGAAAATCAAAAAAGG,6.290518951416016
SXT,combined,reg,k_ACGCTGCCAAAATGAATTACT,6.281625747680664
SXT,combined,reg,k_ACCCCTTTTTTCTTAAGCGTA,6.224382019042968
SXT,combined,reg,k_AAAGCCATTATAACTGTTGTT,6.211590957641602
SXT,combined,reg,k_CAAAAGGAACCAGTTTTTTTC,6.18902816772461
SXT,combined,reg,k_AATGTCCGACTCATAATCACC,6.182497787475586
SXT,combined,reg,k_AGAGTTGAGATACCTAAACCA,6.035087752342224
SXT,combined,reg,k_AATACGATCACCAAACCCAGA,6.022568538784981
SXT,combined,reg,k_AAACGTATGGATTTTCAAATT,6.004817962646484
SXT,combined,reg,k_ACCAGATTCCTTTTATCAAGG,5.996241760253906
SXT,combined,reg,k_AAAAATTTCATTTTGATCTAA,5.984833741188049
SXT,combined,reg,k_CGACGATACCACTAATTAAAG,5.974853515625
SXT,combined,reg,k_AATCCAGCTGAACAACCAAAA,5.953680419921875
SXT,combined,reg,k_AAAATCGGCTCTATAATATTT,5.9259796142578125
SXT,combined,reg,k_AATTTGATAATGAGATGAAAC,5.897106552124024
SXT,combined,clf,k_ATATGTTGGACTTGCTGGGAG,5.894301605224609
SXT,combined,reg,k_CCATCTTCTTCAAAGCGAATC,5.863486099243164
SXT,combined,reg,k_TTAATTTTTTCGATGCGCAAA,5.781877899169922
SXT,combined,reg,k_CCCGTTTTGGAAGCAAGCGAC,5.720175302028656
SXT,combined,reg,k_AACCGAGCTCCTTCACGGATA,5.59940185546875
SXT,combined,reg,k_GATTCTACTTCATAACTTGAA,5.59410400390625
SXT,combined,reg,k_AAAGATGTTTTTAATTTGCAT,5.560289764404297
SXT,combined,reg,k_CTGCTGGTGCCAATCTAGTCA,5.488064855337143
SXT,combined,reg,k_AGAAATTTATACTTTGTTTAT,5.477735137939453
SXT,combined,reg,k_AAGTCGTTACAAAACCTGAAG,5.3468643665313715
SXT,combined,reg,k_AAGTCATATTTCTTCATTTGA,5.346250987052918
SXT,combined,reg,k_AATAAGAGAATTAAGGTAAAA,5.33941764831543
SXT,combined,reg,k_ACCTCAGAATCCAGCAACATC,5.302677154541016
SXT,combined,reg,k_AGATAACAATAAGTCAAAAGA,5.230305480957031
SXT,combined,reg,k_AAAATGGGCGTTTGGAGTATA,5.216434574127197
SXT,combined,reg,k_AAAATCGTCTGCCTTGGCATT,5.143450164794922
SXT,combined,reg,k_ACTATCGGAAGCACAAGCTGG,5.141548156738281
SXT,combined,reg,k_CTCTAAAATCAAAGGCCAAAC,5.111462450027466
SXT,combined,reg,k_AAAATACGATACCAATAATCG,5.069718933105468
SXT,combined,reg,t_serotype_2,5.042924499511718
SXT,combined,reg,k_AAGCAGATTTTCTTTCTTGGT,5.024285125732422
SXT,combined,clf,k_ATTCCTGGATCCAACAGGATA,5.004838478565216
SXT,combined,reg,k_CATTTCTTTTTACCAGAATAA,5.002835464477539
SXT,combined,reg,k_CAACACTATGCCACAATGGGC,4.9849708557128904
SXT,combined,reg,k_AGAGTGCGGTCCACTTCACGG,4.971074867248536
